v 0.000 40.000 0.000
v 0.000 39.231 8.194
v 0.000 36.955 16.073
v 0.000 33.259 23.334
v 0.000 28.284 29.698
v 0.000 22.223 34.922
v 0.000 15.307 38.803
v 0.000 7.804 41.193
v 0.000 0.000 42.000
v 0.000 -7.804 41.193
v 0.000 -15.307 38.803
v 0.000 -22.223 34.922
v 0.000 -28.284 29.698
v 0.000 -33.259 23.334
v 0.000 -36.955 16.073
v 0.000 -39.231 8.194
v 0.000 -40.000 0.000
v 0.000 -39.231 -8.194
v 0.000 -36.955 -16.073
v 0.000 -33.259 -23.334
v 0.000 -28.284 -29.698
v 0.000 -22.223 -34.922
v 0.000 -15.307 -38.803
v 0.000 -7.804 -41.193
v 0.000 -0.000 -42.000
v 0.000 7.804 -41.193
v 0.000 15.307 -38.803
v 0.000 22.223 -34.922
v 0.000 28.284 -29.698
v 0.000 33.259 -23.334
v 0.000 36.955 -16.073
v 0.000 39.231 -8.194
v 766.735 420.041 0.000
v 766.735 411.970 86.043
v 766.735 388.067 168.780
v 766.735 349.251 245.030
v 766.735 297.014 311.864
v 766.735 233.362 366.714
v 766.735 160.743 407.470
v 766.735 81.946 432.568
v 766.735 0.000 441.043
v 766.735 -81.946 432.568
v 766.735 -160.743 407.470
v 766.735 -233.362 366.714
v 766.735 -297.014 311.864
v 766.735 -349.251 245.030
v 766.735 -388.067 168.780
v 766.735 -411.970 86.043
v 766.735 -420.041 0.000
v 766.735 -411.970 -86.043
v 766.735 -388.067 -168.780
v 766.735 -349.251 -245.030
v 766.735 -297.014 -311.864
v 766.735 -233.362 -366.714
v 766.735 -160.743 -407.470
v 766.735 -81.946 -432.568
v 766.735 -0.000 -441.043
v 766.735 81.946 -432.568
v 766.735 160.743 -407.470
v 766.735 233.362 -366.714
v 766.735 297.014 -311.864
v 766.735 349.251 -245.030
v 766.735 388.067 -168.780
v 766.735 411.970 -86.043
v 1533.469 846.735 0.000
v 1533.469 830.465 173.449
v 1533.469 782.281 340.233
v 1533.469 704.034 493.942
v 1533.469 598.732 628.668
v 1533.469 470.421 739.236
v 1533.469 324.031 821.395
v 1533.469 165.190 871.988
v 1533.469 0.000 889.071
v 1533.469 -165.190 871.988
v 1533.469 -324.031 821.395
v 1533.469 -470.421 739.236
v 1533.469 -598.732 628.668
v 1533.469 -704.034 493.942
v 1533.469 -782.281 340.233
v 1533.469 -830.465 173.449
v 1533.469 -846.735 0.000
v 1533.469 -830.465 -173.449
v 1533.469 -782.281 -340.233
v 1533.469 -704.034 -493.942
v 1533.469 -598.732 -628.668
v 1533.469 -470.421 -739.236
v 1533.469 -324.031 -821.395
v 1533.469 -165.190 -871.988
v 1533.469 -0.000 -889.071
v 1533.469 165.190 -871.988
v 1533.469 324.031 -821.395
v 1533.469 470.421 -739.236
v 1533.469 598.732 -628.668
v 1533.469 704.034 -493.942
v 1533.469 782.281 -340.233
v 1533.469 830.465 -173.449
v 2300.204 1155.071 0.000
v 2300.204 1132.877 236.610
v 2300.204 1067.147 464.128
v 2300.204 960.407 673.809
v 2300.204 816.759 857.597
v 2300.204 641.723 1008.427
v 2300.204 442.027 1120.504
v 2300.204 225.343 1189.521
v 2300.204 0.000 1212.825
v 2300.204 -225.343 1189.521
v 2300.204 -442.027 1120.504
v 2300.204 -641.723 1008.427
v 2300.204 -816.759 857.597
v 2300.204 -960.407 673.809
v 2300.204 -1067.147 464.128
v 2300.204 -1132.877 236.610
v 2300.204 -1155.071 0.000
v 2300.204 -1132.877 -236.610
v 2300.204 -1067.147 -464.128
v 2300.204 -960.407 -673.809
v 2300.204 -816.759 -857.597
v 2300.204 -641.723 -1008.427
v 2300.204 -442.027 -1120.504
v 2300.204 -225.343 -1189.521
v 2300.204 -0.000 -1212.825
v 2300.204 225.343 -1189.521
v 2300.204 442.027 -1120.504
v 2300.204 641.723 -1008.427
v 2300.204 816.759 -857.597
v 2300.204 960.407 -673.809
v 2300.204 1067.147 -464.128
v 2300.204 1132.877 -236.610
v 3066.939 1381.404 0.000
v 3066.939 1354.861 282.973
v 3066.939 1276.251 555.072
v 3066.939 1148.596 805.840
v 3066.939 976.800 1025.640
v 3066.939 767.467 1206.025
v 3066.939 528.640 1340.064
v 3066.939 269.499 1422.604
v 3066.939 0.000 1450.474
v 3066.939 -269.499 1422.604
v 3066.939 -528.640 1340.064
v 3066.939 -767.467 1206.025
v 3066.939 -976.800 1025.640
v 3066.939 -1148.596 805.840
v 3066.939 -1276.251 555.072
v 3066.939 -1354.861 282.973
v 3066.939 -1381.404 0.000
v 3066.939 -1354.861 -282.973
v 3066.939 -1276.251 -555.072
v 3066.939 -1148.596 -805.840
v 3066.939 -976.800 -1025.640
v 3066.939 -767.467 -1206.025
v 3066.939 -528.640 -1340.064
v 3066.939 -269.499 -1422.604
v 3066.939 -0.000 -1450.474
v 3066.939 269.499 -1422.604
v 3066.939 528.640 -1340.064
v 3066.939 767.467 -1206.025
v 3066.939 976.800 -1025.640
v 3066.939 1148.596 -805.840
v 3066.939 1276.251 -555.072
v 3066.939 1354.861 -282.973
v 3833.673 1556.720 0.000
v 3833.673 1526.808 318.886
v 3833.673 1438.222 625.518
v 3833.673 1294.365 908.111
v 3833.673 1100.767 1155.806
v 3833.673 864.867 1359.084
v 3833.673 595.731 1510.133
v 3833.673 303.701 1603.149
v 3833.673 0.000 1634.556
v 3833.673 -303.701 1603.149
v 3833.673 -595.731 1510.133
v 3833.673 -864.867 1359.084
v 3833.673 -1100.767 1155.806
v 3833.673 -1294.365 908.111
v 3833.673 -1438.222 625.518
v 3833.673 -1526.808 318.886
v 3833.673 -1556.720 0.000
v 3833.673 -1526.808 -318.886
v 3833.673 -1438.222 -625.518
v 3833.673 -1294.365 -908.111
v 3833.673 -1100.767 -1155.806
v 3833.673 -864.867 -1359.084
v 3833.673 -595.731 -1510.133
v 3833.673 -303.701 -1603.149
v 3833.673 -0.000 -1634.556
v 3833.673 303.701 -1603.149
v 3833.673 595.731 -1510.133
v 3833.673 864.867 -1359.084
v 3833.673 1100.767 -1155.806
v 3833.673 1294.365 -908.111
v 3833.673 1438.222 -625.518
v 3833.673 1526.808 -318.886
v 4600.408 1677.207 0.000
v 4600.408 1644.980 343.567
v 4600.408 1549.537 673.931
v 4600.408 1394.547 978.397
v 4600.408 1185.964 1245.263
v 4600.408 931.806 1464.274
v 4600.408 641.839 1627.014
v 4600.408 327.207 1727.229
v 4600.408 0.000 1761.067
v 4600.408 -327.207 1727.229
v 4600.408 -641.839 1627.014
v 4600.408 -931.806 1464.274
v 4600.408 -1185.964 1245.263
v 4600.408 -1394.547 978.397
v 4600.408 -1549.537 673.931
v 4600.408 -1644.980 343.567
v 4600.408 -1677.207 0.000
v 4600.408 -1644.980 -343.567
v 4600.408 -1549.537 -673.931
v 4600.408 -1394.547 -978.397
v 4600.408 -1185.964 -1245.263
v 4600.408 -931.806 -1464.274
v 4600.408 -641.839 -1627.014
v 4600.408 -327.207 -1727.229
v 4600.408 -0.000 -1761.067
v 4600.408 327.207 -1727.229
v 4600.408 641.839 -1627.014
v 4600.408 931.806 -1464.274
v 4600.408 1185.964 -1245.263
v 4600.408 1394.547 -978.397
v 4600.408 1549.537 -673.931
v 4600.408 1644.980 -343.567
v 5367.143 1769.371 0.000
v 5367.143 1735.373 362.447
v 5367.143 1634.686 710.965
v 5367.143 1471.179 1032.161
v 5367.143 1251.135 1313.691
v 5367.143 983.010 1544.738
v 5367.143 677.109 1716.420
v 5367.143 345.187 1822.142
v 5367.143 0.000 1857.840
v 5367.143 -345.187 1822.142
v 5367.143 -677.109 1716.420
v 5367.143 -983.010 1544.738
v 5367.143 -1251.135 1313.691
v 5367.143 -1471.179 1032.161
v 5367.143 -1634.686 710.965
v 5367.143 -1735.373 362.447
v 5367.143 -1769.371 0.000
v 5367.143 -1735.373 -362.447
v 5367.143 -1634.686 -710.965
v 5367.143 -1471.179 -1032.161
v 5367.143 -1251.135 -1313.691
v 5367.143 -983.010 -1544.738
v 5367.143 -677.109 -1716.420
v 5367.143 -345.187 -1822.142
v 5367.143 -0.000 -1857.840
v 5367.143 345.187 -1822.142
v 5367.143 677.109 -1716.420
v 5367.143 983.010 -1544.738
v 5367.143 1251.135 -1313.691
v 5367.143 1471.179 -1032.161
v 5367.143 1634.686 -710.965
v 5367.143 1735.373 -362.447
v 6133.878 1830.710 0.000
v 6133.878 1795.534 375.012
v 6133.878 1691.356 735.612
v 6133.878 1522.180 1067.942
v 6133.878 1294.508 1359.233
v 6133.878 1017.088 1598.289
v 6133.878 700.582 1775.923
v 6133.878 357.154 1885.310
v 6133.878 0.000 1922.246
v 6133.878 -357.154 1885.310
v 6133.878 -700.582 1775.923
v 6133.878 -1017.088 1598.289
v 6133.878 -1294.508 1359.233
v 6133.878 -1522.180 1067.942
v 6133.878 -1691.356 735.612
v 6133.878 -1795.534 375.012
v 6133.878 -1830.710 0.000
v 6133.878 -1795.534 -375.012
v 6133.878 -1691.356 -735.612
v 6133.878 -1522.180 -1067.942
v 6133.878 -1294.508 -1359.233
v 6133.878 -1017.088 -1598.289
v 6133.878 -700.582 -1775.923
v 6133.878 -357.154 -1885.310
v 6133.878 -0.000 -1922.246
v 6133.878 357.154 -1885.310
v 6133.878 700.582 -1775.923
v 6133.878 1017.088 -1598.289
v 6133.878 1294.508 -1359.233
v 6133.878 1522.180 -1067.942
v 6133.878 1691.356 -735.612
v 6133.878 1795.534 -375.012
v 6900.612 1892.049 0.000
v 6900.612 1855.694 387.576
v 6900.612 1748.025 760.259
v 6900.612 1573.181 1103.724
v 6900.612 1337.881 1404.775
v 6900.612 1051.166 1651.840
v 6900.612 724.056 1835.427
v 6900.612 369.120 1948.478
v 6900.612 0.000 1986.651
v 6900.612 -369.120 1948.478
v 6900.612 -724.056 1835.427
v 6900.612 -1051.166 1651.840
v 6900.612 -1337.881 1404.775
v 6900.612 -1573.181 1103.724
v 6900.612 -1748.025 760.259
v 6900.612 -1855.694 387.576
v 6900.612 -1892.049 0.000
v 6900.612 -1855.694 -387.576
v 6900.612 -1748.025 -760.259
v 6900.612 -1573.181 -1103.724
v 6900.612 -1337.881 -1404.775
v 6900.612 -1051.166 -1651.840
v 6900.612 -724.056 -1835.427
v 6900.612 -369.120 -1948.478
v 6900.612 -0.000 -1986.651
v 6900.612 369.120 -1948.478
v 6900.612 724.056 -1835.427
v 6900.612 1051.166 -1651.840
v 6900.612 1337.881 -1404.775
v 6900.612 1573.181 -1103.724
v 6900.612 1748.025 -760.259
v 6900.612 1855.694 -387.576
v 7667.347 1915.571 0.000
v 7667.347 1878.764 392.395
v 7667.347 1769.757 769.710
v 7667.347 1592.739 1117.446
v 7667.347 1354.514 1422.239
v 7667.347 1064.234 1672.376
v 7667.347 733.057 1858.245
v 7667.347 373.709 1972.702
v 7667.347 0.000 2011.350
v 7667.347 -373.709 1972.702
v 7667.347 -733.057 1858.245
v 7667.347 -1064.234 1672.376
v 7667.347 -1354.514 1422.239
v 7667.347 -1592.739 1117.446
v 7667.347 -1769.757 769.710
v 7667.347 -1878.764 392.395
v 7667.347 -1915.571 0.000
v 7667.347 -1878.764 -392.395
v 7667.347 -1769.757 -769.710
v 7667.347 -1592.739 -1117.446
v 7667.347 -1354.514 -1422.239
v 7667.347 -1064.234 -1672.376
v 7667.347 -733.057 -1858.245
v 7667.347 -373.709 -1972.702
v 7667.347 -0.000 -2011.350
v 7667.347 373.709 -1972.702
v 7667.347 733.057 -1858.245
v 7667.347 1064.234 -1672.376
v 7667.347 1354.514 -1422.239
v 7667.347 1592.739 -1117.446
v 7667.347 1769.757 -769.710
v 7667.347 1878.764 -392.395
v 8434.082 1933.462 0.000
v 8434.082 1896.311 396.060
v 8434.082 1786.286 776.899
v 8434.082 1607.615 1127.883
v 8434.082 1367.164 1435.522
v 8434.082 1074.174 1687.996
v 8434.082 739.904 1875.600
v 8434.082 377.200 1991.127
v 8434.082 0.000 2030.135
v 8434.082 -377.200 1991.127
v 8434.082 -739.904 1875.600
v 8434.082 -1074.174 1687.996
v 8434.082 -1367.164 1435.522
v 8434.082 -1607.615 1127.883
v 8434.082 -1786.286 776.899
v 8434.082 -1896.311 396.060
v 8434.082 -1933.462 0.000
v 8434.082 -1896.311 -396.060
v 8434.082 -1786.286 -776.899
v 8434.082 -1607.615 -1127.883
v 8434.082 -1367.164 -1435.522
v 8434.082 -1074.174 -1687.996
v 8434.082 -739.904 -1875.600
v 8434.082 -377.200 -1991.127
v 8434.082 -0.000 -2030.135
v 8434.082 377.200 -1991.127
v 8434.082 739.904 -1875.600
v 8434.082 1074.174 -1687.996
v 8434.082 1367.164 -1435.522
v 8434.082 1607.615 -1127.883
v 8434.082 1786.286 -776.899
v 8434.082 1896.311 -396.060
v 9200.816 1951.352 0.000
v 9200.816 1913.858 399.724
v 9200.816 1802.815 784.088
v 9200.816 1622.490 1138.319
v 9200.816 1379.815 1448.805
v 9200.816 1084.113 1703.615
v 9200.816 746.750 1892.955
v 9200.816 380.690 2009.551
v 9200.816 0.000 2048.920
v 9200.816 -380.690 2009.551
v 9200.816 -746.750 1892.955
v 9200.816 -1084.113 1703.615
v 9200.816 -1379.815 1448.805
v 9200.816 -1622.490 1138.319
v 9200.816 -1802.815 784.088
v 9200.816 -1913.858 399.724
v 9200.816 -1951.352 0.000
v 9200.816 -1913.858 -399.724
v 9200.816 -1802.815 -784.088
v 9200.816 -1622.490 -1138.319
v 9200.816 -1379.815 -1448.805
v 9200.816 -1084.113 -1703.615
v 9200.816 -746.750 -1892.955
v 9200.816 -380.690 -2009.551
v 9200.816 -0.000 -2048.920
v 9200.816 380.690 -2009.551
v 9200.816 746.750 -1892.955
v 9200.816 1084.113 -1703.615
v 9200.816 1379.815 -1448.805
v 9200.816 1622.490 -1138.319
v 9200.816 1802.815 -784.088
v 9200.816 1913.858 -399.724
v 9967.551 1969.243 0.000
v 9967.551 1931.404 403.389
v 9967.551 1819.343 791.276
v 9967.551 1637.366 1148.755
v 9967.551 1392.465 1462.088
v 9967.551 1094.053 1719.234
v 9967.551 753.597 1910.310
v 9967.551 384.180 2027.975
v 9967.551 0.000 2067.705
v 9967.551 -384.180 2027.975
v 9967.551 -753.597 1910.310
v 9967.551 -1094.053 1719.234
v 9967.551 -1392.465 1462.088
v 9967.551 -1637.366 1148.755
v 9967.551 -1819.343 791.276
v 9967.551 -1931.404 403.389
v 9967.551 -1969.243 0.000
v 9967.551 -1931.404 -403.389
v 9967.551 -1819.343 -791.276
v 9967.551 -1637.366 -1148.755
v 9967.551 -1392.465 -1462.088
v 9967.551 -1094.053 -1719.234
v 9967.551 -753.597 -1910.310
v 9967.551 -384.180 -2027.975
v 9967.551 -0.000 -2067.705
v 9967.551 384.180 -2027.975
v 9967.551 753.597 -1910.310
v 9967.551 1094.053 -1719.234
v 9967.551 1392.465 -1462.088
v 9967.551 1637.366 -1148.755
v 9967.551 1819.343 -791.276
v 9967.551 1931.404 -403.389
v 10734.286 1970.459 0.000
v 10734.286 1932.597 403.638
v 10734.286 1820.467 791.765
v 10734.286 1638.377 1149.465
v 10734.286 1393.325 1462.991
v 10734.286 1094.728 1720.296
v 10734.286 754.062 1911.490
v 10734.286 384.417 2029.227
v 10734.286 0.000 2068.982
v 10734.286 -384.417 2029.227
v 10734.286 -754.062 1911.490
v 10734.286 -1094.728 1720.296
v 10734.286 -1393.325 1462.991
v 10734.286 -1638.377 1149.465
v 10734.286 -1820.467 791.765
v 10734.286 -1932.597 403.638
v 10734.286 -1970.459 0.000
v 10734.286 -1932.597 -403.638
v 10734.286 -1820.467 -791.765
v 10734.286 -1638.377 -1149.465
v 10734.286 -1393.325 -1462.991
v 10734.286 -1094.728 -1720.296
v 10734.286 -754.062 -1911.490
v 10734.286 -384.417 -2029.227
v 10734.286 -0.000 -2068.982
v 10734.286 384.417 -2029.227
v 10734.286 754.062 -1911.490
v 10734.286 1094.728 -1720.296
v 10734.286 1393.325 -1462.991
v 10734.286 1638.377 -1149.465
v 10734.286 1820.467 -791.765
v 10734.286 1932.597 -403.638
v 11501.020 1970.938 0.000
v 11501.020 1933.067 403.737
v 11501.020 1820.909 791.958
v 11501.020 1638.775 1149.744
v 11501.020 1393.664 1463.347
v 11501.020 1094.995 1720.714
v 11501.020 754.245 1911.955
v 11501.020 384.511 2029.720
v 11501.020 0.000 2069.485
v 11501.020 -384.511 2029.720
v 11501.020 -754.245 1911.955
v 11501.020 -1094.995 1720.714
v 11501.020 -1393.664 1463.347
v 11501.020 -1638.775 1149.744
v 11501.020 -1820.909 791.958
v 11501.020 -1933.067 403.737
v 11501.020 -1970.938 0.000
v 11501.020 -1933.067 -403.737
v 11501.020 -1820.909 -791.958
v 11501.020 -1638.775 -1149.744
v 11501.020 -1393.664 -1463.347
v 11501.020 -1094.995 -1720.714
v 11501.020 -754.245 -1911.955
v 11501.020 -384.511 -2029.720
v 11501.020 -0.000 -2069.485
v 11501.020 384.511 -2029.720
v 11501.020 754.245 -1911.955
v 11501.020 1094.995 -1720.714
v 11501.020 1393.664 -1463.347
v 11501.020 1638.775 -1149.744
v 11501.020 1820.909 -791.958
v 11501.020 1933.067 -403.737
v 12267.755 1971.417 0.000
v 12267.755 1933.537 403.835
v 12267.755 1821.352 792.150
v 12267.755 1639.174 1150.024
v 12267.755 1394.003 1463.703
v 12267.755 1095.261 1721.132
v 12267.755 754.429 1912.420
v 12267.755 384.604 2030.214
v 12267.755 0.000 2069.988
v 12267.755 -384.604 2030.214
v 12267.755 -754.429 1912.420
v 12267.755 -1095.261 1721.132
v 12267.755 -1394.003 1463.703
v 12267.755 -1639.174 1150.024
v 12267.755 -1821.352 792.150
v 12267.755 -1933.537 403.835
v 12267.755 -1971.417 0.000
v 12267.755 -1933.537 -403.835
v 12267.755 -1821.352 -792.150
v 12267.755 -1639.174 -1150.024
v 12267.755 -1394.003 -1463.703
v 12267.755 -1095.261 -1721.132
v 12267.755 -754.429 -1912.420
v 12267.755 -384.604 -2030.214
v 12267.755 -0.000 -2069.988
v 12267.755 384.604 -2030.214
v 12267.755 754.429 -1912.420
v 12267.755 1095.261 -1721.132
v 12267.755 1394.003 -1463.703
v 12267.755 1639.174 -1150.024
v 12267.755 1821.352 -792.150
v 12267.755 1933.537 -403.835
v 13034.490 1971.897 0.000
v 13034.490 1934.007 403.933
v 13034.490 1821.795 792.343
v 13034.490 1639.572 1150.303
v 13034.490 1394.341 1464.058
v 13034.490 1095.527 1721.551
v 13034.490 754.612 1912.885
v 13034.490 384.698 2030.707
v 13034.490 0.000 2070.491
v 13034.490 -384.698 2030.707
v 13034.490 -754.612 1912.885
v 13034.490 -1095.527 1721.551
v 13034.490 -1394.341 1464.058
v 13034.490 -1639.572 1150.303
v 13034.490 -1821.795 792.343
v 13034.490 -1934.007 403.933
v 13034.490 -1971.897 0.000
v 13034.490 -1934.007 -403.933
v 13034.490 -1821.795 -792.343
v 13034.490 -1639.572 -1150.303
v 13034.490 -1394.341 -1464.058
v 13034.490 -1095.527 -1721.551
v 13034.490 -754.612 -1912.885
v 13034.490 -384.698 -2030.707
v 13034.490 -0.000 -2070.491
v 13034.490 384.698 -2030.707
v 13034.490 754.612 -1912.885
v 13034.490 1095.527 -1721.551
v 13034.490 1394.341 -1464.058
v 13034.490 1639.572 -1150.303
v 13034.490 1821.795 -792.343
v 13034.490 1934.007 -403.933
v 13801.224 1972.376 0.000
v 13801.224 1934.477 404.031
v 13801.224 1822.238 792.535
v 13801.224 1639.971 1150.583
v 13801.224 1394.680 1464.414
v 13801.224 1095.793 1721.969
v 13801.224 754.796 1913.349
v 13801.224 384.791 2031.201
v 13801.224 0.000 2070.995
v 13801.224 -384.791 2031.201
v 13801.224 -754.796 1913.349
v 13801.224 -1095.793 1721.969
v 13801.224 -1394.680 1464.414
v 13801.224 -1639.971 1150.583
v 13801.224 -1822.238 792.535
v 13801.224 -1934.477 404.031
v 13801.224 -1972.376 0.000
v 13801.224 -1934.477 -404.031
v 13801.224 -1822.238 -792.535
v 13801.224 -1639.971 -1150.583
v 13801.224 -1394.680 -1464.414
v 13801.224 -1095.793 -1721.969
v 13801.224 -754.796 -1913.349
v 13801.224 -384.791 -2031.201
v 13801.224 -0.000 -2070.995
v 13801.224 384.791 -2031.201
v 13801.224 754.796 -1913.349
v 13801.224 1095.793 -1721.969
v 13801.224 1394.680 -1464.414
v 13801.224 1639.971 -1150.583
v 13801.224 1822.238 -792.535
v 13801.224 1934.477 -404.031
v 14567.959 1972.855 0.000
v 14567.959 1934.947 404.129
v 14567.959 1822.680 792.728
v 14567.959 1640.369 1150.862
v 14567.959 1395.019 1464.770
v 14567.959 1096.059 1722.387
v 14567.959 754.979 1913.814
v 14567.959 384.885 2031.694
v 14567.959 0.000 2071.498
v 14567.959 -384.885 2031.694
v 14567.959 -754.979 1913.814
v 14567.959 -1096.059 1722.387
v 14567.959 -1395.019 1464.770
v 14567.959 -1640.369 1150.862
v 14567.959 -1822.680 792.728
v 14567.959 -1934.947 404.129
v 14567.959 -1972.855 0.000
v 14567.959 -1934.947 -404.129
v 14567.959 -1822.680 -792.728
v 14567.959 -1640.369 -1150.862
v 14567.959 -1395.019 -1464.770
v 14567.959 -1096.059 -1722.387
v 14567.959 -754.979 -1913.814
v 14567.959 -384.885 -2031.694
v 14567.959 -0.000 -2071.498
v 14567.959 384.885 -2031.694
v 14567.959 754.979 -1913.814
v 14567.959 1096.059 -1722.387
v 14567.959 1395.019 -1464.770
v 14567.959 1640.369 -1150.862
v 14567.959 1822.680 -792.728
v 14567.959 1934.947 -404.129
v 15334.694 1973.334 0.000
v 15334.694 1935.417 404.227
v 15334.694 1823.123 792.920
v 15334.694 1640.767 1151.142
v 15334.694 1395.358 1465.126
v 15334.694 1096.326 1722.806
v 15334.694 755.162 1914.279
v 15334.694 384.978 2032.188
v 15334.694 0.000 2072.001
v 15334.694 -384.978 2032.188
v 15334.694 -755.162 1914.279
v 15334.694 -1096.326 1722.806
v 15334.694 -1395.358 1465.126
v 15334.694 -1640.767 1151.142
v 15334.694 -1823.123 792.920
v 15334.694 -1935.417 404.227
v 15334.694 -1973.334 0.000
v 15334.694 -1935.417 -404.227
v 15334.694 -1823.123 -792.920
v 15334.694 -1640.767 -1151.142
v 15334.694 -1395.358 -1465.126
v 15334.694 -1096.326 -1722.806
v 15334.694 -755.162 -1914.279
v 15334.694 -384.978 -2032.188
v 15334.694 -0.000 -2072.001
v 15334.694 384.978 -2032.188
v 15334.694 755.162 -1914.279
v 15334.694 1096.326 -1722.806
v 15334.694 1395.358 -1465.126
v 15334.694 1640.767 -1151.142
v 15334.694 1823.123 -792.920
v 15334.694 1935.417 -404.227
v 16101.429 1973.813 0.000
v 16101.429 1935.887 404.325
v 16101.429 1823.566 793.113
v 16101.429 1641.166 1151.422
v 16101.429 1395.697 1465.482
v 16101.429 1096.592 1723.224
v 16101.429 755.346 1914.744
v 16101.429 385.072 2032.681
v 16101.429 0.000 2072.504
v 16101.429 -385.072 2032.681
v 16101.429 -755.346 1914.744
v 16101.429 -1096.592 1723.224
v 16101.429 -1395.697 1465.482
v 16101.429 -1641.166 1151.422
v 16101.429 -1823.566 793.113
v 16101.429 -1935.887 404.325
v 16101.429 -1973.813 0.000
v 16101.429 -1935.887 -404.325
v 16101.429 -1823.566 -793.113
v 16101.429 -1641.166 -1151.422
v 16101.429 -1395.697 -1465.482
v 16101.429 -1096.592 -1723.224
v 16101.429 -755.346 -1914.744
v 16101.429 -385.072 -2032.681
v 16101.429 -0.000 -2072.504
v 16101.429 385.072 -2032.681
v 16101.429 755.346 -1914.744
v 16101.429 1096.592 -1723.224
v 16101.429 1395.697 -1465.482
v 16101.429 1641.166 -1151.422
v 16101.429 1823.566 -793.113
v 16101.429 1935.887 -404.325
v 16868.163 1974.293 0.000
v 16868.163 1936.357 404.424
v 16868.163 1824.009 793.306
v 16868.163 1641.564 1151.701
v 16868.163 1396.036 1465.837
v 16868.163 1096.858 1723.643
v 16868.163 755.529 1915.209
v 16868.163 385.165 2033.175
v 16868.163 0.000 2073.007
v 16868.163 -385.165 2033.175
v 16868.163 -755.529 1915.209
v 16868.163 -1096.858 1723.643
v 16868.163 -1396.036 1465.837
v 16868.163 -1641.564 1151.701
v 16868.163 -1824.009 793.306
v 16868.163 -1936.357 404.424
v 16868.163 -1974.293 0.000
v 16868.163 -1936.357 -404.424
v 16868.163 -1824.009 -793.306
v 16868.163 -1641.564 -1151.701
v 16868.163 -1396.036 -1465.837
v 16868.163 -1096.858 -1723.643
v 16868.163 -755.529 -1915.209
v 16868.163 -385.165 -2033.175
v 16868.163 -0.000 -2073.007
v 16868.163 385.165 -2033.175
v 16868.163 755.529 -1915.209
v 16868.163 1096.858 -1723.643
v 16868.163 1396.036 -1465.837
v 16868.163 1641.564 -1151.701
v 16868.163 1824.009 -793.306
v 16868.163 1936.357 -404.424
v 17634.898 1974.772 0.000
v 17634.898 1936.827 404.522
v 17634.898 1824.451 793.498
v 17634.898 1641.963 1151.981
v 17634.898 1396.375 1466.193
v 17634.898 1097.124 1724.061
v 17634.898 755.712 1915.674
v 17634.898 385.259 2033.668
v 17634.898 0.000 2073.510
v 17634.898 -385.259 2033.668
v 17634.898 -755.712 1915.674
v 17634.898 -1097.124 1724.061
v 17634.898 -1396.375 1466.193
v 17634.898 -1641.963 1151.981
v 17634.898 -1824.451 793.498
v 17634.898 -1936.827 404.522
v 17634.898 -1974.772 0.000
v 17634.898 -1936.827 -404.522
v 17634.898 -1824.451 -793.498
v 17634.898 -1641.963 -1151.981
v 17634.898 -1396.375 -1466.193
v 17634.898 -1097.124 -1724.061
v 17634.898 -755.712 -1915.674
v 17634.898 -385.259 -2033.668
v 17634.898 -0.000 -2073.510
v 17634.898 385.259 -2033.668
v 17634.898 755.712 -1915.674
v 17634.898 1097.124 -1724.061
v 17634.898 1396.375 -1466.193
v 17634.898 1641.963 -1151.981
v 17634.898 1824.451 -793.498
v 17634.898 1936.827 -404.522
v 18401.633 1975.000 0.000
v 18401.633 1937.051 404.569
v 18401.633 1824.662 793.590
v 18401.633 1642.152 1152.114
v 18401.633 1396.536 1466.363
v 18401.633 1097.251 1724.260
v 18401.633 755.800 1915.895
v 18401.633 385.303 2033.903
v 18401.633 0.000 2073.750
v 18401.633 -385.303 2033.903
v 18401.633 -755.800 1915.895
v 18401.633 -1097.251 1724.260
v 18401.633 -1396.536 1466.363
v 18401.633 -1642.152 1152.114
v 18401.633 -1824.662 793.590
v 18401.633 -1937.051 404.569
v 18401.633 -1975.000 0.000
v 18401.633 -1937.051 -404.569
v 18401.633 -1824.662 -793.590
v 18401.633 -1642.152 -1152.114
v 18401.633 -1396.536 -1466.363
v 18401.633 -1097.251 -1724.260
v 18401.633 -755.800 -1915.895
v 18401.633 -385.303 -2033.903
v 18401.633 -0.000 -2073.750
v 18401.633 385.303 -2033.903
v 18401.633 755.800 -1915.895
v 18401.633 1097.251 -1724.260
v 18401.633 1396.536 -1466.363
v 18401.633 1642.152 -1152.114
v 18401.633 1824.662 -793.590
v 18401.633 1937.051 -404.569
v 19168.367 1975.000 0.000
v 19168.367 1937.051 404.569
v 19168.367 1824.662 793.590
v 19168.367 1642.152 1152.114
v 19168.367 1396.536 1466.363
v 19168.367 1097.251 1724.260
v 19168.367 755.800 1915.895
v 19168.367 385.303 2033.903
v 19168.367 0.000 2073.750
v 19168.367 -385.303 2033.903
v 19168.367 -755.800 1915.895
v 19168.367 -1097.251 1724.260
v 19168.367 -1396.536 1466.363
v 19168.367 -1642.152 1152.114
v 19168.367 -1824.662 793.590
v 19168.367 -1937.051 404.569
v 19168.367 -1975.000 0.000
v 19168.367 -1937.051 -404.569
v 19168.367 -1824.662 -793.590
v 19168.367 -1642.152 -1152.114
v 19168.367 -1396.536 -1466.363
v 19168.367 -1097.251 -1724.260
v 19168.367 -755.800 -1915.895
v 19168.367 -385.303 -2033.903
v 19168.367 -0.000 -2073.750
v 19168.367 385.303 -2033.903
v 19168.367 755.800 -1915.895
v 19168.367 1097.251 -1724.260
v 19168.367 1396.536 -1466.363
v 19168.367 1642.152 -1152.114
v 19168.367 1824.662 -793.590
v 19168.367 1937.051 -404.569
v 19935.102 1975.000 0.000
v 19935.102 1937.051 404.569
v 19935.102 1824.662 793.590
v 19935.102 1642.152 1152.114
v 19935.102 1396.536 1466.363
v 19935.102 1097.251 1724.260
v 19935.102 755.800 1915.895
v 19935.102 385.303 2033.903
v 19935.102 0.000 2073.750
v 19935.102 -385.303 2033.903
v 19935.102 -755.800 1915.895
v 19935.102 -1097.251 1724.260
v 19935.102 -1396.536 1466.363
v 19935.102 -1642.152 1152.114
v 19935.102 -1824.662 793.590
v 19935.102 -1937.051 404.569
v 19935.102 -1975.000 0.000
v 19935.102 -1937.051 -404.569
v 19935.102 -1824.662 -793.590
v 19935.102 -1642.152 -1152.114
v 19935.102 -1396.536 -1466.363
v 19935.102 -1097.251 -1724.260
v 19935.102 -755.800 -1915.895
v 19935.102 -385.303 -2033.903
v 19935.102 -0.000 -2073.750
v 19935.102 385.303 -2033.903
v 19935.102 755.800 -1915.895
v 19935.102 1097.251 -1724.260
v 19935.102 1396.536 -1466.363
v 19935.102 1642.152 -1152.114
v 19935.102 1824.662 -793.590
v 19935.102 1937.051 -404.569
v 20701.837 1975.000 0.000
v 20701.837 1937.051 404.569
v 20701.837 1824.662 793.590
v 20701.837 1642.152 1152.114
v 20701.837 1396.536 1466.363
v 20701.837 1097.251 1724.260
v 20701.837 755.800 1915.895
v 20701.837 385.303 2033.903
v 20701.837 0.000 2073.750
v 20701.837 -385.303 2033.903
v 20701.837 -755.800 1915.895
v 20701.837 -1097.251 1724.260
v 20701.837 -1396.536 1466.363
v 20701.837 -1642.152 1152.114
v 20701.837 -1824.662 793.590
v 20701.837 -1937.051 404.569
v 20701.837 -1975.000 0.000
v 20701.837 -1937.051 -404.569
v 20701.837 -1824.662 -793.590
v 20701.837 -1642.152 -1152.114
v 20701.837 -1396.536 -1466.363
v 20701.837 -1097.251 -1724.260
v 20701.837 -755.800 -1915.895
v 20701.837 -385.303 -2033.903
v 20701.837 -0.000 -2073.750
v 20701.837 385.303 -2033.903
v 20701.837 755.800 -1915.895
v 20701.837 1097.251 -1724.260
v 20701.837 1396.536 -1466.363
v 20701.837 1642.152 -1152.114
v 20701.837 1824.662 -793.590
v 20701.837 1937.051 -404.569
v 21468.571 1975.000 0.000
v 21468.571 1937.051 404.569
v 21468.571 1824.662 793.590
v 21468.571 1642.152 1152.114
v 21468.571 1396.536 1466.363
v 21468.571 1097.251 1724.260
v 21468.571 755.800 1915.895
v 21468.571 385.303 2033.903
v 21468.571 0.000 2073.750
v 21468.571 -385.303 2033.903
v 21468.571 -755.800 1915.895
v 21468.571 -1097.251 1724.260
v 21468.571 -1396.536 1466.363
v 21468.571 -1642.152 1152.114
v 21468.571 -1824.662 793.590
v 21468.571 -1937.051 404.569
v 21468.571 -1975.000 0.000
v 21468.571 -1937.051 -404.569
v 21468.571 -1824.662 -793.590
v 21468.571 -1642.152 -1152.114
v 21468.571 -1396.536 -1466.363
v 21468.571 -1097.251 -1724.260
v 21468.571 -755.800 -1915.895
v 21468.571 -385.303 -2033.903
v 21468.571 -0.000 -2073.750
v 21468.571 385.303 -2033.903
v 21468.571 755.800 -1915.895
v 21468.571 1097.251 -1724.260
v 21468.571 1396.536 -1466.363
v 21468.571 1642.152 -1152.114
v 21468.571 1824.662 -793.590
v 21468.571 1937.051 -404.569
v 22235.306 1975.000 0.000
v 22235.306 1937.051 404.569
v 22235.306 1824.662 793.590
v 22235.306 1642.152 1152.114
v 22235.306 1396.536 1466.363
v 22235.306 1097.251 1724.260
v 22235.306 755.800 1915.895
v 22235.306 385.303 2033.903
v 22235.306 0.000 2073.750
v 22235.306 -385.303 2033.903
v 22235.306 -755.800 1915.895
v 22235.306 -1097.251 1724.260
v 22235.306 -1396.536 1466.363
v 22235.306 -1642.152 1152.114
v 22235.306 -1824.662 793.590
v 22235.306 -1937.051 404.569
v 22235.306 -1975.000 0.000
v 22235.306 -1937.051 -404.569
v 22235.306 -1824.662 -793.590
v 22235.306 -1642.152 -1152.114
v 22235.306 -1396.536 -1466.363
v 22235.306 -1097.251 -1724.260
v 22235.306 -755.800 -1915.895
v 22235.306 -385.303 -2033.903
v 22235.306 -0.000 -2073.750
v 22235.306 385.303 -2033.903
v 22235.306 755.800 -1915.895
v 22235.306 1097.251 -1724.260
v 22235.306 1396.536 -1466.363
v 22235.306 1642.152 -1152.114
v 22235.306 1824.662 -793.590
v 22235.306 1937.051 -404.569
v 23002.041 1975.000 0.000
v 23002.041 1937.051 404.569
v 23002.041 1824.662 793.590
v 23002.041 1642.152 1152.114
v 23002.041 1396.536 1466.363
v 23002.041 1097.251 1724.260
v 23002.041 755.800 1915.895
v 23002.041 385.303 2033.903
v 23002.041 0.000 2073.750
v 23002.041 -385.303 2033.903
v 23002.041 -755.800 1915.895
v 23002.041 -1097.251 1724.260
v 23002.041 -1396.536 1466.363
v 23002.041 -1642.152 1152.114
v 23002.041 -1824.662 793.590
v 23002.041 -1937.051 404.569
v 23002.041 -1975.000 0.000
v 23002.041 -1937.051 -404.569
v 23002.041 -1824.662 -793.590
v 23002.041 -1642.152 -1152.114
v 23002.041 -1396.536 -1466.363
v 23002.041 -1097.251 -1724.260
v 23002.041 -755.800 -1915.895
v 23002.041 -385.303 -2033.903
v 23002.041 -0.000 -2073.750
v 23002.041 385.303 -2033.903
v 23002.041 755.800 -1915.895
v 23002.041 1097.251 -1724.260
v 23002.041 1396.536 -1466.363
v 23002.041 1642.152 -1152.114
v 23002.041 1824.662 -793.590
v 23002.041 1937.051 -404.569
v 23768.776 1975.000 0.000
v 23768.776 1937.051 404.569
v 23768.776 1824.662 793.590
v 23768.776 1642.152 1152.114
v 23768.776 1396.536 1466.363
v 23768.776 1097.251 1724.260
v 23768.776 755.800 1915.895
v 23768.776 385.303 2033.903
v 23768.776 0.000 2073.750
v 23768.776 -385.303 2033.903
v 23768.776 -755.800 1915.895
v 23768.776 -1097.251 1724.260
v 23768.776 -1396.536 1466.363
v 23768.776 -1642.152 1152.114
v 23768.776 -1824.662 793.590
v 23768.776 -1937.051 404.569
v 23768.776 -1975.000 0.000
v 23768.776 -1937.051 -404.569
v 23768.776 -1824.662 -793.590
v 23768.776 -1642.152 -1152.114
v 23768.776 -1396.536 -1466.363
v 23768.776 -1097.251 -1724.260
v 23768.776 -755.800 -1915.895
v 23768.776 -385.303 -2033.903
v 23768.776 -0.000 -2073.750
v 23768.776 385.303 -2033.903
v 23768.776 755.800 -1915.895
v 23768.776 1097.251 -1724.260
v 23768.776 1396.536 -1466.363
v 23768.776 1642.152 -1152.114
v 23768.776 1824.662 -793.590
v 23768.776 1937.051 -404.569
v 24535.510 1975.000 0.000
v 24535.510 1937.051 404.569
v 24535.510 1824.662 793.590
v 24535.510 1642.152 1152.114
v 24535.510 1396.536 1466.363
v 24535.510 1097.251 1724.260
v 24535.510 755.800 1915.895
v 24535.510 385.303 2033.903
v 24535.510 0.000 2073.750
v 24535.510 -385.303 2033.903
v 24535.510 -755.800 1915.895
v 24535.510 -1097.251 1724.260
v 24535.510 -1396.536 1466.363
v 24535.510 -1642.152 1152.114
v 24535.510 -1824.662 793.590
v 24535.510 -1937.051 404.569
v 24535.510 -1975.000 0.000
v 24535.510 -1937.051 -404.569
v 24535.510 -1824.662 -793.590
v 24535.510 -1642.152 -1152.114
v 24535.510 -1396.536 -1466.363
v 24535.510 -1097.251 -1724.260
v 24535.510 -755.800 -1915.895
v 24535.510 -385.303 -2033.903
v 24535.510 -0.000 -2073.750
v 24535.510 385.303 -2033.903
v 24535.510 755.800 -1915.895
v 24535.510 1097.251 -1724.260
v 24535.510 1396.536 -1466.363
v 24535.510 1642.152 -1152.114
v 24535.510 1824.662 -793.590
v 24535.510 1937.051 -404.569
v 25302.245 1975.000 0.000
v 25302.245 1937.051 404.569
v 25302.245 1824.662 793.590
v 25302.245 1642.152 1152.114
v 25302.245 1396.536 1466.363
v 25302.245 1097.251 1724.260
v 25302.245 755.800 1915.895
v 25302.245 385.303 2033.903
v 25302.245 0.000 2073.750
v 25302.245 -385.303 2033.903
v 25302.245 -755.800 1915.895
v 25302.245 -1097.251 1724.260
v 25302.245 -1396.536 1466.363
v 25302.245 -1642.152 1152.114
v 25302.245 -1824.662 793.590
v 25302.245 -1937.051 404.569
v 25302.245 -1975.000 0.000
v 25302.245 -1937.051 -404.569
v 25302.245 -1824.662 -793.590
v 25302.245 -1642.152 -1152.114
v 25302.245 -1396.536 -1466.363
v 25302.245 -1097.251 -1724.260
v 25302.245 -755.800 -1915.895
v 25302.245 -385.303 -2033.903
v 25302.245 -0.000 -2073.750
v 25302.245 385.303 -2033.903
v 25302.245 755.800 -1915.895
v 25302.245 1097.251 -1724.260
v 25302.245 1396.536 -1466.363
v 25302.245 1642.152 -1152.114
v 25302.245 1824.662 -793.590
v 25302.245 1937.051 -404.569
v 26068.980 1975.000 0.000
v 26068.980 1937.051 404.569
v 26068.980 1824.662 793.590
v 26068.980 1642.152 1152.114
v 26068.980 1396.536 1466.363
v 26068.980 1097.251 1724.260
v 26068.980 755.800 1915.895
v 26068.980 385.303 2033.903
v 26068.980 0.000 2073.750
v 26068.980 -385.303 2033.903
v 26068.980 -755.800 1915.895
v 26068.980 -1097.251 1724.260
v 26068.980 -1396.536 1466.363
v 26068.980 -1642.152 1152.114
v 26068.980 -1824.662 793.590
v 26068.980 -1937.051 404.569
v 26068.980 -1975.000 0.000
v 26068.980 -1937.051 -404.569
v 26068.980 -1824.662 -793.590
v 26068.980 -1642.152 -1152.114
v 26068.980 -1396.536 -1466.363
v 26068.980 -1097.251 -1724.260
v 26068.980 -755.800 -1915.895
v 26068.980 -385.303 -2033.903
v 26068.980 -0.000 -2073.750
v 26068.980 385.303 -2033.903
v 26068.980 755.800 -1915.895
v 26068.980 1097.251 -1724.260
v 26068.980 1396.536 -1466.363
v 26068.980 1642.152 -1152.114
v 26068.980 1824.662 -793.590
v 26068.980 1937.051 -404.569
v 26835.714 1975.000 0.000
v 26835.714 1937.051 404.569
v 26835.714 1824.662 793.590
v 26835.714 1642.152 1152.114
v 26835.714 1396.536 1466.363
v 26835.714 1097.251 1724.260
v 26835.714 755.800 1915.895
v 26835.714 385.303 2033.903
v 26835.714 0.000 2073.750
v 26835.714 -385.303 2033.903
v 26835.714 -755.800 1915.895
v 26835.714 -1097.251 1724.260
v 26835.714 -1396.536 1466.363
v 26835.714 -1642.152 1152.114
v 26835.714 -1824.662 793.590
v 26835.714 -1937.051 404.569
v 26835.714 -1975.000 0.000
v 26835.714 -1937.051 -404.569
v 26835.714 -1824.662 -793.590
v 26835.714 -1642.152 -1152.114
v 26835.714 -1396.536 -1466.363
v 26835.714 -1097.251 -1724.260
v 26835.714 -755.800 -1915.895
v 26835.714 -385.303 -2033.903
v 26835.714 -0.000 -2073.750
v 26835.714 385.303 -2033.903
v 26835.714 755.800 -1915.895
v 26835.714 1097.251 -1724.260
v 26835.714 1396.536 -1466.363
v 26835.714 1642.152 -1152.114
v 26835.714 1824.662 -793.590
v 26835.714 1937.051 -404.569
v 27602.449 1975.000 0.000
v 27602.449 1937.051 404.569
v 27602.449 1824.662 793.590
v 27602.449 1642.152 1152.114
v 27602.449 1396.536 1466.363
v 27602.449 1097.251 1724.260
v 27602.449 755.800 1915.895
v 27602.449 385.303 2033.903
v 27602.449 0.000 2073.750
v 27602.449 -385.303 2033.903
v 27602.449 -755.800 1915.895
v 27602.449 -1097.251 1724.260
v 27602.449 -1396.536 1466.363
v 27602.449 -1642.152 1152.114
v 27602.449 -1824.662 793.590
v 27602.449 -1937.051 404.569
v 27602.449 -1975.000 0.000
v 27602.449 -1937.051 -404.569
v 27602.449 -1824.662 -793.590
v 27602.449 -1642.152 -1152.114
v 27602.449 -1396.536 -1466.363
v 27602.449 -1097.251 -1724.260
v 27602.449 -755.800 -1915.895
v 27602.449 -385.303 -2033.903
v 27602.449 -0.000 -2073.750
v 27602.449 385.303 -2033.903
v 27602.449 755.800 -1915.895
v 27602.449 1097.251 -1724.260
v 27602.449 1396.536 -1466.363
v 27602.449 1642.152 -1152.114
v 27602.449 1824.662 -793.590
v 27602.449 1937.051 -404.569
v 28369.184 1973.616 0.000
v 28369.184 1935.693 404.285
v 28369.184 1823.383 793.033
v 28369.184 1641.001 1151.306
v 28369.184 1395.557 1465.335
v 28369.184 1096.482 1723.051
v 28369.184 755.270 1914.552
v 28369.184 385.033 2032.478
v 28369.184 0.000 2072.296
v 28369.184 -385.033 2032.478
v 28369.184 -755.270 1914.552
v 28369.184 -1096.482 1723.051
v 28369.184 -1395.557 1465.335
v 28369.184 -1641.001 1151.306
v 28369.184 -1823.383 793.033
v 28369.184 -1935.693 404.285
v 28369.184 -1973.616 0.000
v 28369.184 -1935.693 -404.285
v 28369.184 -1823.383 -793.033
v 28369.184 -1641.001 -1151.306
v 28369.184 -1395.557 -1465.335
v 28369.184 -1096.482 -1723.051
v 28369.184 -755.270 -1914.552
v 28369.184 -385.033 -2032.478
v 28369.184 -0.000 -2072.296
v 28369.184 385.033 -2032.478
v 28369.184 755.270 -1914.552
v 28369.184 1096.482 -1723.051
v 28369.184 1395.557 -1465.335
v 28369.184 1641.001 -1151.306
v 28369.184 1823.383 -793.033
v 28369.184 1935.693 -404.285
v 29135.918 1970.740 0.000
v 29135.918 1932.873 403.696
v 29135.918 1820.727 791.878
v 29135.918 1638.611 1149.629
v 29135.918 1393.524 1463.200
v 29135.918 1094.885 1720.541
v 29135.918 754.170 1911.763
v 29135.918 384.472 2029.517
v 29135.918 0.000 2069.277
v 29135.918 -384.472 2029.517
v 29135.918 -754.170 1911.763
v 29135.918 -1094.885 1720.541
v 29135.918 -1393.524 1463.200
v 29135.918 -1638.611 1149.629
v 29135.918 -1820.727 791.878
v 29135.918 -1932.873 403.696
v 29135.918 -1970.740 0.000
v 29135.918 -1932.873 -403.696
v 29135.918 -1820.727 -791.878
v 29135.918 -1638.611 -1149.629
v 29135.918 -1393.524 -1463.200
v 29135.918 -1094.885 -1720.541
v 29135.918 -754.170 -1911.763
v 29135.918 -384.472 -2029.517
v 29135.918 -0.000 -2069.277
v 29135.918 384.472 -2029.517
v 29135.918 754.170 -1911.763
v 29135.918 1094.885 -1720.541
v 29135.918 1393.524 -1463.200
v 29135.918 1638.611 -1149.629
v 29135.918 1820.727 -791.878
v 29135.918 1932.873 -403.696
v 29902.653 1967.865 0.000
v 29902.653 1930.053 403.107
v 29902.653 1818.070 790.723
v 29902.653 1636.220 1147.952
v 29902.653 1391.491 1461.065
v 29902.653 1093.287 1718.031
v 29902.653 753.069 1908.974
v 29902.653 383.911 2026.556
v 29902.653 0.000 2066.258
v 29902.653 -383.911 2026.556
v 29902.653 -753.069 1908.974
v 29902.653 -1093.287 1718.031
v 29902.653 -1391.491 1461.065
v 29902.653 -1636.220 1147.952
v 29902.653 -1818.070 790.723
v 29902.653 -1930.053 403.107
v 29902.653 -1967.865 0.000
v 29902.653 -1930.053 -403.107
v 29902.653 -1818.070 -790.723
v 29902.653 -1636.220 -1147.952
v 29902.653 -1391.491 -1461.065
v 29902.653 -1093.287 -1718.031
v 29902.653 -753.069 -1908.974
v 29902.653 -383.911 -2026.556
v 29902.653 -0.000 -2066.258
v 29902.653 383.911 -2026.556
v 29902.653 753.069 -1908.974
v 29902.653 1093.287 -1718.031
v 29902.653 1391.491 -1461.065
v 29902.653 1636.220 -1147.952
v 29902.653 1818.070 -790.723
v 29902.653 1930.053 -403.107
v 30669.388 1964.990 0.000
v 30669.388 1927.233 402.518
v 30669.388 1815.414 789.567
v 30669.388 1633.829 1146.274
v 30669.388 1389.458 1458.930
v 30669.388 1091.690 1715.521
v 30669.388 751.969 1906.185
v 30669.388 383.350 2023.595
v 30669.388 0.000 2063.239
v 30669.388 -383.350 2023.595
v 30669.388 -751.969 1906.185
v 30669.388 -1091.690 1715.521
v 30669.388 -1389.458 1458.930
v 30669.388 -1633.829 1146.274
v 30669.388 -1815.414 789.567
v 30669.388 -1927.233 402.518
v 30669.388 -1964.990 0.000
v 30669.388 -1927.233 -402.518
v 30669.388 -1815.414 -789.567
v 30669.388 -1633.829 -1146.274
v 30669.388 -1389.458 -1458.930
v 30669.388 -1091.690 -1715.521
v 30669.388 -751.969 -1906.185
v 30669.388 -383.350 -2023.595
v 30669.388 -0.000 -2063.239
v 30669.388 383.350 -2023.595
v 30669.388 751.969 -1906.185
v 30669.388 1091.690 -1715.521
v 30669.388 1389.458 -1458.930
v 30669.388 1633.829 -1146.274
v 30669.388 1815.414 -789.567
v 30669.388 1927.233 -402.518
v 31436.122 1962.115 0.000
v 31436.122 1924.413 401.929
v 31436.122 1812.757 788.412
v 31436.122 1631.439 1144.597
v 31436.122 1387.424 1456.796
v 31436.122 1090.092 1713.011
v 31436.122 750.869 1903.395
v 31436.122 382.790 2020.634
v 31436.122 0.000 2060.220
v 31436.122 -382.790 2020.634
v 31436.122 -750.869 1903.395
v 31436.122 -1090.092 1713.011
v 31436.122 -1387.424 1456.796
v 31436.122 -1631.439 1144.597
v 31436.122 -1812.757 788.412
v 31436.122 -1924.413 401.929
v 31436.122 -1962.115 0.000
v 31436.122 -1924.413 -401.929
v 31436.122 -1812.757 -788.412
v 31436.122 -1631.439 -1144.597
v 31436.122 -1387.424 -1456.796
v 31436.122 -1090.092 -1713.011
v 31436.122 -750.869 -1903.395
v 31436.122 -382.790 -2020.634
v 31436.122 -0.000 -2060.220
v 31436.122 382.790 -2020.634
v 31436.122 750.869 -1903.395
v 31436.122 1090.092 -1713.011
v 31436.122 1387.424 -1456.796
v 31436.122 1631.439 -1144.597
v 31436.122 1812.757 -788.412
v 31436.122 1924.413 -401.929
v 32202.857 1953.509 0.000
v 32202.857 1915.972 400.166
v 32202.857 1804.807 784.954
v 32202.857 1624.283 1139.577
v 32202.857 1381.339 1450.406
v 32202.857 1085.311 1705.497
v 32202.857 747.575 1895.047
v 32202.857 381.111 2011.771
v 32202.857 0.000 2051.184
v 32202.857 -381.111 2011.771
v 32202.857 -747.575 1895.047
v 32202.857 -1085.311 1705.497
v 32202.857 -1381.339 1450.406
v 32202.857 -1624.283 1139.577
v 32202.857 -1804.807 784.954
v 32202.857 -1915.972 400.166
v 32202.857 -1953.509 0.000
v 32202.857 -1915.972 -400.166
v 32202.857 -1804.807 -784.954
v 32202.857 -1624.283 -1139.577
v 32202.857 -1381.339 -1450.406
v 32202.857 -1085.311 -1705.497
v 32202.857 -747.575 -1895.047
v 32202.857 -381.111 -2011.771
v 32202.857 -0.000 -2051.184
v 32202.857 381.111 -2011.771
v 32202.857 747.575 -1895.047
v 32202.857 1085.311 -1705.497
v 32202.857 1381.339 -1450.406
v 32202.857 1624.283 -1139.577
v 32202.857 1804.807 -784.954
v 32202.857 1915.972 -400.166
v 32969.592 1928.973 0.000
v 32969.592 1891.908 395.140
v 32969.592 1782.139 775.095
v 32969.592 1603.882 1125.264
v 32969.592 1363.990 1432.189
v 32969.592 1071.680 1684.077
v 32969.592 738.186 1871.246
v 32969.592 376.324 1986.504
v 32969.592 0.000 2025.422
v 32969.592 -376.324 1986.504
v 32969.592 -738.186 1871.246
v 32969.592 -1071.680 1684.077
v 32969.592 -1363.990 1432.189
v 32969.592 -1603.882 1125.264
v 32969.592 -1782.139 775.095
v 32969.592 -1891.908 395.140
v 32969.592 -1928.973 0.000
v 32969.592 -1891.908 -395.140
v 32969.592 -1782.139 -775.095
v 32969.592 -1603.882 -1125.264
v 32969.592 -1363.990 -1432.189
v 32969.592 -1071.680 -1684.077
v 32969.592 -738.186 -1871.246
v 32969.592 -376.324 -1986.504
v 32969.592 -0.000 -2025.422
v 32969.592 376.324 -1986.504
v 32969.592 738.186 -1871.246
v 32969.592 1071.680 -1684.077
v 32969.592 1363.990 -1432.189
v 32969.592 1603.882 -1125.264
v 32969.592 1782.139 -775.095
v 32969.592 1891.908 -395.140
v 33736.327 1904.438 0.000
v 33736.327 1867.844 390.114
v 33736.327 1759.471 765.237
v 33736.327 1583.482 1110.951
v 33736.327 1346.641 1413.973
v 33736.327 1058.049 1662.656
v 33736.327 728.797 1847.444
v 33736.327 371.537 1961.237
v 33736.327 0.000 1999.659
v 33736.327 -371.537 1961.237
v 33736.327 -728.797 1847.444
v 33736.327 -1058.049 1662.656
v 33736.327 -1346.641 1413.973
v 33736.327 -1583.482 1110.951
v 33736.327 -1759.471 765.237
v 33736.327 -1867.844 390.114
v 33736.327 -1904.438 0.000
v 33736.327 -1867.844 -390.114
v 33736.327 -1759.471 -765.237
v 33736.327 -1583.482 -1110.951
v 33736.327 -1346.641 -1413.973
v 33736.327 -1058.049 -1662.656
v 33736.327 -728.797 -1847.444
v 33736.327 -371.537 -1961.237
v 33736.327 -0.000 -1999.659
v 33736.327 371.537 -1961.237
v 33736.327 728.797 -1847.444
v 33736.327 1058.049 -1662.656
v 33736.327 1346.641 -1413.973
v 33736.327 1583.482 -1110.951
v 33736.327 1759.471 -765.237
v 33736.327 1867.844 -390.114
v 34503.061 1879.592 0.000
v 34503.061 1843.476 385.025
v 34503.061 1736.516 755.253
v 34503.061 1562.823 1096.458
v 34503.061 1329.072 1395.526
v 34503.061 1044.245 1640.965
v 34503.061 719.289 1823.342
v 34503.061 366.690 1935.650
v 34503.061 0.000 1973.571
v 34503.061 -366.690 1935.650
v 34503.061 -719.289 1823.342
v 34503.061 -1044.245 1640.965
v 34503.061 -1329.072 1395.526
v 34503.061 -1562.823 1096.458
v 34503.061 -1736.516 755.253
v 34503.061 -1843.476 385.025
v 34503.061 -1879.592 0.000
v 34503.061 -1843.476 -385.025
v 34503.061 -1736.516 -755.253
v 34503.061 -1562.823 -1096.458
v 34503.061 -1329.072 -1395.526
v 34503.061 -1044.245 -1640.965
v 34503.061 -719.289 -1823.342
v 34503.061 -366.690 -1935.650
v 34503.061 -0.000 -1973.571
v 34503.061 366.690 -1935.650
v 34503.061 719.289 -1823.342
v 34503.061 1044.245 -1640.965
v 34503.061 1329.072 -1395.526
v 34503.061 1562.823 -1096.458
v 34503.061 1736.516 -755.253
v 34503.061 1843.476 -385.025
v 35269.796 1777.361 0.000
v 35269.796 1743.209 364.083
v 35269.796 1642.067 714.175
v 35269.796 1477.821 1036.821
v 35269.796 1256.784 1319.623
v 35269.796 987.449 1551.712
v 35269.796 680.166 1724.170
v 35269.796 346.746 1830.370
v 35269.796 0.000 1866.229
v 35269.796 -346.746 1830.370
v 35269.796 -680.166 1724.170
v 35269.796 -987.449 1551.712
v 35269.796 -1256.784 1319.623
v 35269.796 -1477.821 1036.821
v 35269.796 -1642.067 714.175
v 35269.796 -1743.209 364.083
v 35269.796 -1777.361 0.000
v 35269.796 -1743.209 -364.083
v 35269.796 -1642.067 -714.175
v 35269.796 -1477.821 -1036.821
v 35269.796 -1256.784 -1319.623
v 35269.796 -987.449 -1551.712
v 35269.796 -680.166 -1724.170
v 35269.796 -346.746 -1830.370
v 35269.796 -0.000 -1866.229
v 35269.796 346.746 -1830.370
v 35269.796 680.166 -1724.170
v 35269.796 987.449 -1551.712
v 35269.796 1256.784 -1319.623
v 35269.796 1477.821 -1036.821
v 35269.796 1642.067 -714.175
v 35269.796 1743.209 -364.083
v 36036.531 1667.945 0.000
v 36036.531 1635.896 341.670
v 36036.531 1540.980 670.210
v 36036.531 1386.845 972.994
v 36036.531 1179.415 1238.386
v 36036.531 926.661 1456.188
v 36036.531 638.295 1618.029
v 36036.531 325.400 1717.691
v 36036.531 0.000 1751.342
v 36036.531 -325.400 1717.691
v 36036.531 -638.295 1618.029
v 36036.531 -926.661 1456.188
v 36036.531 -1179.415 1238.386
v 36036.531 -1386.845 972.994
v 36036.531 -1540.980 670.210
v 36036.531 -1635.896 341.670
v 36036.531 -1667.945 0.000
v 36036.531 -1635.896 -341.670
v 36036.531 -1540.980 -670.210
v 36036.531 -1386.845 -972.994
v 36036.531 -1179.415 -1238.386
v 36036.531 -926.661 -1456.188
v 36036.531 -638.295 -1618.029
v 36036.531 -325.400 -1717.691
v 36036.531 -0.000 -1751.342
v 36036.531 325.400 -1717.691
v 36036.531 638.295 -1618.029
v 36036.531 926.661 -1456.188
v 36036.531 1179.415 -1238.386
v 36036.531 1386.845 -972.994
v 36036.531 1540.980 -670.210
v 36036.531 1635.896 -341.670
v 36803.265 1414.922 0.000
v 36803.265 1387.735 289.840
v 36803.265 1307.218 568.541
v 36803.265 1176.465 825.393
v 36803.265 1000.501 1050.526
v 36803.265 786.089 1235.288
v 36803.265 541.467 1372.579
v 36803.265 276.038 1457.122
v 36803.265 0.000 1485.669
v 36803.265 -276.038 1457.122
v 36803.265 -541.467 1372.579
v 36803.265 -786.089 1235.288
v 36803.265 -1000.501 1050.526
v 36803.265 -1176.465 825.393
v 36803.265 -1307.218 568.541
v 36803.265 -1387.735 289.840
v 36803.265 -1414.922 0.000
v 36803.265 -1387.735 -289.840
v 36803.265 -1307.218 -568.541
v 36803.265 -1176.465 -825.393
v 36803.265 -1000.501 -1050.526
v 36803.265 -786.089 -1235.288
v 36803.265 -541.467 -1372.579
v 36803.265 -276.038 -1457.122
v 36803.265 -0.000 -1485.669
v 36803.265 276.038 -1457.122
v 36803.265 541.467 -1372.579
v 36803.265 786.089 -1235.288
v 36803.265 1000.501 -1050.526
v 36803.265 1176.465 -825.393
v 36803.265 1307.218 -568.541
v 36803.265 1387.735 -289.840
v 37570.000 0.000 0.000
v 37570.000 0.000 0.000
v 37570.000 0.000 0.000
v 37570.000 0.000 0.000
v 37570.000 0.000 0.000
v 37570.000 0.000 0.000
v 37570.000 0.000 0.000
v 37570.000 0.000 0.000
v 37570.000 0.000 0.000
v 37570.000 -0.000 0.000
v 37570.000 -0.000 0.000
v 37570.000 -0.000 0.000
v 37570.000 -0.000 0.000
v 37570.000 -0.000 0.000
v 37570.000 -0.000 0.000
v 37570.000 -0.000 0.000
v 37570.000 -0.000 0.000
v 37570.000 -0.000 -0.000
v 37570.000 -0.000 -0.000
v 37570.000 -0.000 -0.000
v 37570.000 -0.000 -0.000
v 37570.000 -0.000 -0.000
v 37570.000 -0.000 -0.000
v 37570.000 -0.000 -0.000
v 37570.000 -0.000 -0.000
v 37570.000 0.000 -0.000
v 37570.000 0.000 -0.000
v 37570.000 0.000 -0.000
v 37570.000 0.000 -0.000
v 37570.000 0.000 -0.000
v 37570.000 0.000 -0.000
v 37570.000 0.000 -0.000
v 18888.752 2010.251 -894.974
v 18714.744 2010.553 -898.365
v 18540.910 2010.838 -901.556
v 18367.241 2011.107 -904.575
v 18193.730 2011.364 -907.447
v 18020.371 2011.609 -910.192
v 17847.156 2011.844 -912.828
v 17674.080 2012.071 -915.367
v 17501.137 2012.290 -917.821
v 17328.324 2012.501 -920.196
v 17155.636 2012.706 -922.493
v 16983.068 2012.904 -924.711
v 16810.617 2013.095 -926.844
v 16638.279 2013.277 -928.882
v 16466.053 2013.449 -930.812
v 16293.934 2013.610 -932.615
v 16121.920 2013.757 -934.268
v 15950.009 2013.889 -935.743
v 15778.198 2014.002 -937.008
v 15606.485 2014.093 -938.023
v 15434.866 2014.157 -938.747
v 15263.341 2014.191 -939.129
v 15091.905 2014.190 -939.114
v 14920.556 2014.147 -938.638
v 14749.291 2014.058 -937.632
v 14578.107 2013.913 -936.016
v 14407.277 2013.709 -933.728
v 14237.633 2013.472 -931.070
v 14068.056 2013.202 -928.047
v 13898.524 2012.888 -924.530
v 13729.017 2012.517 -920.375
v 13559.510 2012.075 -915.417
v 13389.973 2011.543 -909.461
v 13220.375 2010.903 -902.281
v 13050.678 2010.128 -893.602
v 12880.838 2009.190 -883.086
v 12710.803 2008.049 -870.305
v 12540.508 2006.655 -854.691
v 12369.874 2004.939 -835.457
v 12198.790 2002.794 -811.431
v 12027.099 2000.051 -780.689
v 11854.535 1996.379 -739.550
v 11680.507 1990.943 -678.639
v 11500.000 1975.000 -500.000
v 11664.956 1957.692 -306.063
v 11836.287 1951.068 -231.844
v 12008.976 1946.386 -179.388
v 12182.434 1942.810 -139.319
v 12356.395 1940.011 -107.956
v 12530.701 1937.817 -83.377
v 12705.241 1936.124 -64.407
v 12879.937 1934.862 -50.261
v 13054.722 1933.979 -40.370
v 13229.546 1933.438 -34.307
v 13404.364 1933.208 -31.733
v 13579.138 1933.265 -32.374
v 13753.837 1933.589 -36.002
v 13928.432 1934.163 -42.425
v 14102.898 1934.970 -51.476
v 14277.212 1936.000 -63.011
v 14451.357 1937.239 -76.902
v 14624.228 1938.658 -92.799
v 14796.698 1940.218 -110.275
v 14969.040 1941.911 -129.246
v 15141.252 1943.730 -149.631
v 15313.330 1945.670 -171.362
v 15485.272 1947.724 -194.374
v 15657.075 1949.887 -218.613
v 15828.736 1952.155 -244.029
v 16000.253 1954.525 -270.578
v 16171.623 1956.992 -298.222
v 16342.845 1959.554 -326.928
v 16513.914 1962.208 -356.670
v 16684.830 1964.953 -387.423
v 16855.588 1967.786 -419.169
v 17026.185 1970.707 -451.894
v 17196.620 1973.714 -485.589
v 17366.887 1976.807 -520.247
v 17536.983 1979.986 -555.868
v 17706.903 1983.251 -592.453
v 17876.643 1986.603 -630.008
v 18046.197 1990.042 -668.544
v 18215.561 1993.570 -708.073
v 18384.726 1997.188 -748.614
v 18553.687 2000.899 -790.188
v 18722.436 2004.703 -832.817
v 18890.965 2008.605 -876.531
v 18985.879 3373.279 -689.458
v 18824.727 3373.673 -693.873
v 18663.735 3374.050 -698.101
v 18502.894 3374.413 -702.169
v 18342.199 3374.764 -706.098
v 18181.643 3375.104 -709.910
v 18021.220 3375.435 -713.619
v 17860.926 3375.758 -717.238
v 17700.754 3376.074 -720.777
v 17540.702 3376.383 -724.241
v 17380.764 3376.686 -727.633
v 17220.937 3376.982 -730.950
v 17061.218 3377.271 -734.188
v 16901.604 3377.552 -737.338
v 16742.092 3377.824 -740.386
v 16582.678 3378.086 -743.316
v 16423.361 3378.335 -746.106
v 16264.137 3378.569 -748.731
v 16105.005 3378.786 -751.159
v 15945.961 3378.982 -753.357
v 15787.003 3379.154 -755.284
v 15628.128 3379.297 -756.893
v 15469.333 3379.408 -758.133
v 15310.616 3379.481 -758.947
v 15151.973 3379.509 -759.268
v 14993.400 3379.488 -759.025
v 14835.150 3379.410 -758.156
v 14677.996 3379.301 -756.936
v 14520.901 3379.162 -755.376
v 14363.845 3378.982 -753.360
v 14206.806 3378.749 -750.752
v 14049.761 3378.450 -747.400
v 13892.682 3378.069 -743.125
v 13735.537 3377.586 -737.715
v 13578.289 3376.979 -730.918
v 13420.895 3376.221 -722.421
v 13263.304 3375.275 -711.827
v 13105.452 3374.096 -698.611
v 12947.258 3372.617 -682.044
v 12788.613 3370.743 -661.042
v 12629.356 3368.314 -633.823
v 12469.212 3365.026 -596.981
v 12307.568 3360.104 -541.836
v 12139.053 3345.455 -377.690
v 12290.415 3329.315 -196.846
v 12448.565 3323.067 -126.846
v 12608.133 3318.618 -76.995
v 12768.505 3315.192 -38.610
v 12929.407 3312.486 -8.287
v 13090.677 3310.340 15.756
v 13252.208 3308.658 34.604
v 13413.917 3307.375 48.986
v 13575.741 3306.443 59.427
v 13737.628 3305.827 66.322
v 13899.536 3305.500 69.986
v 14061.427 3305.439 70.672
v 14223.271 3305.625 68.589
v 14385.039 3306.042 63.918
v 14546.706 3306.676 56.812
v 14708.252 3307.516 47.403
v 14869.658 3308.551 35.811
v 15029.899 3309.752 22.352
v 15189.780 3311.084 7.426
v 15349.554 3312.539 -8.884
v 15509.218 3314.112 -26.506
v 15668.767 3315.796 -45.374
v 15828.200 3317.586 -65.431
v 15987.513 3319.478 -86.625
v 16146.703 3321.467 -108.910
v 16305.769 3323.549 -132.246
v 16464.706 3325.723 -156.598
v 16623.514 3327.984 -181.934
v 16782.188 3330.331 -208.230
v 16940.727 3332.761 -235.465
v 17099.128 3335.274 -263.620
v 17257.387 3337.868 -292.684
v 17415.502 3340.542 -322.646
v 17573.470 3343.296 -353.503
v 17731.286 3346.129 -385.252
v 17888.946 3349.043 -417.895
v 18046.447 3352.036 -451.438
v 18203.783 3355.111 -485.892
v 18360.949 3358.268 -521.267
v 18517.939 3361.509 -557.580
v 18674.748 3364.836 -594.851
v 18831.368 3368.249 -633.102
v 18987.792 3371.753 -672.359
v 19082.179 4737.074 -492.533
v 18933.888 4737.542 -497.768
v 18785.743 4737.993 -502.831
v 18637.736 4738.432 -507.744
v 18489.862 4738.859 -512.530
v 18342.114 4739.276 -517.206
v 18194.489 4739.685 -521.787
v 18046.981 4740.087 -526.284
v 17899.586 4740.481 -530.706
v 17752.300 4740.870 -535.058
v 17605.119 4741.252 -539.343
v 17458.039 4741.628 -543.559
v 17311.059 4741.998 -547.701
v 17164.174 4742.360 -551.760
v 17017.381 4742.714 -555.726
v 16870.679 4743.058 -559.582
v 16724.065 4743.391 -563.309
v 16577.535 4743.710 -566.882
v 16431.088 4744.013 -570.275
v 16284.721 4744.296 -573.455
v 16138.431 4744.558 -576.384
v 15992.215 4744.793 -579.021
v 15846.070 4744.998 -581.317
v 15699.994 4745.168 -583.221
v 15553.981 4745.297 -584.670
v 15408.030 4745.380 -585.599
v 15262.371 4745.412 -585.950
v 15117.718 4745.413 -585.971
v 14973.117 4745.387 -585.678
v 14828.549 4745.324 -584.964
v 14683.992 4745.211 -583.706
v 14539.424 4745.038 -581.763
v 14394.818 4744.789 -578.970
v 14250.142 4744.446 -575.134
v 14105.362 4743.990 -570.022
v 13960.436 4743.394 -563.346
v 13815.312 4742.626 -554.741
v 13669.929 4741.643 -543.725
v 13524.206 4740.385 -529.628
v 13378.036 4738.763 -511.452
v 13231.257 4736.630 -487.558
v 13083.591 4733.708 -454.814
v 12934.410 4729.283 -405.233
v 12778.107 4715.909 -255.380
v 12916.094 4700.956 -87.832
v 13061.141 4695.103 -22.254
v 13207.641 4690.905 24.790
v 13354.965 4687.647 61.285
v 13502.836 4685.052 90.365
v 13651.093 4682.973 113.667
v 13799.626 4681.319 132.189
v 13948.357 4680.033 146.603
v 14097.223 4679.070 157.389
v 14246.173 4678.399 164.913
v 14395.165 4677.993 169.463
v 14544.164 4677.831 171.271
v 14693.140 4677.897 170.532
v 14842.064 4678.176 167.409
v 14990.914 4678.655 162.044
v 15139.670 4679.323 154.560
v 15288.311 4680.170 145.064
v 15435.896 4681.172 133.841
v 15583.159 4682.294 121.267
v 15730.333 4683.530 107.418
v 15877.416 4684.874 92.360
v 16024.403 4686.320 76.154
v 16171.291 4687.865 58.853
v 16318.078 4689.502 40.504
v 16464.759 4691.229 21.151
v 16611.333 4693.043 0.830
v 16757.797 4694.940 -20.427
v 16904.148 4696.918 -42.592
v 17050.385 4698.975 -65.641
v 17196.503 4701.109 -89.554
v 17342.501 4703.319 -114.316
v 17488.375 4705.604 -139.915
v 17634.123 4707.963 -166.342
v 17779.742 4710.395 -193.594
v 17925.227 4712.900 -221.667
v 18070.577 4715.479 -250.565
v 18215.785 4718.133 -280.293
v 18360.849 4720.860 -310.859
v 18505.764 4723.664 -342.276
v 18650.523 4726.545 -374.556
v 18795.122 4729.505 -407.720
v 18939.555 4732.545 -441.787
v 19083.815 4735.669 -476.781
v 19177.756 6101.637 -304.206
v 19042.328 6102.159 -310.059
v 18907.032 6102.668 -315.753
v 18771.861 6103.164 -321.310
v 18636.810 6103.649 -326.750
v 18501.875 6104.125 -332.088
v 18367.050 6104.594 -337.338
v 18232.332 6105.056 -342.511
v 18097.716 6105.511 -347.614
v 17963.200 6105.961 -352.654
v 17828.779 6106.405 -357.630
v 17694.450 6106.844 -362.543
v 17560.211 6107.276 -367.388
v 17426.059 6107.702 -372.157
v 17291.990 6108.119 -376.839
v 17158.004 6108.528 -381.421
v 17024.096 6108.927 -385.884
v 16890.265 6109.312 -390.206
v 16756.508 6109.683 -394.362
v 16622.823 6110.037 -398.324
v 16489.206 6110.370 -402.055
v 16355.654 6110.679 -405.520
v 16222.165 6110.960 -408.673
v 16088.736 6111.210 -411.466
v 15955.362 6111.422 -413.844
v 15822.039 6111.592 -415.746
v 15688.980 6111.714 -417.119
v 15556.838 6111.809 -418.181
v 15424.740 6111.878 -418.957
v 15292.670 6111.913 -419.349
v 15160.606 6111.904 -419.243
v 15028.526 6111.839 -418.512
v 14896.406 6111.704 -417.005
v 14764.215 6111.485 -414.545
v 14631.919 6111.161 -410.920
v 14499.477 6110.710 -405.867
v 14366.842 6110.102 -399.054
v 14233.952 6109.298 -390.041
v 14100.730 6108.242 -378.214
v 13967.068 6106.854 -362.665
v 13832.809 6105.001 -341.897
v 13697.676 6102.426 -313.051
v 13561.036 6098.480 -268.835
v 13417.160 6086.364 -133.071
v 13541.994 6072.615 20.984
v 13674.020 6067.175 81.937
v 13807.508 6063.245 125.970
v 13941.825 6060.175 160.373
v 14076.696 6057.708 188.005
v 14211.962 6055.713 210.362
v 14347.515 6054.107 228.355
v 14483.278 6052.836 242.595
v 14619.190 6051.861 253.523
v 14755.204 6051.152 261.472
v 14891.278 6050.685 266.704
v 15027.377 6050.441 269.431
v 15163.474 6050.406 269.831
v 15299.542 6050.564 268.053
v 15435.558 6050.906 264.227
v 15571.503 6051.420 258.464
v 15707.358 6052.099 250.862
v 15842.261 6052.918 241.676
v 15976.879 6053.849 231.252
v 16111.427 6054.883 219.662
v 16245.898 6056.016 206.968
v 16380.291 6057.243 193.225
v 16514.602 6058.558 178.481
v 16648.827 6059.960 162.779
v 16782.964 6061.443 146.158
v 16917.009 6063.005 128.652
v 17050.961 6064.644 110.291
v 17184.817 6066.357 91.100
v 17318.573 6068.142 71.100
v 17452.229 6069.997 50.310
v 17585.780 6071.922 28.743
v 17719.225 6073.915 6.411
v 17852.561 6075.976 -16.679
v 17985.784 6078.104 -40.522
v 18118.892 6080.299 -65.118
v 18251.881 6082.561 -90.467
v 18384.748 6084.892 -116.576
v 18517.488 6087.290 -143.452
v 18650.098 6089.758 -171.105
v 18782.573 6092.297 -199.549
v 18914.908 6094.907 -228.800
v 19047.098 6097.592 -258.878
v 19179.136 6100.352 -289.805
v 19272.713 7466.968 -124.484
v 19150.148 7467.527 -130.752
v 19027.700 7468.074 -136.875
v 18905.365 7468.609 -142.873
v 18783.138 7469.135 -148.764
v 18661.015 7469.652 -154.562
v 18538.992 7470.162 -160.279
v 18417.064 7470.666 -165.926
v 18295.229 7471.165 -171.510
v 18173.482 7471.658 -177.034
v 18051.822 7472.146 -182.502
v 17930.245 7472.628 -187.910
v 17808.749 7473.106 -193.257
v 17687.331 7473.576 -198.534
v 17565.988 7474.040 -203.732
v 17444.719 7474.496 -208.839
v 17323.520 7474.942 -213.837
v 17202.389 7475.377 -218.708
v 17081.324 7475.798 -223.427
v 16960.322 7476.204 -227.970
v 16839.381 7476.590 -232.304
v 16718.498 7476.956 -236.396
v 16597.668 7477.296 -240.206
v 16476.890 7477.606 -243.689
v 16356.159 7477.884 -246.796
v 16235.472 7478.123 -249.472
v 16115.019 7478.318 -251.666
v 15995.393 7478.489 -253.574
v 15875.806 7478.636 -255.222
v 15756.241 7478.752 -256.521
v 15636.678 7478.827 -257.370
v 15517.097 7478.853 -257.653
v 15397.473 7478.815 -257.233
v 15277.778 7478.701 -255.952
v 15157.980 7478.493 -253.617
v 15038.040 7478.169 -249.990
v 14917.911 7477.703 -244.771
v 14797.536 7477.060 -237.561
v 14676.840 7476.189 -227.808
v 14555.720 7475.018 -214.687
v 14434.021 7473.426 -196.845
v 14311.472 7471.181 -171.696
v 14187.449 7467.696 -132.644
v 14056.214 7456.818 -10.761
v 14168.120 7444.291 129.603
v 14287.207 7439.282 185.731
v 14407.741 7435.639 226.550
v 14529.095 7432.773 258.657
v 14650.999 7430.455 284.638
v 14773.298 7428.562 305.846
v 14895.889 7427.021 323.106
v 15018.697 7425.784 336.969
v 15141.665 7424.814 347.835
v 15264.745 7424.085 356.004
v 15387.900 7423.576 361.714
v 15511.096 7423.268 365.157
v 15634.306 7423.149 366.493
v 15757.506 7423.206 365.857
v 15880.673 7423.428 363.366
v 16003.790 7423.807 359.121
v 16126.840 7424.335 353.211
v 16249.038 7424.991 345.859
v 16370.988 7425.747 337.385
v 16492.882 7426.598 327.855
v 16614.715 7427.537 317.325
v 16736.485 7428.562 305.844
v 16858.187 7429.668 293.456
v 16979.819 7430.851 280.201
v 17101.378 7432.108 266.114
v 17222.860 7433.437 251.224
v 17344.263 7434.835 235.559
v 17465.586 7436.300 219.142
v 17586.825 7437.830 201.993
v 17707.977 7439.425 184.127
v 17829.041 7441.082 165.557
v 17950.015 7442.801 146.294
v 18070.894 7444.582 126.344
v 18191.678 7446.423 105.710
v 18312.362 7448.326 84.395
v 18432.945 7450.289 62.397
v 18553.422 7452.314 39.710
v 18673.790 7454.401 16.329
v 18794.046 7456.550 -7.758
v 18914.185 7458.764 -32.561
v 19034.204 7461.043 -58.097
v 19154.096 7463.389 -84.382
v 19273.858 7465.803 -111.436
v 19367.152 8833.067 46.627
v 19257.446 8833.645 40.148
v 19147.845 8834.212 33.799
v 19038.344 8834.768 27.562
v 18928.939 8835.316 21.422
v 18819.627 8835.857 15.367
v 18710.402 8836.391 9.383
v 18601.263 8836.919 3.464
v 18492.207 8837.442 -2.398
v 18383.229 8837.961 -8.206
v 18274.329 8838.474 -13.963
v 18165.502 8838.983 -19.666
v 18056.747 8839.487 -25.313
v 17948.062 8839.986 -30.898
v 17839.444 8840.478 -36.411
v 17730.890 8840.962 -41.842
v 17622.399 8841.438 -47.175
v 17513.968 8841.904 -52.393
v 17405.596 8842.358 -57.476
v 17297.278 8842.797 -62.400
v 17189.013 8843.220 -67.137
v 17080.798 8843.623 -71.656
v 16972.629 8844.004 -75.923
v 16864.504 8844.359 -79.896
v 16756.419 8844.683 -83.533
v 16648.369 8844.973 -86.783
v 16540.526 8845.225 -89.600
v 16433.422 8845.453 -92.155
v 16326.351 8845.660 -94.476
v 16219.296 8845.839 -96.486
v 16112.241 8845.983 -98.092
v 16005.165 8846.081 -99.192
v 15898.045 8846.123 -99.662
v 15790.856 8846.096 -99.362
v 15683.567 8845.985 -98.119
v 15576.142 8845.771 -95.720
v 15468.536 8845.430 -91.896
v 15360.696 8844.930 -86.292
v 15252.550 8844.226 -78.412
v 15144.001 8843.254 -67.520
v 15034.899 8841.905 -52.406
v 14924.984 8839.973 -30.753
v 14813.650 8836.930 3.338
v 14695.267 8827.273 111.549
v 14794.471 8815.985 238.029
v 14900.707 8811.424 289.130
v 15008.347 8808.086 326.535
v 15116.784 8805.443 356.143
v 15225.756 8803.290 380.270
v 15335.117 8801.518 400.126
v 15444.767 8800.061 416.448
v 15554.636 8798.876 429.731
v 15664.668 8797.930 440.331
v 15774.821 8797.199 448.517
v 15885.059 8796.665 454.502
v 15995.349 8796.312 458.457
v 16105.667 8796.128 460.524
v 16215.990 8796.101 460.827
v 16326.297 8796.222 459.467
v 16436.571 8796.483 456.537
v 16546.797 8796.878 452.116
v 16656.271 8797.388 446.397
v 16765.531 8797.988 439.672
v 16874.748 8798.673 432.002
v 16983.918 8799.438 423.434
v 17093.037 8800.278 414.015
v 17202.103 8801.191 403.784
v 17311.112 8802.174 392.776
v 17420.061 8803.223 381.021
v 17528.947 8804.336 368.548
v 17637.769 8805.511 355.380
v 17746.523 8806.747 341.538
v 17855.208 8808.041 327.039
v 17963.820 8809.392 311.899
v 18072.359 8810.800 296.127
v 18180.821 8812.263 279.734
v 18289.204 8813.781 262.725
v 18397.506 8815.353 245.104
v 18505.724 8816.980 226.872
v 18613.855 8818.662 208.027
v 18721.897 8820.399 188.565
v 18829.847 8822.192 168.479
v 18937.701 8824.041 147.762
v 19045.456 8825.947 126.402
v 19153.107 8827.912 104.386
v 19260.652 8829.937 81.697
v 19368.084 8832.023 58.319
v 19461.176 10199.935 209.124
v 19364.325 10200.514 202.636
v 19267.566 10201.083 196.263
v 19170.894 10201.642 189.990
v 19074.306 10202.195 183.804
v 18977.799 10202.740 177.692
v 18881.370 10203.280 171.645
v 18785.016 10203.814 165.655
v 18688.734 10204.344 159.717
v 18592.521 10204.870 153.826
v 18496.376 10205.392 147.982
v 18400.296 10205.909 142.185
v 18304.280 10206.422 136.438
v 18208.323 10206.930 130.747
v 18112.426 10207.432 125.119
v 18016.585 10207.928 119.565
v 17920.799 10208.416 114.097
v 17825.066 10208.895 108.731
v 17729.382 10209.363 103.485
v 17633.746 10209.818 98.380
v 17538.155 10210.259 93.441
v 17442.607 10210.683 88.694
v 17347.098 10211.087 84.171
v 17251.626 10211.467 79.907
v 17156.186 10211.821 75.940
v 17060.775 10212.145 72.315
v 16965.543 10212.434 69.074
v 16870.963 10212.702 66.071
v 16776.409 10212.952 63.273
v 16681.869 10213.177 60.751
v 16587.324 10213.370 58.585
v 16492.758 10213.523 56.867
v 16398.149 10213.627 55.703
v 16303.473 10213.670 55.220
v 16208.702 10213.639 55.570
v 16113.803 10213.517 56.939
v 16018.735 10213.283 59.565
v 15923.446 10212.908 63.762
v 15827.872 10212.354 69.967
v 15731.920 10211.563 78.829
v 15635.451 10210.440 91.418
v 15538.217 10208.801 109.775
v 15439.642 10206.183 139.109
v 15334.321 10197.727 233.859
v 15421.052 10187.695 346.263
v 15514.524 10183.601 392.140
v 15609.333 10180.586 425.928
v 15704.900 10178.184 452.836
v 15800.980 10176.214 474.907
v 15897.432 10174.581 493.208
v 15994.164 10173.226 508.390
v 16091.111 10172.111 520.888
v 16188.222 10171.206 531.019
v 16285.456 10170.493 539.018
v 16382.780 10169.952 545.073
v 16480.165 10169.572 549.335
v 16577.588 10169.340 551.932
v 16675.027 10169.247 552.969
v 16772.465 10169.286 552.538
v 16869.884 10169.448 550.720
v 16967.272 10169.728 547.584
v 17064.003 10170.111 543.297
v 17160.553 10170.573 538.120
v 17257.072 10171.109 532.107
v 17353.556 10171.717 525.302
v 17450.001 10172.391 517.745
v 17546.404 10173.130 509.469
v 17642.762 10173.930 500.507
v 17739.073 10174.788 490.885
v 17835.334 10175.704 480.628
v 17931.542 10176.674 469.757
v 18027.696 10177.697 458.291
v 18123.793 10178.772 446.243
v 18219.830 10179.898 433.628
v 18315.807 10181.074 420.456
v 18411.720 10182.299 406.734
v 18507.568 10183.572 392.467
v 18603.349 10184.893 377.660
v 18699.059 10186.263 362.311
v 18794.698 10187.681 346.421
v 18890.262 10189.148 329.986
v 18985.749 10190.664 312.999
v 19081.156 10192.230 295.454
v 19176.480 10193.847 277.340
v 19271.717 10195.515 258.645
v 19366.864 10197.237 239.356
v 19461.917 10199.013 219.458
v 19554.888 11567.572 363.004
v 19470.885 11568.134 356.709
v 19386.960 11568.686 350.515
v 19303.110 11569.231 344.408
v 19219.332 11569.770 338.377
v 19135.624 11570.302 332.412
v 19051.984 11570.829 326.503
v 18968.407 11571.352 320.644
v 18884.894 11571.871 314.830
v 18801.440 11572.386 309.058
v 18718.044 11572.898 303.327
v 18634.705 11573.406 297.637
v 18551.420 11573.909 291.992
v 18468.187 11574.409 286.395
v 18385.005 11574.904 280.854
v 18301.871 11575.392 275.376
v 18218.785 11575.874 269.975
v 18135.743 11576.349 264.661
v 18052.743 11576.813 259.453
v 17969.784 11577.267 254.367
v 17886.864 11577.708 249.425
v 17803.978 11578.135 244.650
v 17721.126 11578.543 240.070
v 17638.303 11578.932 235.715
v 17555.506 11579.298 231.618
v 17472.732 11579.637 227.818
v 17390.111 11579.946 224.353
v 17308.054 11580.237 221.097
v 17226.018 11580.511 218.021
v 17143.992 11580.764 215.184
v 17061.960 11580.990 212.656
v 16979.906 11581.181 210.516
v 16897.811 11581.329 208.858
v 16815.653 11581.424 207.789
v 16733.407 11581.455 207.443
v 16651.043 11581.407 207.980
v 16568.523 11581.262 209.607
v 16485.801 11580.995 212.596
v 16402.818 11580.573 217.325
v 16319.488 11579.946 224.359
v 16235.683 11579.030 234.621
v 16151.176 11577.667 249.885
v 16065.429 11575.456 274.666
v 15973.374 11568.182 356.169
v 16047.864 11559.423 454.310
v 16128.663 11555.813 494.763
v 16210.706 11553.138 524.735
v 16293.455 11550.995 548.741
v 16376.681 11549.227 568.554
v 16460.257 11547.751 585.097
v 16544.098 11546.515 598.935
v 16628.144 11545.488 610.447
v 16712.348 11544.644 619.904
v 16796.674 11543.965 627.512
v 16881.091 11543.437 633.434
v 16965.574 11543.047 637.801
v 17050.101 11542.786 640.723
v 17134.653 11542.646 642.291
v 17219.213 11542.620 642.585
v 17303.768 11542.701 641.675
v 17388.303 11542.884 639.622
v 17472.278 11543.157 636.565
v 17556.101 11543.499 632.734
v 17639.903 11543.906 628.178
v 17723.680 11544.374 622.934
v 17807.429 11544.900 617.037
v 17891.146 11545.482 610.517
v 17974.829 11546.117 603.400
v 18058.476 11546.803 595.710
v 18142.083 11547.539 587.469
v 18225.649 11548.322 578.695
v 18309.172 11549.151 569.404
v 18392.649 11550.025 559.608
v 18476.079 11550.944 549.319
v 18559.460 11551.905 538.546
v 18642.790 11552.909 527.295
v 18726.067 11553.955 515.572
v 18809.289 11555.044 503.379
v 18892.454 11556.174 490.715
v 18975.560 11557.346 477.582
v 19058.606 11558.560 463.974
v 19141.588 11559.818 449.887
v 19224.505 11561.118 435.316
v 19307.353 11562.463 420.250
v 19390.131 11563.852 404.679
v 19472.834 11565.288 388.593
v 19555.460 11566.771 371.976
v 19648.392 12935.978 508.263
v 19577.225 12936.505 502.364
v 19506.125 12937.023 496.552
v 19435.087 12937.535 490.814
v 19364.111 12938.042 485.140
v 19293.193 12938.543 479.522
v 19222.331 12939.040 473.953
v 19151.524 12939.533 468.427
v 19080.770 12940.023 462.939
v 19010.066 12940.510 457.487
v 18939.411 12940.993 452.070
v 18868.804 12941.473 446.689
v 18798.242 12941.950 441.346
v 18727.724 12942.424 436.044
v 18657.249 12942.893 430.789
v 18586.815 12943.357 425.589
v 18516.419 12943.815 420.454
v 18446.062 12944.267 415.393
v 18375.739 12944.710 410.422
v 18305.450 12945.145 405.555
v 18235.192 12945.568 400.810
v 18164.964 12945.979 396.208
v 18094.761 12946.375 391.770
v 18024.583 12946.754 387.524
v 17954.425 12947.113 383.496
v 17884.284 12947.450 379.721
v 17814.270 12947.762 376.229
v 17744.733 12948.057 372.920
v 17675.213 12948.339 369.763
v 17605.699 12948.603 366.809
v 17536.179 12948.843 364.116
v 17466.637 12949.054 361.753
v 17397.057 12949.228 359.797
v 17327.420 12949.358 358.341
v 17257.703 12949.434 357.496
v 17187.880 12949.442 357.400
v 17117.918 12949.369 358.226
v 17047.776 12949.192 360.206
v 16977.400 12948.884 363.659
v 16906.715 12948.401 369.063
v 16835.605 12947.675 377.201
v 16763.866 12946.571 389.574
v 16691.011 12944.747 410.006
v 16612.428 12938.636 478.478
v 16674.909 12931.167 562.170
v 16743.129 12928.058 597.003
v 16812.473 12925.742 622.960
v 16882.456 12923.876 643.864
v 16952.873 12922.327 661.216
v 17023.607 12921.026 675.800
v 17094.585 12919.929 688.092
v 17165.752 12919.008 698.413
v 17237.067 12918.242 706.994
v 17308.498 12917.616 714.008
v 17380.017 12917.117 719.594
v 17451.603 12916.736 723.862
v 17523.236 12916.465 726.904
v 17594.899 12916.296 728.800
v 17666.578 12916.223 729.616
v 17738.260 12916.241 729.411
v 17809.934 12916.346 728.237
v 17881.139 12916.527 726.208
v 17952.221 12916.767 723.522
v 18023.290 12917.061 720.221
v 18094.342 12917.408 716.337
v 18165.374 12917.804 711.899
v 18236.385 12918.247 706.933
v 18307.370 12918.736 701.460
v 18378.328 12919.268 695.502
v 18449.257 12919.841 689.077
v 18520.154 12920.455 682.199
v 18591.018 12921.108 674.882
v 18661.847 12921.799 667.137
v 18732.639 12922.528 658.974
v 18803.393 12923.293 650.401
v 18874.107 12924.094 641.422
v 18944.779 12924.931 632.042
v 19015.407 12925.804 622.263
v 19085.991 12926.712 612.086
v 19156.528 12927.656 601.509
v 19227.017 12928.636 590.530
v 19297.455 12929.652 579.145
v 19367.841 12930.705 567.348
v 19438.173 12931.795 555.132
v 19508.447 12932.924 542.488
v 19578.663 12934.091 529.405
v 19648.816 12935.299 515.873
v 19741.790 14305.154 644.902
v 19683.448 14305.627 639.601
v 19625.160 14306.094 634.372
v 19566.923 14306.555 629.205
v 19508.735 14307.011 624.090
v 19450.596 14307.464 619.022
v 19392.502 14307.912 613.994
v 19334.453 14308.358 609.002
v 19276.446 14308.801 604.041
v 19218.481 14309.241 599.111
v 19160.556 14309.678 594.209
v 19102.670 14310.113 589.337
v 19044.820 14310.545 584.496
v 18987.007 14310.974 579.690
v 18929.228 14311.399 574.922
v 18871.482 14311.821 570.200
v 18813.768 14312.238 565.531
v 18756.085 14312.649 560.924
v 18698.429 14313.053 556.390
v 18640.801 14313.450 551.942
v 18583.197 14313.838 547.594
v 18525.616 14314.216 543.363
v 18468.056 14314.581 539.268
v 18410.513 14314.933 535.329
v 18352.987 14315.268 531.570
v 18295.472 14315.585 528.018
v 18238.061 14315.882 524.701
v 18181.039 14316.164 521.535
v 18124.030 14316.435 518.495
v 18067.025 14316.692 515.620
v 18010.012 14316.929 512.961
v 17952.980 14317.143 510.572
v 17895.914 14317.326 508.516
v 17838.798 14317.473 506.870
v 17781.613 14317.575 505.725
v 17724.335 14317.622 505.194
v 17666.938 14317.602 505.418
v 17609.385 14317.498 506.587
v 17551.630 14317.286 508.964
v 17493.609 14316.931 512.939
v 17435.223 14316.377 519.154
v 17376.292 14315.512 528.839
v 17316.393 14314.059 545.127
v 17251.481 14309.091 600.788
v 17302.190 14302.927 669.849
v 17357.925 14300.338 698.866
v 17414.641 14298.397 720.608
v 17471.914 14296.826 738.210
v 17529.566 14295.515 752.901
v 17587.496 14294.407 765.323
v 17645.641 14293.466 775.867
v 17703.954 14292.669 784.795
v 17762.400 14291.999 792.296
v 17820.952 14291.444 798.513
v 17879.585 14290.994 803.559
v 17938.281 14290.640 807.524
v 17997.024 14290.376 810.484
v 18055.799 14290.196 812.504
v 18114.595 14290.095 813.638
v 18173.399 14290.068 813.935
v 18232.204 14290.113 813.436
v 18290.629 14290.220 812.233
v 18348.957 14290.375 810.491
v 18407.279 14290.576 808.243
v 18465.591 14290.819 805.518
v 18523.890 14291.103 802.338
v 18582.175 14291.426 798.724
v 18640.442 14291.785 794.695
v 18698.690 14292.180 790.267
v 18756.917 14292.610 785.456
v 18815.122 14293.072 780.273
v 18873.302 14293.567 774.730
v 18931.456 14294.093 768.836
v 18989.582 14294.650 762.599
v 19047.680 14295.236 756.024
v 19105.747 14295.853 749.117
v 19163.783 14296.499 741.881
v 19221.786 14297.174 734.317
v 19279.755 14297.878 726.425
v 19337.688 14298.612 718.206
v 19395.584 14299.375 709.657
v 19453.441 14300.167 700.774
v 19511.258 14300.990 691.553
v 19569.033 14301.844 681.987
v 19626.765 14302.729 672.070
v 19684.450 14303.646 661.793
v 19742.088 14304.597 651.147
v 19835.184 15675.099 772.920
v 19789.653 15675.501 768.420
v 19744.162 15675.897 763.976
v 19698.712 15676.289 759.581
v 19653.299 15676.678 755.228
v 19607.924 15677.063 750.911
v 19562.584 15677.446 746.625
v 19517.279 15677.826 742.368
v 19472.007 15678.203 738.136
v 19426.767 15678.579 733.927
v 19381.558 15678.953 729.742
v 19336.379 15679.324 725.579
v 19291.229 15679.693 721.442
v 19246.107 15680.060 717.331
v 19201.011 15680.424 713.251
v 19155.942 15680.785 709.207
v 19110.896 15681.142 705.204
v 19065.874 15681.495 701.250
v 19020.873 15681.843 697.353
v 18975.893 15682.185 693.523
v 18930.932 15682.520 689.772
v 18885.988 15682.846 686.112
v 18841.059 15683.163 682.559
v 18796.143 15683.470 679.128
v 18751.238 15683.763 675.837
v 18706.342 15684.043 672.708
v 18661.524 15684.306 669.763
v 18617.010 15684.558 666.939
v 18572.505 15684.801 664.212
v 18528.002 15685.033 661.615
v 18483.492 15685.249 659.187
v 18438.965 15685.447 656.968
v 18394.409 15685.622 655.011
v 18349.812 15685.768 653.373
v 18305.157 15685.880 652.126
v 18260.427 15685.948 651.357
v 18215.598 15685.964 651.178
v 18170.642 15685.914 651.736
v 18125.521 15685.780 653.236
v 18080.183 15685.535 655.982
v 18034.544 15685.134 660.476
v 17988.459 15684.492 667.676
v 17941.577 15683.389 680.028
v 17890.534 15679.545 723.098
v 17929.708 15674.704 777.347
v 17973.057 15672.651 800.353
v 18017.217 15671.104 817.684
v 18061.837 15669.845 831.785
v 18106.771 15668.790 843.614
v 18151.938 15667.892 853.673
v 18197.283 15667.125 862.266
v 18242.770 15666.471 869.599
v 18288.370 15665.916 875.818
v 18334.060 15665.450 881.035
v 18379.821 15665.066 885.338
v 18425.638 15664.757 888.797
v 18471.497 15664.519 891.471
v 18517.388 15664.345 893.411
v 18563.300 15664.234 894.660
v 18609.224 15664.181 895.254
v 18655.153 15664.183 895.228
v 18700.791 15664.235 894.649
v 18746.356 15664.324 893.648
v 18791.919 15664.449 892.253
v 18837.477 15664.607 890.484
v 18883.029 15664.796 888.360
v 18928.571 15665.016 885.898
v 18974.103 15665.265 883.111
v 19019.622 15665.541 880.012
v 19065.128 15665.845 876.614
v 19110.617 15666.174 872.925
v 19156.090 15666.528 868.955
v 19201.545 15666.907 864.711
v 19246.980 15667.310 860.198
v 19292.395 15667.736 855.422
v 19337.789 15668.185 850.386
v 19383.160 15668.658 845.093
v 19428.507 15669.153 839.543
v 19473.830 15669.671 833.738
v 19519.126 15670.212 827.676
v 19564.396 15670.776 821.356
v 19609.638 15671.363 814.776
v 19654.850 15671.974 807.931
v 19700.032 15672.609 800.817
v 19745.181 15673.269 793.428
v 19790.297 15673.953 785.758
v 19835.378 15674.664 777.799
v 19928.679 17045.813 892.318
v 19895.940 17046.126 888.821
v 19863.231 17046.434 885.364
v 19830.549 17046.739 881.943
v 19797.895 17047.042 878.552
v 19765.268 17047.342 875.188
v 19732.666 17047.640 871.846
v 19700.088 17047.937 868.525
v 19667.535 17048.232 865.222
v 19635.004 17048.525 861.936
v 19602.496 17048.817 858.667
v 19570.009 17049.107 855.415
v 19537.542 17049.396 852.181
v 19505.096 17049.682 848.966
v 19472.668 17049.967 845.774
v 19440.259 17050.250 842.607
v 19407.867 17050.530 839.471
v 19375.491 17050.807 836.369
v 19343.131 17051.080 833.309
v 19310.785 17051.349 830.297
v 19278.453 17051.612 827.342
v 19246.132 17051.870 824.453
v 19213.821 17052.121 821.641
v 19181.519 17052.364 818.916
v 19149.224 17052.598 816.293
v 19116.934 17052.822 813.786
v 19084.700 17053.034 811.412
v 19052.684 17053.238 809.126
v 19020.674 17053.436 806.911
v 18988.664 17053.625 804.790
v 18956.648 17053.804 802.789
v 18924.619 17053.969 800.939
v 18892.568 17054.117 799.277
v 18860.485 17054.245 797.845
v 18828.359 17054.348 796.694
v 18796.175 17054.420 795.886
v 18763.917 17054.454 795.503
v 18731.564 17054.441 795.648
v 18699.086 17054.367 796.471
v 18666.444 17054.214 798.189
v 18633.577 17053.949 801.164
v 18600.372 17053.510 806.083
v 18566.565 17052.740 814.704
v 18529.588 17050.000 845.408
v 18557.467 17046.496 884.668
v 18588.529 17044.997 901.470
v 18620.207 17043.861 914.193
v 18652.235 17042.933 924.593
v 18684.502 17042.150 933.361
v 18716.946 17041.481 940.856
v 18749.528 17040.907 947.298
v 18782.218 17040.413 952.834
v 18814.996 17039.990 957.568
v 18847.845 17039.632 961.582
v 18880.750 17039.332 964.939
v 18913.700 17039.087 967.688
v 18946.686 17038.892 969.873
v 18979.698 17038.744 971.530
v 19012.729 17038.640 972.690
v 19045.773 17038.579 973.379
v 19078.824 17038.557 973.621
v 19111.668 17038.571 973.464
v 19144.463 17038.612 973.003
v 19177.258 17038.679 972.258
v 19210.052 17038.769 971.244
v 19242.843 17038.883 969.975
v 19275.630 17039.018 968.462
v 19308.411 17039.174 966.715
v 19341.184 17039.350 964.744
v 19373.949 17039.545 962.558
v 19406.705 17039.758 960.162
v 19439.450 17039.990 957.564
v 19472.184 17040.240 954.768
v 19504.905 17040.507 951.779
v 19537.614 17040.790 948.600
v 19570.308 17041.091 945.234
v 19602.987 17041.408 941.683
v 19635.651 17041.741 937.948
v 19668.298 17042.091 934.028
v 19700.929 17042.457 929.923
v 19733.541 17042.840 925.633
v 19766.135 17043.240 921.155
v 19798.709 17043.656 916.486
v 19831.263 17044.090 911.624
v 19863.795 17044.542 906.564
v 19896.305 17045.012 901.301
v 19928.791 17045.500 895.830
v 18888.752 -2010.251 -894.974
v 18714.744 -2010.553 -898.365
v 18540.910 -2010.838 -901.556
v 18367.241 -2011.107 -904.575
v 18193.730 -2011.364 -907.447
v 18020.371 -2011.609 -910.192
v 17847.156 -2011.844 -912.828
v 17674.080 -2012.071 -915.367
v 17501.137 -2012.290 -917.821
v 17328.324 -2012.501 -920.196
v 17155.636 -2012.706 -922.493
v 16983.068 -2012.904 -924.711
v 16810.617 -2013.095 -926.844
v 16638.279 -2013.277 -928.882
v 16466.053 -2013.449 -930.812
v 16293.934 -2013.610 -932.615
v 16121.920 -2013.757 -934.268
v 15950.009 -2013.889 -935.743
v 15778.198 -2014.002 -937.008
v 15606.485 -2014.093 -938.023
v 15434.866 -2014.157 -938.747
v 15263.341 -2014.191 -939.129
v 15091.905 -2014.190 -939.114
v 14920.556 -2014.147 -938.638
v 14749.291 -2014.058 -937.632
v 14578.107 -2013.913 -936.016
v 14407.277 -2013.709 -933.728
v 14237.633 -2013.472 -931.070
v 14068.056 -2013.202 -928.047
v 13898.524 -2012.888 -924.530
v 13729.017 -2012.517 -920.375
v 13559.510 -2012.075 -915.417
v 13389.973 -2011.543 -909.461
v 13220.375 -2010.903 -902.281
v 13050.678 -2010.128 -893.602
v 12880.838 -2009.190 -883.086
v 12710.803 -2008.049 -870.305
v 12540.508 -2006.655 -854.691
v 12369.874 -2004.939 -835.457
v 12198.790 -2002.794 -811.431
v 12027.099 -2000.051 -780.689
v 11854.535 -1996.379 -739.550
v 11680.507 -1990.943 -678.639
v 11500.000 -1975.000 -500.000
v 11664.956 -1957.692 -306.063
v 11836.287 -1951.068 -231.844
v 12008.976 -1946.386 -179.388
v 12182.434 -1942.810 -139.319
v 12356.395 -1940.011 -107.956
v 12530.701 -1937.817 -83.377
v 12705.241 -1936.124 -64.407
v 12879.937 -1934.862 -50.261
v 13054.722 -1933.979 -40.370
v 13229.546 -1933.438 -34.307
v 13404.364 -1933.208 -31.733
v 13579.138 -1933.265 -32.374
v 13753.837 -1933.589 -36.002
v 13928.432 -1934.163 -42.425
v 14102.898 -1934.970 -51.476
v 14277.212 -1936.000 -63.011
v 14451.357 -1937.239 -76.902
v 14624.228 -1938.658 -92.799
v 14796.698 -1940.218 -110.275
v 14969.040 -1941.911 -129.246
v 15141.252 -1943.730 -149.631
v 15313.330 -1945.670 -171.362
v 15485.272 -1947.724 -194.374
v 15657.075 -1949.887 -218.613
v 15828.736 -1952.155 -244.029
v 16000.253 -1954.525 -270.578
v 16171.623 -1956.992 -298.222
v 16342.845 -1959.554 -326.928
v 16513.914 -1962.208 -356.670
v 16684.830 -1964.953 -387.423
v 16855.588 -1967.786 -419.169
v 17026.185 -1970.707 -451.894
v 17196.620 -1973.714 -485.589
v 17366.887 -1976.807 -520.247
v 17536.983 -1979.986 -555.868
v 17706.903 -1983.251 -592.453
v 17876.643 -1986.603 -630.008
v 18046.197 -1990.042 -668.544
v 18215.561 -1993.570 -708.073
v 18384.726 -1997.188 -748.614
v 18553.687 -2000.899 -790.188
v 18722.436 -2004.703 -832.817
v 18890.965 -2008.605 -876.531
v 18985.879 -3373.279 -689.458
v 18824.727 -3373.673 -693.873
v 18663.735 -3374.050 -698.101
v 18502.894 -3374.413 -702.169
v 18342.199 -3374.764 -706.098
v 18181.643 -3375.104 -709.910
v 18021.220 -3375.435 -713.619
v 17860.926 -3375.758 -717.238
v 17700.754 -3376.074 -720.777
v 17540.702 -3376.383 -724.241
v 17380.764 -3376.686 -727.633
v 17220.937 -3376.982 -730.950
v 17061.218 -3377.271 -734.188
v 16901.604 -3377.552 -737.338
v 16742.092 -3377.824 -740.386
v 16582.678 -3378.086 -743.316
v 16423.361 -3378.335 -746.106
v 16264.137 -3378.569 -748.731
v 16105.005 -3378.786 -751.159
v 15945.961 -3378.982 -753.357
v 15787.003 -3379.154 -755.284
v 15628.128 -3379.297 -756.893
v 15469.333 -3379.408 -758.133
v 15310.616 -3379.481 -758.947
v 15151.973 -3379.509 -759.268
v 14993.400 -3379.488 -759.025
v 14835.150 -3379.410 -758.156
v 14677.996 -3379.301 -756.936
v 14520.901 -3379.162 -755.376
v 14363.845 -3378.982 -753.360
v 14206.806 -3378.749 -750.752
v 14049.761 -3378.450 -747.400
v 13892.682 -3378.069 -743.125
v 13735.537 -3377.586 -737.715
v 13578.289 -3376.979 -730.918
v 13420.895 -3376.221 -722.421
v 13263.304 -3375.275 -711.827
v 13105.452 -3374.096 -698.611
v 12947.258 -3372.617 -682.044
v 12788.613 -3370.743 -661.042
v 12629.356 -3368.314 -633.823
v 12469.212 -3365.026 -596.981
v 12307.568 -3360.104 -541.836
v 12139.053 -3345.455 -377.690
v 12290.415 -3329.315 -196.846
v 12448.565 -3323.067 -126.846
v 12608.133 -3318.618 -76.995
v 12768.505 -3315.192 -38.610
v 12929.407 -3312.486 -8.287
v 13090.677 -3310.340 15.756
v 13252.208 -3308.658 34.604
v 13413.917 -3307.375 48.986
v 13575.741 -3306.443 59.427
v 13737.628 -3305.827 66.322
v 13899.536 -3305.500 69.986
v 14061.427 -3305.439 70.672
v 14223.271 -3305.625 68.589
v 14385.039 -3306.042 63.918
v 14546.706 -3306.676 56.812
v 14708.252 -3307.516 47.403
v 14869.658 -3308.551 35.811
v 15029.899 -3309.752 22.352
v 15189.780 -3311.084 7.426
v 15349.554 -3312.539 -8.884
v 15509.218 -3314.112 -26.506
v 15668.767 -3315.796 -45.374
v 15828.200 -3317.586 -65.431
v 15987.513 -3319.478 -86.625
v 16146.703 -3321.467 -108.910
v 16305.769 -3323.549 -132.246
v 16464.706 -3325.723 -156.598
v 16623.514 -3327.984 -181.934
v 16782.188 -3330.331 -208.230
v 16940.727 -3332.761 -235.465
v 17099.128 -3335.274 -263.620
v 17257.387 -3337.868 -292.684
v 17415.502 -3340.542 -322.646
v 17573.470 -3343.296 -353.503
v 17731.286 -3346.129 -385.252
v 17888.946 -3349.043 -417.895
v 18046.447 -3352.036 -451.438
v 18203.783 -3355.111 -485.892
v 18360.949 -3358.268 -521.267
v 18517.939 -3361.509 -557.580
v 18674.748 -3364.836 -594.851
v 18831.368 -3368.249 -633.102
v 18987.792 -3371.753 -672.359
v 19082.179 -4737.074 -492.533
v 18933.888 -4737.542 -497.768
v 18785.743 -4737.993 -502.831
v 18637.736 -4738.432 -507.744
v 18489.862 -4738.859 -512.530
v 18342.114 -4739.276 -517.206
v 18194.489 -4739.685 -521.787
v 18046.981 -4740.087 -526.284
v 17899.586 -4740.481 -530.706
v 17752.300 -4740.870 -535.058
v 17605.119 -4741.252 -539.343
v 17458.039 -4741.628 -543.559
v 17311.059 -4741.998 -547.701
v 17164.174 -4742.360 -551.760
v 17017.381 -4742.714 -555.726
v 16870.679 -4743.058 -559.582
v 16724.065 -4743.391 -563.309
v 16577.535 -4743.710 -566.882
v 16431.088 -4744.013 -570.275
v 16284.721 -4744.296 -573.455
v 16138.431 -4744.558 -576.384
v 15992.215 -4744.793 -579.021
v 15846.070 -4744.998 -581.317
v 15699.994 -4745.168 -583.221
v 15553.981 -4745.297 -584.670
v 15408.030 -4745.380 -585.599
v 15262.371 -4745.412 -585.950
v 15117.718 -4745.413 -585.971
v 14973.117 -4745.387 -585.678
v 14828.549 -4745.324 -584.964
v 14683.992 -4745.211 -583.706
v 14539.424 -4745.038 -581.763
v 14394.818 -4744.789 -578.970
v 14250.142 -4744.446 -575.134
v 14105.362 -4743.990 -570.022
v 13960.436 -4743.394 -563.346
v 13815.312 -4742.626 -554.741
v 13669.929 -4741.643 -543.725
v 13524.206 -4740.385 -529.628
v 13378.036 -4738.763 -511.452
v 13231.257 -4736.630 -487.558
v 13083.591 -4733.708 -454.814
v 12934.410 -4729.283 -405.233
v 12778.107 -4715.909 -255.380
v 12916.094 -4700.956 -87.832
v 13061.141 -4695.103 -22.254
v 13207.641 -4690.905 24.790
v 13354.965 -4687.647 61.285
v 13502.836 -4685.052 90.365
v 13651.093 -4682.973 113.667
v 13799.626 -4681.319 132.189
v 13948.357 -4680.033 146.603
v 14097.223 -4679.070 157.389
v 14246.173 -4678.399 164.913
v 14395.165 -4677.993 169.463
v 14544.164 -4677.831 171.271
v 14693.140 -4677.897 170.532
v 14842.064 -4678.176 167.409
v 14990.914 -4678.655 162.044
v 15139.670 -4679.323 154.560
v 15288.311 -4680.170 145.064
v 15435.896 -4681.172 133.841
v 15583.159 -4682.294 121.267
v 15730.333 -4683.530 107.418
v 15877.416 -4684.874 92.360
v 16024.403 -4686.320 76.154
v 16171.291 -4687.865 58.853
v 16318.078 -4689.502 40.504
v 16464.759 -4691.229 21.151
v 16611.333 -4693.043 0.830
v 16757.797 -4694.940 -20.427
v 16904.148 -4696.918 -42.592
v 17050.385 -4698.975 -65.641
v 17196.503 -4701.109 -89.554
v 17342.501 -4703.319 -114.316
v 17488.375 -4705.604 -139.915
v 17634.123 -4707.963 -166.342
v 17779.742 -4710.395 -193.594
v 17925.227 -4712.900 -221.667
v 18070.577 -4715.479 -250.565
v 18215.785 -4718.133 -280.293
v 18360.849 -4720.860 -310.859
v 18505.764 -4723.664 -342.276
v 18650.523 -4726.545 -374.556
v 18795.122 -4729.505 -407.720
v 18939.555 -4732.545 -441.787
v 19083.815 -4735.669 -476.781
v 19177.756 -6101.637 -304.206
v 19042.328 -6102.159 -310.059
v 18907.032 -6102.668 -315.753
v 18771.861 -6103.164 -321.310
v 18636.810 -6103.649 -326.750
v 18501.875 -6104.125 -332.088
v 18367.050 -6104.594 -337.338
v 18232.332 -6105.056 -342.511
v 18097.716 -6105.511 -347.614
v 17963.200 -6105.961 -352.654
v 17828.779 -6106.405 -357.630
v 17694.450 -6106.844 -362.543
v 17560.211 -6107.276 -367.388
v 17426.059 -6107.702 -372.157
v 17291.990 -6108.119 -376.839
v 17158.004 -6108.528 -381.421
v 17024.096 -6108.927 -385.884
v 16890.265 -6109.312 -390.206
v 16756.508 -6109.683 -394.362
v 16622.823 -6110.037 -398.324
v 16489.206 -6110.370 -402.055
v 16355.654 -6110.679 -405.520
v 16222.165 -6110.960 -408.673
v 16088.736 -6111.210 -411.466
v 15955.362 -6111.422 -413.844
v 15822.039 -6111.592 -415.746
v 15688.980 -6111.714 -417.119
v 15556.838 -6111.809 -418.181
v 15424.740 -6111.878 -418.957
v 15292.670 -6111.913 -419.349
v 15160.606 -6111.904 -419.243
v 15028.526 -6111.839 -418.512
v 14896.406 -6111.704 -417.005
v 14764.215 -6111.485 -414.545
v 14631.919 -6111.161 -410.920
v 14499.477 -6110.710 -405.867
v 14366.842 -6110.102 -399.054
v 14233.952 -6109.298 -390.041
v 14100.730 -6108.242 -378.214
v 13967.068 -6106.854 -362.665
v 13832.809 -6105.001 -341.897
v 13697.676 -6102.426 -313.051
v 13561.036 -6098.480 -268.835
v 13417.160 -6086.364 -133.071
v 13541.994 -6072.615 20.984
v 13674.020 -6067.175 81.937
v 13807.508 -6063.245 125.970
v 13941.825 -6060.175 160.373
v 14076.696 -6057.708 188.005
v 14211.962 -6055.713 210.362
v 14347.515 -6054.107 228.355
v 14483.278 -6052.836 242.595
v 14619.190 -6051.861 253.523
v 14755.204 -6051.152 261.472
v 14891.278 -6050.685 266.704
v 15027.377 -6050.441 269.431
v 15163.474 -6050.406 269.831
v 15299.542 -6050.564 268.053
v 15435.558 -6050.906 264.227
v 15571.503 -6051.420 258.464
v 15707.358 -6052.099 250.862
v 15842.261 -6052.918 241.676
v 15976.879 -6053.849 231.252
v 16111.427 -6054.883 219.662
v 16245.898 -6056.016 206.968
v 16380.291 -6057.243 193.225
v 16514.602 -6058.558 178.481
v 16648.827 -6059.960 162.779
v 16782.964 -6061.443 146.158
v 16917.009 -6063.005 128.652
v 17050.961 -6064.644 110.291
v 17184.817 -6066.357 91.100
v 17318.573 -6068.142 71.100
v 17452.229 -6069.997 50.310
v 17585.780 -6071.922 28.743
v 17719.225 -6073.915 6.411
v 17852.561 -6075.976 -16.679
v 17985.784 -6078.104 -40.522
v 18118.892 -6080.299 -65.118
v 18251.881 -6082.561 -90.467
v 18384.748 -6084.892 -116.576
v 18517.488 -6087.290 -143.452
v 18650.098 -6089.758 -171.105
v 18782.573 -6092.297 -199.549
v 18914.908 -6094.907 -228.800
v 19047.098 -6097.592 -258.878
v 19179.136 -6100.352 -289.805
v 19272.713 -7466.968 -124.484
v 19150.148 -7467.527 -130.752
v 19027.700 -7468.074 -136.875
v 18905.365 -7468.609 -142.873
v 18783.138 -7469.135 -148.764
v 18661.015 -7469.652 -154.562
v 18538.992 -7470.162 -160.279
v 18417.064 -7470.666 -165.926
v 18295.229 -7471.165 -171.510
v 18173.482 -7471.658 -177.034
v 18051.822 -7472.146 -182.502
v 17930.245 -7472.628 -187.910
v 17808.749 -7473.106 -193.257
v 17687.331 -7473.576 -198.534
v 17565.988 -7474.040 -203.732
v 17444.719 -7474.496 -208.839
v 17323.520 -7474.942 -213.837
v 17202.389 -7475.377 -218.708
v 17081.324 -7475.798 -223.427
v 16960.322 -7476.204 -227.970
v 16839.381 -7476.590 -232.304
v 16718.498 -7476.956 -236.396
v 16597.668 -7477.296 -240.206
v 16476.890 -7477.606 -243.689
v 16356.159 -7477.884 -246.796
v 16235.472 -7478.123 -249.472
v 16115.019 -7478.318 -251.666
v 15995.393 -7478.489 -253.574
v 15875.806 -7478.636 -255.222
v 15756.241 -7478.752 -256.521
v 15636.678 -7478.827 -257.370
v 15517.097 -7478.853 -257.653
v 15397.473 -7478.815 -257.233
v 15277.778 -7478.701 -255.952
v 15157.980 -7478.493 -253.617
v 15038.040 -7478.169 -249.990
v 14917.911 -7477.703 -244.771
v 14797.536 -7477.060 -237.561
v 14676.840 -7476.189 -227.808
v 14555.720 -7475.018 -214.687
v 14434.021 -7473.426 -196.845
v 14311.472 -7471.181 -171.696
v 14187.449 -7467.696 -132.644
v 14056.214 -7456.818 -10.761
v 14168.120 -7444.291 129.603
v 14287.207 -7439.282 185.731
v 14407.741 -7435.639 226.550
v 14529.095 -7432.773 258.657
v 14650.999 -7430.455 284.638
v 14773.298 -7428.562 305.846
v 14895.889 -7427.021 323.106
v 15018.697 -7425.784 336.969
v 15141.665 -7424.814 347.835
v 15264.745 -7424.085 356.004
v 15387.900 -7423.576 361.714
v 15511.096 -7423.268 365.157
v 15634.306 -7423.149 366.493
v 15757.506 -7423.206 365.857
v 15880.673 -7423.428 363.366
v 16003.790 -7423.807 359.121
v 16126.840 -7424.335 353.211
v 16249.038 -7424.991 345.859
v 16370.988 -7425.747 337.385
v 16492.882 -7426.598 327.855
v 16614.715 -7427.537 317.325
v 16736.485 -7428.562 305.844
v 16858.187 -7429.668 293.456
v 16979.819 -7430.851 280.201
v 17101.378 -7432.108 266.114
v 17222.860 -7433.437 251.224
v 17344.263 -7434.835 235.559
v 17465.586 -7436.300 219.142
v 17586.825 -7437.830 201.993
v 17707.977 -7439.425 184.127
v 17829.041 -7441.082 165.557
v 17950.015 -7442.801 146.294
v 18070.894 -7444.582 126.344
v 18191.678 -7446.423 105.710
v 18312.362 -7448.326 84.395
v 18432.945 -7450.289 62.397
v 18553.422 -7452.314 39.710
v 18673.790 -7454.401 16.329
v 18794.046 -7456.550 -7.758
v 18914.185 -7458.764 -32.561
v 19034.204 -7461.043 -58.097
v 19154.096 -7463.389 -84.382
v 19273.858 -7465.803 -111.436
v 19367.152 -8833.067 46.627
v 19257.446 -8833.645 40.148
v 19147.845 -8834.212 33.799
v 19038.344 -8834.768 27.562
v 18928.939 -8835.316 21.422
v 18819.627 -8835.857 15.367
v 18710.402 -8836.391 9.383
v 18601.263 -8836.919 3.464
v 18492.207 -8837.442 -2.398
v 18383.229 -8837.961 -8.206
v 18274.329 -8838.474 -13.963
v 18165.502 -8838.983 -19.666
v 18056.747 -8839.487 -25.313
v 17948.062 -8839.986 -30.898
v 17839.444 -8840.478 -36.411
v 17730.890 -8840.962 -41.842
v 17622.399 -8841.438 -47.175
v 17513.968 -8841.904 -52.393
v 17405.596 -8842.358 -57.476
v 17297.278 -8842.797 -62.400
v 17189.013 -8843.220 -67.137
v 17080.798 -8843.623 -71.656
v 16972.629 -8844.004 -75.923
v 16864.504 -8844.359 -79.896
v 16756.419 -8844.683 -83.533
v 16648.369 -8844.973 -86.783
v 16540.526 -8845.225 -89.600
v 16433.422 -8845.453 -92.155
v 16326.351 -8845.660 -94.476
v 16219.296 -8845.839 -96.486
v 16112.241 -8845.983 -98.092
v 16005.165 -8846.081 -99.192
v 15898.045 -8846.123 -99.662
v 15790.856 -8846.096 -99.362
v 15683.567 -8845.985 -98.119
v 15576.142 -8845.771 -95.720
v 15468.536 -8845.430 -91.896
v 15360.696 -8844.930 -86.292
v 15252.550 -8844.226 -78.412
v 15144.001 -8843.254 -67.520
v 15034.899 -8841.905 -52.406
v 14924.984 -8839.973 -30.753
v 14813.650 -8836.930 3.338
v 14695.267 -8827.273 111.549
v 14794.471 -8815.985 238.029
v 14900.707 -8811.424 289.130
v 15008.347 -8808.086 326.535
v 15116.784 -8805.443 356.143
v 15225.756 -8803.290 380.270
v 15335.117 -8801.518 400.126
v 15444.767 -8800.061 416.448
v 15554.636 -8798.876 429.731
v 15664.668 -8797.930 440.331
v 15774.821 -8797.199 448.517
v 15885.059 -8796.665 454.502
v 15995.349 -8796.312 458.457
v 16105.667 -8796.128 460.524
v 16215.990 -8796.101 460.827
v 16326.297 -8796.222 459.467
v 16436.571 -8796.483 456.537
v 16546.797 -8796.878 452.116
v 16656.271 -8797.388 446.397
v 16765.531 -8797.988 439.672
v 16874.748 -8798.673 432.002
v 16983.918 -8799.438 423.434
v 17093.037 -8800.278 414.015
v 17202.103 -8801.191 403.784
v 17311.112 -8802.174 392.776
v 17420.061 -8803.223 381.021
v 17528.947 -8804.336 368.548
v 17637.769 -8805.511 355.380
v 17746.523 -8806.747 341.538
v 17855.208 -8808.041 327.039
v 17963.820 -8809.392 311.899
v 18072.359 -8810.800 296.127
v 18180.821 -8812.263 279.734
v 18289.204 -8813.781 262.725
v 18397.506 -8815.353 245.104
v 18505.724 -8816.980 226.872
v 18613.855 -8818.662 208.027
v 18721.897 -8820.399 188.565
v 18829.847 -8822.192 168.479
v 18937.701 -8824.041 147.762
v 19045.456 -8825.947 126.402
v 19153.107 -8827.912 104.386
v 19260.652 -8829.937 81.697
v 19368.084 -8832.023 58.319
v 19461.176 -10199.935 209.124
v 19364.325 -10200.514 202.636
v 19267.566 -10201.083 196.263
v 19170.894 -10201.642 189.990
v 19074.306 -10202.195 183.804
v 18977.799 -10202.740 177.692
v 18881.370 -10203.280 171.645
v 18785.016 -10203.814 165.655
v 18688.734 -10204.344 159.717
v 18592.521 -10204.870 153.826
v 18496.376 -10205.392 147.982
v 18400.296 -10205.909 142.185
v 18304.280 -10206.422 136.438
v 18208.323 -10206.930 130.747
v 18112.426 -10207.432 125.119
v 18016.585 -10207.928 119.565
v 17920.799 -10208.416 114.097
v 17825.066 -10208.895 108.731
v 17729.382 -10209.363 103.485
v 17633.746 -10209.818 98.380
v 17538.155 -10210.259 93.441
v 17442.607 -10210.683 88.694
v 17347.098 -10211.087 84.171
v 17251.626 -10211.467 79.907
v 17156.186 -10211.821 75.940
v 17060.775 -10212.145 72.315
v 16965.543 -10212.434 69.074
v 16870.963 -10212.702 66.071
v 16776.409 -10212.952 63.273
v 16681.869 -10213.177 60.751
v 16587.324 -10213.370 58.585
v 16492.758 -10213.523 56.867
v 16398.149 -10213.627 55.703
v 16303.473 -10213.670 55.220
v 16208.702 -10213.639 55.570
v 16113.803 -10213.517 56.939
v 16018.735 -10213.283 59.565
v 15923.446 -10212.908 63.762
v 15827.872 -10212.354 69.967
v 15731.920 -10211.563 78.829
v 15635.451 -10210.440 91.418
v 15538.217 -10208.801 109.775
v 15439.642 -10206.183 139.109
v 15334.321 -10197.727 233.859
v 15421.052 -10187.695 346.263
v 15514.524 -10183.601 392.140
v 15609.333 -10180.586 425.928
v 15704.900 -10178.184 452.836
v 15800.980 -10176.214 474.907
v 15897.432 -10174.581 493.208
v 15994.164 -10173.226 508.390
v 16091.111 -10172.111 520.888
v 16188.222 -10171.206 531.019
v 16285.456 -10170.493 539.018
v 16382.780 -10169.952 545.073
v 16480.165 -10169.572 549.335
v 16577.588 -10169.340 551.932
v 16675.027 -10169.247 552.969
v 16772.465 -10169.286 552.538
v 16869.884 -10169.448 550.720
v 16967.272 -10169.728 547.584
v 17064.003 -10170.111 543.297
v 17160.553 -10170.573 538.120
v 17257.072 -10171.109 532.107
v 17353.556 -10171.717 525.302
v 17450.001 -10172.391 517.745
v 17546.404 -10173.130 509.469
v 17642.762 -10173.930 500.507
v 17739.073 -10174.788 490.885
v 17835.334 -10175.704 480.628
v 17931.542 -10176.674 469.757
v 18027.696 -10177.697 458.291
v 18123.793 -10178.772 446.243
v 18219.830 -10179.898 433.628
v 18315.807 -10181.074 420.456
v 18411.720 -10182.299 406.734
v 18507.568 -10183.572 392.467
v 18603.349 -10184.893 377.660
v 18699.059 -10186.263 362.311
v 18794.698 -10187.681 346.421
v 18890.262 -10189.148 329.986
v 18985.749 -10190.664 312.999
v 19081.156 -10192.230 295.454
v 19176.480 -10193.847 277.340
v 19271.717 -10195.515 258.645
v 19366.864 -10197.237 239.356
v 19461.917 -10199.013 219.458
v 19554.888 -11567.572 363.004
v 19470.885 -11568.134 356.709
v 19386.960 -11568.686 350.515
v 19303.110 -11569.231 344.408
v 19219.332 -11569.770 338.377
v 19135.624 -11570.302 332.412
v 19051.984 -11570.829 326.503
v 18968.407 -11571.352 320.644
v 18884.894 -11571.871 314.830
v 18801.440 -11572.386 309.058
v 18718.044 -11572.898 303.327
v 18634.705 -11573.406 297.637
v 18551.420 -11573.909 291.992
v 18468.187 -11574.409 286.395
v 18385.005 -11574.904 280.854
v 18301.871 -11575.392 275.376
v 18218.785 -11575.874 269.975
v 18135.743 -11576.349 264.661
v 18052.743 -11576.813 259.453
v 17969.784 -11577.267 254.367
v 17886.864 -11577.708 249.425
v 17803.978 -11578.135 244.650
v 17721.126 -11578.543 240.070
v 17638.303 -11578.932 235.715
v 17555.506 -11579.298 231.618
v 17472.732 -11579.637 227.818
v 17390.111 -11579.946 224.353
v 17308.054 -11580.237 221.097
v 17226.018 -11580.511 218.021
v 17143.992 -11580.764 215.184
v 17061.960 -11580.990 212.656
v 16979.906 -11581.181 210.516
v 16897.811 -11581.329 208.858
v 16815.653 -11581.424 207.789
v 16733.407 -11581.455 207.443
v 16651.043 -11581.407 207.980
v 16568.523 -11581.262 209.607
v 16485.801 -11580.995 212.596
v 16402.818 -11580.573 217.325
v 16319.488 -11579.946 224.359
v 16235.683 -11579.030 234.621
v 16151.176 -11577.667 249.885
v 16065.429 -11575.456 274.666
v 15973.374 -11568.182 356.169
v 16047.864 -11559.423 454.310
v 16128.663 -11555.813 494.763
v 16210.706 -11553.138 524.735
v 16293.455 -11550.995 548.741
v 16376.681 -11549.227 568.554
v 16460.257 -11547.751 585.097
v 16544.098 -11546.515 598.935
v 16628.144 -11545.488 610.447
v 16712.348 -11544.644 619.904
v 16796.674 -11543.965 627.512
v 16881.091 -11543.437 633.434
v 16965.574 -11543.047 637.801
v 17050.101 -11542.786 640.723
v 17134.653 -11542.646 642.291
v 17219.213 -11542.620 642.585
v 17303.768 -11542.701 641.675
v 17388.303 -11542.884 639.622
v 17472.278 -11543.157 636.565
v 17556.101 -11543.499 632.734
v 17639.903 -11543.906 628.178
v 17723.680 -11544.374 622.934
v 17807.429 -11544.900 617.037
v 17891.146 -11545.482 610.517
v 17974.829 -11546.117 603.400
v 18058.476 -11546.803 595.710
v 18142.083 -11547.539 587.469
v 18225.649 -11548.322 578.695
v 18309.172 -11549.151 569.404
v 18392.649 -11550.025 559.608
v 18476.079 -11550.944 549.319
v 18559.460 -11551.905 538.546
v 18642.790 -11552.909 527.295
v 18726.067 -11553.955 515.572
v 18809.289 -11555.044 503.379
v 18892.454 -11556.174 490.715
v 18975.560 -11557.346 477.582
v 19058.606 -11558.560 463.974
v 19141.588 -11559.818 449.887
v 19224.505 -11561.118 435.316
v 19307.353 -11562.463 420.250
v 19390.131 -11563.852 404.679
v 19472.834 -11565.288 388.593
v 19555.460 -11566.771 371.976
v 19648.392 -12935.978 508.263
v 19577.225 -12936.505 502.364
v 19506.125 -12937.023 496.552
v 19435.087 -12937.535 490.814
v 19364.111 -12938.042 485.140
v 19293.193 -12938.543 479.522
v 19222.331 -12939.040 473.953
v 19151.524 -12939.533 468.427
v 19080.770 -12940.023 462.939
v 19010.066 -12940.510 457.487
v 18939.411 -12940.993 452.070
v 18868.804 -12941.473 446.689
v 18798.242 -12941.950 441.346
v 18727.724 -12942.424 436.044
v 18657.249 -12942.893 430.789
v 18586.815 -12943.357 425.589
v 18516.419 -12943.815 420.454
v 18446.062 -12944.267 415.393
v 18375.739 -12944.710 410.422
v 18305.450 -12945.145 405.555
v 18235.192 -12945.568 400.810
v 18164.964 -12945.979 396.208
v 18094.761 -12946.375 391.770
v 18024.583 -12946.754 387.524
v 17954.425 -12947.113 383.496
v 17884.284 -12947.450 379.721
v 17814.270 -12947.762 376.229
v 17744.733 -12948.057 372.920
v 17675.213 -12948.339 369.763
v 17605.699 -12948.603 366.809
v 17536.179 -12948.843 364.116
v 17466.637 -12949.054 361.753
v 17397.057 -12949.228 359.797
v 17327.420 -12949.358 358.341
v 17257.703 -12949.434 357.496
v 17187.880 -12949.442 357.400
v 17117.918 -12949.369 358.226
v 17047.776 -12949.192 360.206
v 16977.400 -12948.884 363.659
v 16906.715 -12948.401 369.063
v 16835.605 -12947.675 377.201
v 16763.866 -12946.571 389.574
v 16691.011 -12944.747 410.006
v 16612.428 -12938.636 478.478
v 16674.909 -12931.167 562.170
v 16743.129 -12928.058 597.003
v 16812.473 -12925.742 622.960
v 16882.456 -12923.876 643.864
v 16952.873 -12922.327 661.216
v 17023.607 -12921.026 675.800
v 17094.585 -12919.929 688.092
v 17165.752 -12919.008 698.413
v 17237.067 -12918.242 706.994
v 17308.498 -12917.616 714.008
v 17380.017 -12917.117 719.594
v 17451.603 -12916.736 723.862
v 17523.236 -12916.465 726.904
v 17594.899 -12916.296 728.800
v 17666.578 -12916.223 729.616
v 17738.260 -12916.241 729.411
v 17809.934 -12916.346 728.237
v 17881.139 -12916.527 726.208
v 17952.221 -12916.767 723.522
v 18023.290 -12917.061 720.221
v 18094.342 -12917.408 716.337
v 18165.374 -12917.804 711.899
v 18236.385 -12918.247 706.933
v 18307.370 -12918.736 701.460
v 18378.328 -12919.268 695.502
v 18449.257 -12919.841 689.077
v 18520.154 -12920.455 682.199
v 18591.018 -12921.108 674.882
v 18661.847 -12921.799 667.137
v 18732.639 -12922.528 658.974
v 18803.393 -12923.293 650.401
v 18874.107 -12924.094 641.422
v 18944.779 -12924.931 632.042
v 19015.407 -12925.804 622.263
v 19085.991 -12926.712 612.086
v 19156.528 -12927.656 601.509
v 19227.017 -12928.636 590.530
v 19297.455 -12929.652 579.145
v 19367.841 -12930.705 567.348
v 19438.173 -12931.795 555.132
v 19508.447 -12932.924 542.488
v 19578.663 -12934.091 529.405
v 19648.816 -12935.299 515.873
v 19741.790 -14305.154 644.902
v 19683.448 -14305.627 639.601
v 19625.160 -14306.094 634.372
v 19566.923 -14306.555 629.205
v 19508.735 -14307.011 624.090
v 19450.596 -14307.464 619.022
v 19392.502 -14307.912 613.994
v 19334.453 -14308.358 609.002
v 19276.446 -14308.801 604.041
v 19218.481 -14309.241 599.111
v 19160.556 -14309.678 594.209
v 19102.670 -14310.113 589.337
v 19044.820 -14310.545 584.496
v 18987.007 -14310.974 579.690
v 18929.228 -14311.399 574.922
v 18871.482 -14311.821 570.200
v 18813.768 -14312.238 565.531
v 18756.085 -14312.649 560.924
v 18698.429 -14313.053 556.390
v 18640.801 -14313.450 551.942
v 18583.197 -14313.838 547.594
v 18525.616 -14314.216 543.363
v 18468.056 -14314.581 539.268
v 18410.513 -14314.933 535.329
v 18352.987 -14315.268 531.570
v 18295.472 -14315.585 528.018
v 18238.061 -14315.882 524.701
v 18181.039 -14316.164 521.535
v 18124.030 -14316.435 518.495
v 18067.025 -14316.692 515.620
v 18010.012 -14316.929 512.961
v 17952.980 -14317.143 510.572
v 17895.914 -14317.326 508.516
v 17838.798 -14317.473 506.870
v 17781.613 -14317.575 505.725
v 17724.335 -14317.622 505.194
v 17666.938 -14317.602 505.418
v 17609.385 -14317.498 506.587
v 17551.630 -14317.286 508.964
v 17493.609 -14316.931 512.939
v 17435.223 -14316.377 519.154
v 17376.292 -14315.512 528.839
v 17316.393 -14314.059 545.127
v 17251.481 -14309.091 600.788
v 17302.190 -14302.927 669.849
v 17357.925 -14300.338 698.866
v 17414.641 -14298.397 720.608
v 17471.914 -14296.826 738.210
v 17529.566 -14295.515 752.901
v 17587.496 -14294.407 765.323
v 17645.641 -14293.466 775.867
v 17703.954 -14292.669 784.795
v 17762.400 -14291.999 792.296
v 17820.952 -14291.444 798.513
v 17879.585 -14290.994 803.559
v 17938.281 -14290.640 807.524
v 17997.024 -14290.376 810.484
v 18055.799 -14290.196 812.504
v 18114.595 -14290.095 813.638
v 18173.399 -14290.068 813.935
v 18232.204 -14290.113 813.436
v 18290.629 -14290.220 812.233
v 18348.957 -14290.375 810.491
v 18407.279 -14290.576 808.243
v 18465.591 -14290.819 805.518
v 18523.890 -14291.103 802.338
v 18582.175 -14291.426 798.724
v 18640.442 -14291.785 794.695
v 18698.690 -14292.180 790.267
v 18756.917 -14292.610 785.456
v 18815.122 -14293.072 780.273
v 18873.302 -14293.567 774.730
v 18931.456 -14294.093 768.836
v 18989.582 -14294.650 762.599
v 19047.680 -14295.236 756.024
v 19105.747 -14295.853 749.117
v 19163.783 -14296.499 741.881
v 19221.786 -14297.174 734.317
v 19279.755 -14297.878 726.425
v 19337.688 -14298.612 718.206
v 19395.584 -14299.375 709.657
v 19453.441 -14300.167 700.774
v 19511.258 -14300.990 691.553
v 19569.033 -14301.844 681.987
v 19626.765 -14302.729 672.070
v 19684.450 -14303.646 661.793
v 19742.088 -14304.597 651.147
v 19835.184 -15675.099 772.920
v 19789.653 -15675.501 768.420
v 19744.162 -15675.897 763.976
v 19698.712 -15676.289 759.581
v 19653.299 -15676.678 755.228
v 19607.924 -15677.063 750.911
v 19562.584 -15677.446 746.625
v 19517.279 -15677.826 742.368
v 19472.007 -15678.203 738.136
v 19426.767 -15678.579 733.927
v 19381.558 -15678.953 729.742
v 19336.379 -15679.324 725.579
v 19291.229 -15679.693 721.442
v 19246.107 -15680.060 717.331
v 19201.011 -15680.424 713.251
v 19155.942 -15680.785 709.207
v 19110.896 -15681.142 705.204
v 19065.874 -15681.495 701.250
v 19020.873 -15681.843 697.353
v 18975.893 -15682.185 693.523
v 18930.932 -15682.520 689.772
v 18885.988 -15682.846 686.112
v 18841.059 -15683.163 682.559
v 18796.143 -15683.470 679.128
v 18751.238 -15683.763 675.837
v 18706.342 -15684.043 672.708
v 18661.524 -15684.306 669.763
v 18617.010 -15684.558 666.939
v 18572.505 -15684.801 664.212
v 18528.002 -15685.033 661.615
v 18483.492 -15685.249 659.187
v 18438.965 -15685.447 656.968
v 18394.409 -15685.622 655.011
v 18349.812 -15685.768 653.373
v 18305.157 -15685.880 652.126
v 18260.427 -15685.948 651.357
v 18215.598 -15685.964 651.178
v 18170.642 -15685.914 651.736
v 18125.521 -15685.780 653.236
v 18080.183 -15685.535 655.982
v 18034.544 -15685.134 660.476
v 17988.459 -15684.492 667.676
v 17941.577 -15683.389 680.028
v 17890.534 -15679.545 723.098
v 17929.708 -15674.704 777.347
v 17973.057 -15672.651 800.353
v 18017.217 -15671.104 817.684
v 18061.837 -15669.845 831.785
v 18106.771 -15668.790 843.614
v 18151.938 -15667.892 853.673
v 18197.283 -15667.125 862.266
v 18242.770 -15666.471 869.599
v 18288.370 -15665.916 875.818
v 18334.060 -15665.450 881.035
v 18379.821 -15665.066 885.338
v 18425.638 -15664.757 888.797
v 18471.497 -15664.519 891.471
v 18517.388 -15664.345 893.411
v 18563.300 -15664.234 894.660
v 18609.224 -15664.181 895.254
v 18655.153 -15664.183 895.228
v 18700.791 -15664.235 894.649
v 18746.356 -15664.324 893.648
v 18791.919 -15664.449 892.253
v 18837.477 -15664.607 890.484
v 18883.029 -15664.796 888.360
v 18928.571 -15665.016 885.898
v 18974.103 -15665.265 883.111
v 19019.622 -15665.541 880.012
v 19065.128 -15665.845 876.614
v 19110.617 -15666.174 872.925
v 19156.090 -15666.528 868.955
v 19201.545 -15666.907 864.711
v 19246.980 -15667.310 860.198
v 19292.395 -15667.736 855.422
v 19337.789 -15668.185 850.386
v 19383.160 -15668.658 845.093
v 19428.507 -15669.153 839.543
v 19473.830 -15669.671 833.738
v 19519.126 -15670.212 827.676
v 19564.396 -15670.776 821.356
v 19609.638 -15671.363 814.776
v 19654.850 -15671.974 807.931
v 19700.032 -15672.609 800.817
v 19745.181 -15673.269 793.428
v 19790.297 -15673.953 785.758
v 19835.378 -15674.664 777.799
v 19928.679 -17045.813 892.318
v 19895.940 -17046.126 888.821
v 19863.231 -17046.434 885.364
v 19830.549 -17046.739 881.943
v 19797.895 -17047.042 878.552
v 19765.268 -17047.342 875.188
v 19732.666 -17047.640 871.846
v 19700.088 -17047.937 868.525
v 19667.535 -17048.232 865.222
v 19635.004 -17048.525 861.936
v 19602.496 -17048.817 858.667
v 19570.009 -17049.107 855.415
v 19537.542 -17049.396 852.181
v 19505.096 -17049.682 848.966
v 19472.668 -17049.967 845.774
v 19440.259 -17050.250 842.607
v 19407.867 -17050.530 839.471
v 19375.491 -17050.807 836.369
v 19343.131 -17051.080 833.309
v 19310.785 -17051.349 830.297
v 19278.453 -17051.612 827.342
v 19246.132 -17051.870 824.453
v 19213.821 -17052.121 821.641
v 19181.519 -17052.364 818.916
v 19149.224 -17052.598 816.293
v 19116.934 -17052.822 813.786
v 19084.700 -17053.034 811.412
v 19052.684 -17053.238 809.126
v 19020.674 -17053.436 806.911
v 18988.664 -17053.625 804.790
v 18956.648 -17053.804 802.789
v 18924.619 -17053.969 800.939
v 18892.568 -17054.117 799.277
v 18860.485 -17054.245 797.845
v 18828.359 -17054.348 796.694
v 18796.175 -17054.420 795.886
v 18763.917 -17054.454 795.503
v 18731.564 -17054.441 795.648
v 18699.086 -17054.367 796.471
v 18666.444 -17054.214 798.189
v 18633.577 -17053.949 801.164
v 18600.372 -17053.510 806.083
v 18566.565 -17052.740 814.704
v 18529.588 -17050.000 845.408
v 18557.467 -17046.496 884.668
v 18588.529 -17044.997 901.470
v 18620.207 -17043.861 914.193
v 18652.235 -17042.933 924.593
v 18684.502 -17042.150 933.361
v 18716.946 -17041.481 940.856
v 18749.528 -17040.907 947.298
v 18782.218 -17040.413 952.834
v 18814.996 -17039.990 957.568
v 18847.845 -17039.632 961.582
v 18880.750 -17039.332 964.939
v 18913.700 -17039.087 967.688
v 18946.686 -17038.892 969.873
v 18979.698 -17038.744 971.530
v 19012.729 -17038.640 972.690
v 19045.773 -17038.579 973.379
v 19078.824 -17038.557 973.621
v 19111.668 -17038.571 973.464
v 19144.463 -17038.612 973.003
v 19177.258 -17038.679 972.258
v 19210.052 -17038.769 971.244
v 19242.843 -17038.883 969.975
v 19275.630 -17039.018 968.462
v 19308.411 -17039.174 966.715
v 19341.184 -17039.350 964.744
v 19373.949 -17039.545 962.558
v 19406.705 -17039.758 960.162
v 19439.450 -17039.990 957.564
v 19472.184 -17040.240 954.768
v 19504.905 -17040.507 951.779
v 19537.614 -17040.790 948.600
v 19570.308 -17041.091 945.234
v 19602.987 -17041.408 941.683
v 19635.651 -17041.741 937.948
v 19668.298 -17042.091 934.028
v 19700.929 -17042.457 929.923
v 19733.541 -17042.840 925.633
v 19766.135 -17043.240 921.155
v 19798.709 -17043.656 916.486
v 19831.263 -17044.090 911.624
v 19863.795 -17044.542 906.564
v 19896.305 -17045.012 901.301
v 19928.791 -17045.500 895.830
v 19929.588 17048.530 845.408
v 19881.312 17043.003 845.408
v 19833.036 17037.701 845.408
v 19784.760 17032.610 845.408
v 19736.484 17027.719 845.408
v 19688.209 17023.021 845.408
v 19639.933 17018.509 845.408
v 19591.657 17014.183 845.408
v 19543.381 17010.041 845.408
v 19495.105 17006.089 845.408
v 19446.829 17002.333 845.408
v 19398.553 16998.785 845.408
v 19350.278 16995.457 845.408
v 19302.002 16992.369 845.408
v 19253.726 16989.543 845.408
v 19205.450 16987.006 845.408
v 19157.174 16984.789 845.408
v 19108.898 16982.931 845.408
v 19060.622 16981.477 845.408
v 19012.347 16980.482 845.408
v 18964.071 16980.009 845.408
v 18915.795 16980.137 845.408
v 18867.519 16980.964 845.408
v 18819.243 16982.618 845.408
v 18770.967 16985.269 845.408
v 18722.691 16989.165 845.408
v 18674.416 16994.701 845.408
v 18626.140 17002.611 845.408
v 18577.864 17014.733 845.408
v 18529.588 17050.000 845.408
v 18577.864 17085.267 845.408
v 18626.140 17097.389 845.408
v 18674.416 17105.299 845.408
v 18722.691 17110.835 845.408
v 18770.967 17114.731 845.408
v 18819.243 17117.382 845.408
v 18867.519 17119.036 845.408
v 18915.795 17119.863 845.408
v 18964.071 17119.991 845.408
v 19012.347 17119.518 845.408
v 19060.622 17118.523 845.408
v 19108.898 17117.069 845.408
v 19157.174 17115.211 845.408
v 19205.450 17112.994 845.408
v 19253.726 17110.457 845.408
v 19302.002 17107.631 845.408
v 19350.278 17104.543 845.408
v 19398.553 17101.215 845.408
v 19446.829 17097.667 845.408
v 19495.105 17093.911 845.408
v 19543.381 17089.959 845.408
v 19591.657 17085.817 845.408
v 19639.933 17081.491 845.408
v 19688.209 17076.979 845.408
v 19736.484 17072.281 845.408
v 19784.760 17067.390 845.408
v 19833.036 17062.299 845.408
v 19881.312 17056.997 845.408
v 19929.588 17051.470 845.408
v 20164.056 17181.951 1076.373
v 20118.653 17176.754 1076.466
v 20073.251 17171.768 1076.556
v 20027.849 17166.981 1076.642
v 19982.446 17162.382 1076.724
v 19937.044 17157.964 1076.804
v 19891.642 17153.722 1076.880
v 19846.239 17149.653 1076.953
v 19800.837 17145.759 1077.023
v 19755.435 17142.043 1077.090
v 19710.033 17138.511 1077.153
v 19664.630 17135.174 1077.213
v 19619.228 17132.046 1077.269
v 19573.826 17129.142 1077.321
v 19528.423 17126.484 1077.369
v 19483.021 17124.098 1077.412
v 19437.619 17122.014 1077.449
v 19392.216 17120.267 1077.481
v 19346.814 17118.900 1077.505
v 19301.412 17117.964 1077.522
v 19256.010 17117.519 1077.530
v 19210.607 17117.639 1077.528
v 19165.205 17118.417 1077.514
v 19119.803 17119.972 1077.486
v 19074.400 17122.465 1077.441
v 19028.998 17126.129 1077.375
v 18983.596 17131.334 1077.282
v 18938.194 17138.772 1077.148
v 18892.791 17150.171 1076.944
v 18847.389 17183.333 1076.348
v 18892.791 17216.496 1075.752
v 18938.194 17227.895 1075.548
v 18983.596 17235.333 1075.414
v 19028.998 17240.538 1075.321
v 19074.400 17244.201 1075.255
v 19119.803 17246.694 1075.210
v 19165.205 17248.249 1075.182
v 19210.607 17249.028 1075.168
v 19256.010 17249.148 1075.166
v 19301.412 17248.703 1075.174
v 19346.814 17247.767 1075.191
v 19392.216 17246.400 1075.215
v 19437.619 17244.653 1075.247
v 19483.021 17242.569 1075.284
v 19528.423 17240.182 1075.327
v 19573.826 17237.525 1075.375
v 19619.228 17234.621 1075.427
v 19664.630 17231.492 1075.483
v 19710.033 17228.155 1075.543
v 19755.435 17224.624 1075.607
v 19800.837 17220.908 1075.673
v 19846.239 17217.013 1075.743
v 19891.642 17212.945 1075.816
v 19937.044 17208.702 1075.892
v 19982.446 17204.284 1075.972
v 20027.849 17199.686 1076.054
v 20073.251 17194.898 1076.140
v 20118.653 17189.913 1076.230
v 20164.056 17184.716 1076.323
v 20398.523 17315.374 1307.374
v 20355.994 17310.516 1307.695
v 20313.466 17305.855 1308.004
v 20270.937 17301.380 1308.300
v 20228.408 17297.081 1308.584
v 20185.880 17292.951 1308.857
v 20143.351 17288.986 1309.120
v 20100.822 17285.182 1309.372
v 20058.293 17281.542 1309.613
v 20015.765 17278.068 1309.842
v 19973.236 17274.766 1310.061
v 19930.707 17271.647 1310.267
v 19888.178 17268.722 1310.461
v 19845.650 17266.008 1310.640
v 19803.121 17263.523 1310.805
v 19760.592 17261.293 1310.952
v 19718.063 17259.344 1311.081
v 19675.535 17257.711 1311.189
v 19633.006 17256.433 1311.274
v 19590.477 17255.558 1311.332
v 19547.948 17255.142 1311.359
v 19505.420 17255.255 1311.352
v 19462.891 17255.982 1311.304
v 19420.362 17257.436 1311.208
v 19377.834 17259.766 1311.053
v 19335.305 17263.191 1310.827
v 19292.776 17268.057 1310.505
v 19250.247 17275.010 1310.045
v 19207.719 17285.666 1309.340
v 19165.190 17316.667 1307.288
v 19207.719 17347.667 1305.237
v 19250.247 17358.323 1304.532
v 19292.776 17365.276 1304.071
v 19335.305 17370.142 1303.749
v 19377.834 17373.567 1303.523
v 19420.362 17375.897 1303.369
v 19462.891 17377.351 1303.272
v 19505.420 17378.079 1303.224
v 19547.948 17378.191 1303.217
v 19590.477 17377.775 1303.244
v 19633.006 17376.900 1303.302
v 19675.535 17375.622 1303.387
v 19718.063 17373.989 1303.495
v 19760.592 17372.041 1303.624
v 19803.121 17369.810 1303.771
v 19845.650 17367.326 1303.936
v 19888.178 17364.611 1304.115
v 19930.707 17361.686 1304.309
v 19973.236 17358.567 1304.515
v 20015.765 17355.266 1304.734
v 20058.293 17351.792 1304.964
v 20100.822 17348.151 1305.205
v 20143.351 17344.348 1305.456
v 20185.880 17340.382 1305.719
v 20228.408 17336.252 1305.992
v 20270.937 17331.953 1306.277
v 20313.466 17327.478 1306.573
v 20355.994 17322.817 1306.881
v 20398.523 17317.959 1307.203
v 20632.991 17448.804 1538.392
v 20593.336 17444.305 1539.006
v 20553.680 17439.990 1539.595
v 20514.025 17435.847 1540.161
v 20474.370 17431.866 1540.705
v 20434.715 17428.043 1541.227
v 20395.060 17424.371 1541.729
v 20355.405 17420.849 1542.210
v 20315.749 17417.479 1542.670
v 20276.094 17414.262 1543.110
v 20236.439 17411.205 1543.527
v 20196.784 17408.317 1543.922
v 20157.129 17405.609 1544.291
v 20117.474 17403.096 1544.635
v 20077.818 17400.796 1544.949
v 20038.163 17398.731 1545.231
v 19998.508 17396.926 1545.477
v 19958.853 17395.414 1545.684
v 19919.198 17394.231 1545.846
v 19879.543 17393.421 1545.956
v 19839.887 17393.036 1546.009
v 19800.232 17393.140 1545.995
v 19760.577 17393.814 1545.903
v 19720.922 17395.160 1545.719
v 19681.267 17397.317 1545.424
v 19641.612 17400.488 1544.991
v 19601.956 17404.993 1544.376
v 19562.301 17411.431 1543.496
v 19522.646 17421.297 1542.149
v 19482.991 17450.000 1538.228
v 19522.646 17478.703 1534.308
v 19562.301 17488.569 1532.960
v 19601.956 17495.007 1532.081
v 19641.612 17499.512 1531.466
v 19681.267 17502.683 1531.032
v 19720.922 17504.840 1530.738
v 19760.577 17506.186 1530.554
v 19800.232 17506.860 1530.462
v 19839.887 17506.964 1530.448
v 19879.543 17506.579 1530.500
v 19919.198 17505.769 1530.611
v 19958.853 17504.586 1530.772
v 19998.508 17503.074 1530.979
v 20038.163 17501.269 1531.225
v 20077.818 17499.204 1531.508
v 20117.474 17496.904 1531.822
v 20157.129 17494.391 1532.165
v 20196.784 17491.683 1532.535
v 20236.439 17488.795 1532.929
v 20276.094 17485.738 1533.347
v 20315.749 17482.521 1533.786
v 20355.405 17479.151 1534.247
v 20395.060 17475.629 1534.728
v 20434.715 17471.957 1535.229
v 20474.370 17468.134 1535.751
v 20514.025 17464.153 1536.295
v 20553.680 17460.010 1536.861
v 20593.336 17455.695 1537.450
v 20632.991 17451.196 1538.065
v 20867.458 17582.240 1769.411
v 20830.677 17578.129 1770.323
v 20793.895 17574.185 1771.198
v 20757.114 17570.398 1772.038
v 20720.332 17566.761 1772.846
v 20683.550 17563.266 1773.621
v 20646.769 17559.910 1774.366
v 20609.987 17556.692 1775.080
v 20573.206 17553.611 1775.763
v 20536.424 17550.672 1776.415
v 20499.642 17547.878 1777.035
v 20462.861 17545.239 1777.621
v 20426.079 17542.764 1778.170
v 20389.298 17540.467 1778.680
v 20352.516 17538.365 1779.146
v 20315.734 17536.477 1779.565
v 20278.953 17534.828 1779.931
v 20242.171 17533.446 1780.237
v 20205.389 17532.365 1780.477
v 20168.608 17531.625 1780.642
v 20131.826 17531.273 1780.720
v 20095.045 17531.368 1780.699
v 20058.263 17531.984 1780.562
v 20021.481 17533.214 1780.289
v 19984.700 17535.186 1779.851
v 19947.918 17538.084 1779.208
v 19911.137 17542.201 1778.295
v 19874.355 17548.085 1776.989
v 19837.573 17557.101 1774.989
v 19800.792 17583.333 1769.168
v 19837.573 17609.566 1763.348
v 19874.355 17618.582 1761.347
v 19911.137 17624.466 1760.042
v 19947.918 17628.583 1759.128
v 19984.700 17631.481 1758.485
v 20021.481 17633.453 1758.048
v 20058.263 17634.683 1757.775
v 20095.045 17635.299 1757.638
v 20131.826 17635.394 1757.617
v 20168.608 17635.042 1757.695
v 20205.389 17634.302 1757.859
v 20242.171 17633.220 1758.099
v 20278.953 17631.838 1758.406
v 20315.734 17630.190 1758.772
v 20352.516 17628.302 1759.191
v 20389.298 17626.200 1759.657
v 20426.079 17623.903 1760.167
v 20462.861 17621.428 1760.716
v 20499.642 17618.789 1761.301
v 20536.424 17615.995 1761.921
v 20573.206 17613.055 1762.574
v 20609.987 17609.975 1763.257
v 20646.769 17606.756 1763.971
v 20683.550 17603.401 1764.716
v 20720.332 17599.906 1765.491
v 20757.114 17596.268 1766.298
v 20793.895 17592.482 1767.139
v 20830.677 17588.538 1768.014
v 20867.458 17584.427 1768.926
v 21101.926 17715.682 2000.419
v 21068.018 17711.979 2001.585
v 21034.110 17708.427 2002.705
v 21000.202 17705.017 2003.779
v 20966.294 17701.741 2004.812
v 20932.386 17698.593 2005.803
v 20898.478 17695.571 2006.756
v 20864.570 17692.672 2007.669
v 20830.662 17689.898 2008.543
v 20796.754 17687.250 2009.378
v 20762.846 17684.734 2010.170
v 20728.938 17682.357 2010.919
v 20695.030 17680.128 2011.622
v 20661.121 17678.059 2012.274
v 20627.213 17676.166 2012.870
v 20593.305 17674.466 2013.406
v 20559.397 17672.981 2013.874
v 20525.489 17671.736 2014.266
v 20491.581 17670.763 2014.573
v 20457.673 17670.096 2014.783
v 20423.765 17669.779 2014.883
v 20389.857 17669.865 2014.856
v 20355.949 17670.419 2014.681
v 20322.041 17671.527 2014.332
v 20288.133 17673.303 2013.772
v 20254.225 17675.913 2012.950
v 20220.317 17679.621 2011.782
v 20186.409 17684.920 2010.112
v 20152.501 17693.041 2007.553
v 20118.593 17716.667 2000.108
v 20152.501 17740.292 1992.664
v 20186.409 17748.413 1990.105
v 20220.317 17753.712 1988.435
v 20254.225 17757.420 1987.267
v 20288.133 17760.030 1986.444
v 20322.041 17761.807 1985.885
v 20355.949 17762.914 1985.536
v 20389.857 17763.469 1985.361
v 20423.765 17763.555 1985.334
v 20457.673 17763.238 1985.434
v 20491.581 17762.571 1985.644
v 20525.489 17761.597 1985.951
v 20559.397 17760.352 1986.343
v 20593.305 17758.867 1986.811
v 20627.213 17757.167 1987.347
v 20661.121 17755.274 1987.943
v 20695.030 17753.205 1988.595
v 20728.938 17750.976 1989.297
v 20762.846 17748.599 1990.047
v 20796.754 17746.083 1990.839
v 20830.662 17743.436 1991.674
v 20864.570 17740.661 1992.548
v 20898.478 17737.763 1993.461
v 20932.386 17734.740 1994.413
v 20966.294 17731.593 1995.405
v 21000.202 17728.316 1996.438
v 21034.110 17724.906 1997.512
v 21068.018 17721.354 1998.631
v 21101.926 17717.651 1999.798
v 21336.394 17849.125 2231.406
v 21305.359 17845.836 2232.750
v 21274.325 17842.681 2234.039
v 21243.290 17839.651 2235.277
v 21212.256 17836.741 2236.466
v 21181.221 17833.945 2237.608
v 21150.187 17831.260 2238.705
v 21119.152 17828.685 2239.757
v 21088.118 17826.220 2240.764
v 21057.083 17823.868 2241.725
v 21026.049 17821.633 2242.638
v 20995.014 17819.521 2243.500
v 20963.980 17817.541 2244.309
v 20932.945 17815.704 2245.060
v 20901.911 17814.022 2245.747
v 20870.876 17812.511 2246.364
v 20839.842 17811.192 2246.903
v 20808.807 17810.087 2247.355
v 20777.773 17809.222 2247.708
v 20746.739 17808.629 2247.950
v 20715.704 17808.348 2248.065
v 20684.670 17808.424 2248.034
v 20653.635 17808.916 2247.833
v 20622.601 17809.900 2247.431
v 20591.566 17811.478 2246.786
v 20560.532 17813.797 2245.839
v 20529.497 17817.091 2244.493
v 20498.463 17821.798 2242.570
v 20467.428 17829.012 2239.623
v 20436.394 17850.000 2231.049
v 20467.428 17870.988 2222.474
v 20498.463 17878.202 2219.527
v 20529.497 17882.909 2217.604
v 20560.532 17886.203 2216.258
v 20591.566 17888.522 2215.311
v 20622.601 17890.100 2214.666
v 20653.635 17891.084 2214.264
v 20684.670 17891.576 2214.063
v 20715.704 17891.652 2214.032
v 20746.739 17891.371 2214.147
v 20777.773 17890.778 2214.389
v 20808.807 17889.913 2214.742
v 20839.842 17888.808 2215.194
v 20870.876 17887.489 2215.733
v 20901.911 17885.978 2216.350
v 20932.945 17884.296 2217.037
v 20963.980 17882.459 2217.788
v 20995.014 17880.479 2218.597
v 21026.049 17878.367 2219.459
v 21057.083 17876.132 2220.373
v 21088.118 17873.780 2221.333
v 21119.152 17871.315 2222.340
v 21150.187 17868.740 2223.392
v 21181.221 17866.055 2224.489
v 21212.256 17863.259 2225.632
v 21243.290 17860.349 2226.821
v 21274.325 17857.319 2228.058
v 21305.359 17854.164 2229.347
v 21336.394 17850.875 2230.691
v 21570.861 17982.564 2462.367
v 21542.700 17979.672 2463.792
v 21514.539 17976.897 2465.158
v 21486.379 17974.233 2466.470
v 21458.218 17971.673 2467.730
v 21430.057 17969.214 2468.940
v 21401.896 17966.853 2470.103
v 21373.735 17964.589 2471.218
v 21345.574 17962.421 2472.285
v 21317.413 17960.353 2473.303
v 21289.252 17958.388 2474.271
v 21261.091 17956.530 2475.185
v 21232.930 17954.789 2476.043
v 21204.769 17953.173 2476.839
v 21176.608 17951.694 2477.567
v 21148.448 17950.366 2478.221
v 21120.287 17949.206 2478.792
v 21092.126 17948.234 2479.271
v 21063.965 17947.473 2479.645
v 21035.804 17946.952 2479.902
v 21007.643 17946.704 2480.024
v 20979.482 17946.771 2479.991
v 20951.321 17947.204 2479.777
v 20923.160 17948.070 2479.351
v 20894.999 17949.457 2478.668
v 20866.838 17951.496 2477.664
v 20838.677 17954.393 2476.238
v 20810.516 17958.533 2474.200
v 20782.356 17964.877 2471.076
v 20754.195 17983.333 2461.989
v 20782.356 18001.790 2452.901
v 20810.516 18008.134 2449.778
v 20838.677 18012.274 2447.740
v 20866.838 18015.170 2446.313
v 20894.999 18017.209 2445.309
v 20923.160 18018.597 2444.626
v 20951.321 18019.462 2444.200
v 20979.482 18019.895 2443.987
v 21007.643 18019.962 2443.954
v 21035.804 18019.715 2444.076
v 21063.965 18019.194 2444.332
v 21092.126 18018.433 2444.707
v 21120.287 18017.461 2445.185
v 21148.448 18016.301 2445.757
v 21176.608 18014.973 2446.411
v 21204.769 18013.494 2447.139
v 21232.930 18011.878 2447.935
v 21261.091 18010.136 2448.792
v 21289.252 18008.279 2449.706
v 21317.413 18006.314 2450.674
v 21345.574 18004.245 2451.692
v 21373.735 18002.078 2452.759
v 21401.896 17999.814 2453.874
v 21430.057 17997.452 2455.037
v 21458.218 17994.994 2456.248
v 21486.379 17992.434 2457.508
v 21514.539 17989.770 2458.820
v 21542.700 17986.995 2460.186
v 21570.861 17984.103 2461.610
v 21805.329 18115.993 2693.302
v 21780.042 18113.460 2694.704
v 21754.754 18111.030 2696.049
v 21729.467 18108.698 2697.341
v 21704.180 18106.456 2698.582
v 21678.892 18104.303 2699.774
v 21653.605 18102.236 2700.918
v 21628.317 18100.253 2702.016
v 21603.030 18098.355 2703.067
v 21577.743 18096.544 2704.070
v 21552.455 18094.823 2705.023
v 21527.168 18093.197 2705.923
v 21501.881 18091.672 2706.767
v 21476.593 18090.257 2707.551
v 21451.306 18088.962 2708.268
v 21426.019 18087.799 2708.912
v 21400.731 18086.783 2709.474
v 21375.444 18085.931 2709.945
v 21350.157 18085.265 2710.314
v 21324.869 18084.809 2710.567
v 21299.582 18084.592 2710.687
v 21274.294 18084.651 2710.654
v 21249.007 18085.030 2710.444
v 21223.720 18085.788 2710.025
v 21198.432 18087.003 2709.352
v 21173.145 18088.788 2708.364
v 21147.858 18091.325 2706.959
v 21122.570 18094.950 2704.952
v 21097.283 18100.505 2701.877
v 21071.996 18116.667 2692.929
v 21097.283 18132.828 2683.981
v 21122.570 18138.383 2680.905
v 21147.858 18142.008 2678.898
v 21173.145 18144.545 2677.494
v 21198.432 18146.330 2676.505
v 21223.720 18147.545 2675.833
v 21249.007 18148.303 2675.413
v 21274.294 18148.682 2675.203
v 21299.582 18148.741 2675.171
v 21324.869 18148.524 2675.291
v 21350.157 18148.068 2675.543
v 21375.444 18147.402 2675.912
v 21400.731 18146.550 2676.384
v 21426.019 18145.535 2676.946
v 21451.306 18144.372 2677.590
v 21476.593 18143.077 2678.307
v 21501.881 18141.661 2679.090
v 21527.168 18140.137 2679.935
v 21552.455 18138.510 2680.835
v 21577.743 18136.789 2681.788
v 21603.030 18134.978 2682.791
v 21628.317 18133.080 2683.841
v 21653.605 18131.098 2684.939
v 21678.892 18129.030 2686.084
v 21704.180 18126.877 2687.276
v 21729.467 18124.636 2688.517
v 21754.754 18122.303 2689.808
v 21780.042 18119.873 2691.154
v 21805.329 18117.340 2692.556
v 22039.797 18249.409 2924.210
v 22017.383 18247.187 2925.493
v 21994.969 18245.055 2926.724
v 21972.555 18243.008 2927.906
v 21950.141 18241.041 2929.041
v 21927.728 18239.152 2930.132
v 21905.314 18237.338 2931.179
v 21882.900 18235.598 2932.184
v 21860.486 18233.933 2933.145
v 21838.072 18232.344 2934.062
v 21815.659 18230.834 2934.934
v 21793.245 18229.407 2935.758
v 21770.831 18228.069 2936.531
v 21748.417 18226.828 2937.247
v 21726.003 18225.691 2937.904
v 21703.590 18224.671 2938.493
v 21681.176 18223.780 2939.007
v 21658.762 18223.033 2939.438
v 21636.348 18222.448 2939.776
v 21613.934 18222.048 2940.007
v 21591.521 18221.858 2940.117
v 21569.107 18221.909 2940.087
v 21546.693 18222.242 2939.895
v 21524.279 18222.907 2939.511
v 21501.866 18223.973 2938.896
v 21479.452 18225.539 2937.991
v 21457.038 18227.765 2936.706
v 21434.624 18230.946 2934.870
v 21412.210 18235.820 2932.056
v 21389.797 18250.000 2923.869
v 21412.210 18264.180 2915.682
v 21434.624 18269.054 2912.868
v 21457.038 18272.235 2911.032
v 21479.452 18274.461 2909.747
v 21501.866 18276.027 2908.842
v 21524.279 18277.093 2908.227
v 21546.693 18277.758 2907.843
v 21569.107 18278.091 2907.651
v 21591.521 18278.142 2907.621
v 21613.934 18277.952 2907.731
v 21636.348 18277.552 2907.962
v 21658.762 18276.967 2908.299
v 21681.176 18276.220 2908.731
v 21703.590 18275.329 2909.245
v 21726.003 18274.309 2909.834
v 21748.417 18273.172 2910.490
v 21770.831 18271.931 2911.207
v 21793.245 18270.593 2911.980
v 21815.659 18269.166 2912.803
v 21838.072 18267.656 2913.675
v 21860.486 18266.067 2914.593
v 21882.900 18264.402 2915.554
v 21905.314 18262.662 2916.559
v 21927.728 18260.848 2917.606
v 21950.141 18258.959 2918.697
v 21972.555 18256.992 2919.832
v 21994.969 18254.945 2921.014
v 22017.383 18252.813 2922.245
v 22039.797 18250.591 2923.528
v 19929.588 -17051.470 845.408
v 19881.312 -17056.997 845.408
v 19833.036 -17062.299 845.408
v 19784.760 -17067.390 845.408
v 19736.484 -17072.281 845.408
v 19688.209 -17076.979 845.408
v 19639.933 -17081.491 845.408
v 19591.657 -17085.817 845.408
v 19543.381 -17089.959 845.408
v 19495.105 -17093.911 845.408
v 19446.829 -17097.667 845.408
v 19398.553 -17101.215 845.408
v 19350.278 -17104.543 845.408
v 19302.002 -17107.631 845.408
v 19253.726 -17110.457 845.408
v 19205.450 -17112.994 845.408
v 19157.174 -17115.211 845.408
v 19108.898 -17117.069 845.408
v 19060.622 -17118.523 845.408
v 19012.347 -17119.518 845.408
v 18964.071 -17119.991 845.408
v 18915.795 -17119.863 845.408
v 18867.519 -17119.036 845.408
v 18819.243 -17117.382 845.408
v 18770.967 -17114.731 845.408
v 18722.691 -17110.835 845.408
v 18674.416 -17105.299 845.408
v 18626.140 -17097.389 845.408
v 18577.864 -17085.267 845.408
v 18529.588 -17050.000 845.408
v 18577.864 -17014.733 845.408
v 18626.140 -17002.611 845.408
v 18674.416 -16994.701 845.408
v 18722.691 -16989.165 845.408
v 18770.967 -16985.269 845.408
v 18819.243 -16982.618 845.408
v 18867.519 -16980.964 845.408
v 18915.795 -16980.137 845.408
v 18964.071 -16980.009 845.408
v 19012.347 -16980.482 845.408
v 19060.622 -16981.477 845.408
v 19108.898 -16982.931 845.408
v 19157.174 -16984.789 845.408
v 19205.450 -16987.006 845.408
v 19253.726 -16989.543 845.408
v 19302.002 -16992.369 845.408
v 19350.278 -16995.457 845.408
v 19398.553 -16998.785 845.408
v 19446.829 -17002.333 845.408
v 19495.105 -17006.089 845.408
v 19543.381 -17010.041 845.408
v 19591.657 -17014.183 845.408
v 19639.933 -17018.509 845.408
v 19688.209 -17023.021 845.408
v 19736.484 -17027.719 845.408
v 19784.760 -17032.610 845.408
v 19833.036 -17037.701 845.408
v 19881.312 -17043.003 845.408
v 19929.588 -17048.530 845.408
v 20164.056 -17184.716 1076.373
v 20118.653 -17189.913 1076.466
v 20073.251 -17194.898 1076.556
v 20027.849 -17199.686 1076.642
v 19982.446 -17204.284 1076.724
v 19937.044 -17208.702 1076.804
v 19891.642 -17212.945 1076.880
v 19846.239 -17217.013 1076.953
v 19800.837 -17220.908 1077.023
v 19755.435 -17224.624 1077.090
v 19710.033 -17228.155 1077.153
v 19664.630 -17231.492 1077.213
v 19619.228 -17234.621 1077.269
v 19573.826 -17237.525 1077.321
v 19528.423 -17240.182 1077.369
v 19483.021 -17242.569 1077.412
v 19437.619 -17244.653 1077.449
v 19392.216 -17246.400 1077.481
v 19346.814 -17247.767 1077.505
v 19301.412 -17248.703 1077.522
v 19256.010 -17249.148 1077.530
v 19210.607 -17249.028 1077.528
v 19165.205 -17248.249 1077.514
v 19119.803 -17246.694 1077.486
v 19074.400 -17244.201 1077.441
v 19028.998 -17240.538 1077.375
v 18983.596 -17235.333 1077.282
v 18938.194 -17227.895 1077.148
v 18892.791 -17216.496 1076.944
v 18847.389 -17183.333 1076.348
v 18892.791 -17150.171 1075.752
v 18938.194 -17138.772 1075.548
v 18983.596 -17131.334 1075.414
v 19028.998 -17126.129 1075.321
v 19074.400 -17122.465 1075.255
v 19119.803 -17119.972 1075.210
v 19165.205 -17118.417 1075.182
v 19210.607 -17117.639 1075.168
v 19256.010 -17117.519 1075.166
v 19301.412 -17117.964 1075.174
v 19346.814 -17118.900 1075.191
v 19392.216 -17120.267 1075.215
v 19437.619 -17122.014 1075.247
v 19483.021 -17124.098 1075.284
v 19528.423 -17126.484 1075.327
v 19573.826 -17129.142 1075.375
v 19619.228 -17132.046 1075.427
v 19664.630 -17135.174 1075.483
v 19710.033 -17138.511 1075.543
v 19755.435 -17142.043 1075.607
v 19800.837 -17145.759 1075.673
v 19846.239 -17149.653 1075.743
v 19891.642 -17153.722 1075.816
v 19937.044 -17157.964 1075.892
v 19982.446 -17162.382 1075.972
v 20027.849 -17166.981 1076.054
v 20073.251 -17171.768 1076.140
v 20118.653 -17176.754 1076.230
v 20164.056 -17181.951 1076.323
v 20398.523 -17317.959 1307.374
v 20355.994 -17322.817 1307.695
v 20313.466 -17327.478 1308.004
v 20270.937 -17331.953 1308.300
v 20228.408 -17336.252 1308.584
v 20185.880 -17340.382 1308.857
v 20143.351 -17344.348 1309.120
v 20100.822 -17348.151 1309.372
v 20058.293 -17351.792 1309.613
v 20015.765 -17355.266 1309.842
v 19973.236 -17358.567 1310.061
v 19930.707 -17361.686 1310.267
v 19888.178 -17364.611 1310.461
v 19845.650 -17367.326 1310.640
v 19803.121 -17369.810 1310.805
v 19760.592 -17372.041 1310.952
v 19718.063 -17373.989 1311.081
v 19675.535 -17375.622 1311.189
v 19633.006 -17376.900 1311.274
v 19590.477 -17377.775 1311.332
v 19547.948 -17378.191 1311.359
v 19505.420 -17378.079 1311.352
v 19462.891 -17377.351 1311.304
v 19420.362 -17375.897 1311.208
v 19377.834 -17373.567 1311.053
v 19335.305 -17370.142 1310.827
v 19292.776 -17365.276 1310.505
v 19250.247 -17358.323 1310.045
v 19207.719 -17347.667 1309.340
v 19165.190 -17316.667 1307.288
v 19207.719 -17285.666 1305.237
v 19250.247 -17275.010 1304.532
v 19292.776 -17268.057 1304.071
v 19335.305 -17263.191 1303.749
v 19377.834 -17259.766 1303.523
v 19420.362 -17257.436 1303.369
v 19462.891 -17255.982 1303.272
v 19505.420 -17255.255 1303.224
v 19547.948 -17255.142 1303.217
v 19590.477 -17255.558 1303.244
v 19633.006 -17256.433 1303.302
v 19675.535 -17257.711 1303.387
v 19718.063 -17259.344 1303.495
v 19760.592 -17261.293 1303.624
v 19803.121 -17263.523 1303.771
v 19845.650 -17266.008 1303.936
v 19888.178 -17268.722 1304.115
v 19930.707 -17271.647 1304.309
v 19973.236 -17274.766 1304.515
v 20015.765 -17278.068 1304.734
v 20058.293 -17281.542 1304.964
v 20100.822 -17285.182 1305.205
v 20143.351 -17288.986 1305.456
v 20185.880 -17292.951 1305.719
v 20228.408 -17297.081 1305.992
v 20270.937 -17301.380 1306.277
v 20313.466 -17305.855 1306.573
v 20355.994 -17310.516 1306.881
v 20398.523 -17315.374 1307.203
v 20632.991 -17451.196 1538.392
v 20593.336 -17455.695 1539.006
v 20553.680 -17460.010 1539.595
v 20514.025 -17464.153 1540.161
v 20474.370 -17468.134 1540.705
v 20434.715 -17471.957 1541.227
v 20395.060 -17475.629 1541.729
v 20355.405 -17479.151 1542.210
v 20315.749 -17482.521 1542.670
v 20276.094 -17485.738 1543.110
v 20236.439 -17488.795 1543.527
v 20196.784 -17491.683 1543.922
v 20157.129 -17494.391 1544.291
v 20117.474 -17496.904 1544.635
v 20077.818 -17499.204 1544.949
v 20038.163 -17501.269 1545.231
v 19998.508 -17503.074 1545.477
v 19958.853 -17504.586 1545.684
v 19919.198 -17505.769 1545.846
v 19879.543 -17506.579 1545.956
v 19839.887 -17506.964 1546.009
v 19800.232 -17506.860 1545.995
v 19760.577 -17506.186 1545.903
v 19720.922 -17504.840 1545.719
v 19681.267 -17502.683 1545.424
v 19641.612 -17499.512 1544.991
v 19601.956 -17495.007 1544.376
v 19562.301 -17488.569 1543.496
v 19522.646 -17478.703 1542.149
v 19482.991 -17450.000 1538.228
v 19522.646 -17421.297 1534.308
v 19562.301 -17411.431 1532.960
v 19601.956 -17404.993 1532.081
v 19641.612 -17400.488 1531.466
v 19681.267 -17397.317 1531.032
v 19720.922 -17395.160 1530.738
v 19760.577 -17393.814 1530.554
v 19800.232 -17393.140 1530.462
v 19839.887 -17393.036 1530.448
v 19879.543 -17393.421 1530.500
v 19919.198 -17394.231 1530.611
v 19958.853 -17395.414 1530.772
v 19998.508 -17396.926 1530.979
v 20038.163 -17398.731 1531.225
v 20077.818 -17400.796 1531.508
v 20117.474 -17403.096 1531.822
v 20157.129 -17405.609 1532.165
v 20196.784 -17408.317 1532.535
v 20236.439 -17411.205 1532.929
v 20276.094 -17414.262 1533.347
v 20315.749 -17417.479 1533.786
v 20355.405 -17420.849 1534.247
v 20395.060 -17424.371 1534.728
v 20434.715 -17428.043 1535.229
v 20474.370 -17431.866 1535.751
v 20514.025 -17435.847 1536.295
v 20553.680 -17439.990 1536.861
v 20593.336 -17444.305 1537.450
v 20632.991 -17448.804 1538.065
v 20867.458 -17584.427 1769.411
v 20830.677 -17588.538 1770.323
v 20793.895 -17592.482 1771.198
v 20757.114 -17596.268 1772.038
v 20720.332 -17599.906 1772.846
v 20683.550 -17603.401 1773.621
v 20646.769 -17606.756 1774.366
v 20609.987 -17609.975 1775.080
v 20573.206 -17613.055 1775.763
v 20536.424 -17615.995 1776.415
v 20499.642 -17618.789 1777.035
v 20462.861 -17621.428 1777.621
v 20426.079 -17623.903 1778.170
v 20389.298 -17626.200 1778.680
v 20352.516 -17628.302 1779.146
v 20315.734 -17630.190 1779.565
v 20278.953 -17631.838 1779.931
v 20242.171 -17633.220 1780.237
v 20205.389 -17634.302 1780.477
v 20168.608 -17635.042 1780.642
v 20131.826 -17635.394 1780.720
v 20095.045 -17635.299 1780.699
v 20058.263 -17634.683 1780.562
v 20021.481 -17633.453 1780.289
v 19984.700 -17631.481 1779.851
v 19947.918 -17628.583 1779.208
v 19911.137 -17624.466 1778.295
v 19874.355 -17618.582 1776.989
v 19837.573 -17609.566 1774.989
v 19800.792 -17583.333 1769.168
v 19837.573 -17557.101 1763.348
v 19874.355 -17548.085 1761.347
v 19911.137 -17542.201 1760.042
v 19947.918 -17538.084 1759.128
v 19984.700 -17535.186 1758.485
v 20021.481 -17533.214 1758.048
v 20058.263 -17531.984 1757.775
v 20095.045 -17531.368 1757.638
v 20131.826 -17531.273 1757.617
v 20168.608 -17531.625 1757.695
v 20205.389 -17532.365 1757.859
v 20242.171 -17533.446 1758.099
v 20278.953 -17534.828 1758.406
v 20315.734 -17536.477 1758.772
v 20352.516 -17538.365 1759.191
v 20389.298 -17540.467 1759.657
v 20426.079 -17542.764 1760.167
v 20462.861 -17545.239 1760.716
v 20499.642 -17547.878 1761.301
v 20536.424 -17550.672 1761.921
v 20573.206 -17553.611 1762.574
v 20609.987 -17556.692 1763.257
v 20646.769 -17559.910 1763.971
v 20683.550 -17563.266 1764.716
v 20720.332 -17566.761 1765.491
v 20757.114 -17570.398 1766.298
v 20793.895 -17574.185 1767.139
v 20830.677 -17578.129 1768.014
v 20867.458 -17582.240 1768.926
v 21101.926 -17717.651 2000.419
v 21068.018 -17721.354 2001.585
v 21034.110 -17724.906 2002.705
v 21000.202 -17728.316 2003.779
v 20966.294 -17731.593 2004.812
v 20932.386 -17734.740 2005.803
v 20898.478 -17737.763 2006.756
v 20864.570 -17740.661 2007.669
v 20830.662 -17743.436 2008.543
v 20796.754 -17746.083 2009.378
v 20762.846 -17748.599 2010.170
v 20728.938 -17750.976 2010.919
v 20695.030 -17753.205 2011.622
v 20661.121 -17755.274 2012.274
v 20627.213 -17757.167 2012.870
v 20593.305 -17758.867 2013.406
v 20559.397 -17760.352 2013.874
v 20525.489 -17761.597 2014.266
v 20491.581 -17762.571 2014.573
v 20457.673 -17763.238 2014.783
v 20423.765 -17763.555 2014.883
v 20389.857 -17763.469 2014.856
v 20355.949 -17762.914 2014.681
v 20322.041 -17761.807 2014.332
v 20288.133 -17760.030 2013.772
v 20254.225 -17757.420 2012.950
v 20220.317 -17753.712 2011.782
v 20186.409 -17748.413 2010.112
v 20152.501 -17740.292 2007.553
v 20118.593 -17716.667 2000.108
v 20152.501 -17693.041 1992.664
v 20186.409 -17684.920 1990.105
v 20220.317 -17679.621 1988.435
v 20254.225 -17675.913 1987.267
v 20288.133 -17673.303 1986.444
v 20322.041 -17671.527 1985.885
v 20355.949 -17670.419 1985.536
v 20389.857 -17669.865 1985.361
v 20423.765 -17669.779 1985.334
v 20457.673 -17670.096 1985.434
v 20491.581 -17670.763 1985.644
v 20525.489 -17671.736 1985.951
v 20559.397 -17672.981 1986.343
v 20593.305 -17674.466 1986.811
v 20627.213 -17676.166 1987.347
v 20661.121 -17678.059 1987.943
v 20695.030 -17680.128 1988.595
v 20728.938 -17682.357 1989.297
v 20762.846 -17684.734 1990.047
v 20796.754 -17687.250 1990.839
v 20830.662 -17689.898 1991.674
v 20864.570 -17692.672 1992.548
v 20898.478 -17695.571 1993.461
v 20932.386 -17698.593 1994.413
v 20966.294 -17701.741 1995.405
v 21000.202 -17705.017 1996.438
v 21034.110 -17708.427 1997.512
v 21068.018 -17711.979 1998.631
v 21101.926 -17715.682 1999.798
v 21336.394 -17850.875 2231.406
v 21305.359 -17854.164 2232.750
v 21274.325 -17857.319 2234.039
v 21243.290 -17860.349 2235.277
v 21212.256 -17863.259 2236.466
v 21181.221 -17866.055 2237.608
v 21150.187 -17868.740 2238.705
v 21119.152 -17871.315 2239.757
v 21088.118 -17873.780 2240.764
v 21057.083 -17876.132 2241.725
v 21026.049 -17878.367 2242.638
v 20995.014 -17880.479 2243.500
v 20963.980 -17882.459 2244.309
v 20932.945 -17884.296 2245.060
v 20901.911 -17885.978 2245.747
v 20870.876 -17887.489 2246.364
v 20839.842 -17888.808 2246.903
v 20808.807 -17889.913 2247.355
v 20777.773 -17890.778 2247.708
v 20746.739 -17891.371 2247.950
v 20715.704 -17891.652 2248.065
v 20684.670 -17891.576 2248.034
v 20653.635 -17891.084 2247.833
v 20622.601 -17890.100 2247.431
v 20591.566 -17888.522 2246.786
v 20560.532 -17886.203 2245.839
v 20529.497 -17882.909 2244.493
v 20498.463 -17878.202 2242.570
v 20467.428 -17870.988 2239.623
v 20436.394 -17850.000 2231.049
v 20467.428 -17829.012 2222.474
v 20498.463 -17821.798 2219.527
v 20529.497 -17817.091 2217.604
v 20560.532 -17813.797 2216.258
v 20591.566 -17811.478 2215.311
v 20622.601 -17809.900 2214.666
v 20653.635 -17808.916 2214.264
v 20684.670 -17808.424 2214.063
v 20715.704 -17808.348 2214.032
v 20746.739 -17808.629 2214.147
v 20777.773 -17809.222 2214.389
v 20808.807 -17810.087 2214.742
v 20839.842 -17811.192 2215.194
v 20870.876 -17812.511 2215.733
v 20901.911 -17814.022 2216.350
v 20932.945 -17815.704 2217.037
v 20963.980 -17817.541 2217.788
v 20995.014 -17819.521 2218.597
v 21026.049 -17821.633 2219.459
v 21057.083 -17823.868 2220.373
v 21088.118 -17826.220 2221.333
v 21119.152 -17828.685 2222.340
v 21150.187 -17831.260 2223.392
v 21181.221 -17833.945 2224.489
v 21212.256 -17836.741 2225.632
v 21243.290 -17839.651 2226.821
v 21274.325 -17842.681 2228.058
v 21305.359 -17845.836 2229.347
v 21336.394 -17849.125 2230.691
v 21570.861 -17984.103 2462.367
v 21542.700 -17986.995 2463.792
v 21514.539 -17989.770 2465.158
v 21486.379 -17992.434 2466.470
v 21458.218 -17994.994 2467.730
v 21430.057 -17997.452 2468.940
v 21401.896 -17999.814 2470.103
v 21373.735 -18002.078 2471.218
v 21345.574 -18004.245 2472.285
v 21317.413 -18006.314 2473.303
v 21289.252 -18008.279 2474.271
v 21261.091 -18010.136 2475.185
v 21232.930 -18011.878 2476.043
v 21204.769 -18013.494 2476.839
v 21176.608 -18014.973 2477.567
v 21148.448 -18016.301 2478.221
v 21120.287 -18017.461 2478.792
v 21092.126 -18018.433 2479.271
v 21063.965 -18019.194 2479.645
v 21035.804 -18019.715 2479.902
v 21007.643 -18019.962 2480.024
v 20979.482 -18019.895 2479.991
v 20951.321 -18019.462 2479.777
v 20923.160 -18018.597 2479.351
v 20894.999 -18017.209 2478.668
v 20866.838 -18015.170 2477.664
v 20838.677 -18012.274 2476.238
v 20810.516 -18008.134 2474.200
v 20782.356 -18001.790 2471.076
v 20754.195 -17983.333 2461.989
v 20782.356 -17964.877 2452.901
v 20810.516 -17958.533 2449.778
v 20838.677 -17954.393 2447.740
v 20866.838 -17951.496 2446.313
v 20894.999 -17949.457 2445.309
v 20923.160 -17948.070 2444.626
v 20951.321 -17947.204 2444.200
v 20979.482 -17946.771 2443.987
v 21007.643 -17946.704 2443.954
v 21035.804 -17946.952 2444.076
v 21063.965 -17947.473 2444.332
v 21092.126 -17948.234 2444.707
v 21120.287 -17949.206 2445.185
v 21148.448 -17950.366 2445.757
v 21176.608 -17951.694 2446.411
v 21204.769 -17953.173 2447.139
v 21232.930 -17954.789 2447.935
v 21261.091 -17956.530 2448.792
v 21289.252 -17958.388 2449.706
v 21317.413 -17960.353 2450.674
v 21345.574 -17962.421 2451.692
v 21373.735 -17964.589 2452.759
v 21401.896 -17966.853 2453.874
v 21430.057 -17969.214 2455.037
v 21458.218 -17971.673 2456.248
v 21486.379 -17974.233 2457.508
v 21514.539 -17976.897 2458.820
v 21542.700 -17979.672 2460.186
v 21570.861 -17982.564 2461.610
v 21805.329 -18117.340 2693.302
v 21780.042 -18119.873 2694.704
v 21754.754 -18122.303 2696.049
v 21729.467 -18124.636 2697.341
v 21704.180 -18126.877 2698.582
v 21678.892 -18129.030 2699.774
v 21653.605 -18131.098 2700.918
v 21628.317 -18133.080 2702.016
v 21603.030 -18134.978 2703.067
v 21577.743 -18136.789 2704.070
v 21552.455 -18138.510 2705.023
v 21527.168 -18140.137 2705.923
v 21501.881 -18141.661 2706.767
v 21476.593 -18143.077 2707.551
v 21451.306 -18144.372 2708.268
v 21426.019 -18145.535 2708.912
v 21400.731 -18146.550 2709.474
v 21375.444 -18147.402 2709.945
v 21350.157 -18148.068 2710.314
v 21324.869 -18148.524 2710.567
v 21299.582 -18148.741 2710.687
v 21274.294 -18148.682 2710.654
v 21249.007 -18148.303 2710.444
v 21223.720 -18147.545 2710.025
v 21198.432 -18146.330 2709.352
v 21173.145 -18144.545 2708.364
v 21147.858 -18142.008 2706.959
v 21122.570 -18138.383 2704.952
v 21097.283 -18132.828 2701.877
v 21071.996 -18116.667 2692.929
v 21097.283 -18100.505 2683.981
v 21122.570 -18094.950 2680.905
v 21147.858 -18091.325 2678.898
v 21173.145 -18088.788 2677.494
v 21198.432 -18087.003 2676.505
v 21223.720 -18085.788 2675.833
v 21249.007 -18085.030 2675.413
v 21274.294 -18084.651 2675.203
v 21299.582 -18084.592 2675.171
v 21324.869 -18084.809 2675.291
v 21350.157 -18085.265 2675.543
v 21375.444 -18085.931 2675.912
v 21400.731 -18086.783 2676.384
v 21426.019 -18087.799 2676.946
v 21451.306 -18088.962 2677.590
v 21476.593 -18090.257 2678.307
v 21501.881 -18091.672 2679.090
v 21527.168 -18093.197 2679.935
v 21552.455 -18094.823 2680.835
v 21577.743 -18096.544 2681.788
v 21603.030 -18098.355 2682.791
v 21628.317 -18100.253 2683.841
v 21653.605 -18102.236 2684.939
v 21678.892 -18104.303 2686.084
v 21704.180 -18106.456 2687.276
v 21729.467 -18108.698 2688.517
v 21754.754 -18111.030 2689.808
v 21780.042 -18113.460 2691.154
v 21805.329 -18115.993 2692.556
v 22039.797 -18250.591 2924.210
v 22017.383 -18252.813 2925.493
v 21994.969 -18254.945 2926.724
v 21972.555 -18256.992 2927.906
v 21950.141 -18258.959 2929.041
v 21927.728 -18260.848 2930.132
v 21905.314 -18262.662 2931.179
v 21882.900 -18264.402 2932.184
v 21860.486 -18266.067 2933.145
v 21838.072 -18267.656 2934.062
v 21815.659 -18269.166 2934.934
v 21793.245 -18270.593 2935.758
v 21770.831 -18271.931 2936.531
v 21748.417 -18273.172 2937.247
v 21726.003 -18274.309 2937.904
v 21703.590 -18275.329 2938.493
v 21681.176 -18276.220 2939.007
v 21658.762 -18276.967 2939.438
v 21636.348 -18277.552 2939.776
v 21613.934 -18277.952 2940.007
v 21591.521 -18278.142 2940.117
v 21569.107 -18278.091 2940.087
v 21546.693 -18277.758 2939.895
v 21524.279 -18277.093 2939.511
v 21501.866 -18276.027 2938.896
v 21479.452 -18274.461 2937.991
v 21457.038 -18272.235 2936.706
v 21434.624 -18269.054 2934.870
v 21412.210 -18264.180 2932.056
v 21389.797 -18250.000 2923.869
v 21412.210 -18235.820 2915.682
v 21434.624 -18230.946 2912.868
v 21457.038 -18227.765 2911.032
v 21479.452 -18225.539 2909.747
v 21501.866 -18223.973 2908.842
v 21524.279 -18222.907 2908.227
v 21546.693 -18222.242 2907.843
v 21569.107 -18221.909 2907.651
v 21591.521 -18221.858 2907.621
v 21613.934 -18222.048 2907.731
v 21636.348 -18222.448 2907.962
v 21658.762 -18223.033 2908.299
v 21681.176 -18223.780 2908.731
v 21703.590 -18224.671 2909.245
v 21726.003 -18225.691 2909.834
v 21748.417 -18226.828 2910.490
v 21770.831 -18228.069 2911.207
v 21793.245 -18229.407 2911.980
v 21815.659 -18230.834 2912.803
v 21838.072 -18232.344 2913.675
v 21860.486 -18233.933 2914.593
v 21882.900 -18235.598 2915.554
v 21905.314 -18237.338 2916.559
v 21927.728 -18239.152 2917.606
v 21950.141 -18241.041 2918.697
v 21972.555 -18243.008 2919.832
v 21994.969 -18245.055 2921.014
v 22017.383 -18247.187 2922.245
v 22039.797 -18249.409 2923.528
v 36500.000 0.000 1596.220
v 36409.091 0.000 1583.699
v 36318.182 0.000 1571.628
v 36227.273 0.000 1559.982
v 36136.364 0.000 1548.742
v 36045.455 0.000 1537.890
v 35954.545 0.000 1527.414
v 35863.636 0.000 1517.308
v 35772.727 0.000 1507.568
v 35681.818 0.000 1498.197
v 35590.909 0.000 1489.200
v 35500.000 0.000 1480.590
v 35409.091 0.000 1472.383
v 35318.182 0.000 1464.602
v 35227.273 0.000 1457.274
v 35136.364 0.000 1450.434
v 35045.455 0.000 1444.122
v 34954.545 0.000 1438.387
v 34863.636 0.000 1433.285
v 34772.727 0.000 1428.880
v 34681.818 0.000 1425.249
v 34590.909 0.000 1422.480
v 34500.000 0.000 1420.675
v 34409.091 0.000 1419.955
v 34318.182 0.000 1420.466
v 34227.273 0.000 1422.386
v 34136.364 0.000 1425.936
v 34045.455 0.000 1431.404
v 33954.545 0.000 1439.186
v 33863.636 0.000 1449.856
v 33772.727 0.000 1464.343
v 33681.818 0.000 1484.394
v 33590.909 0.000 1514.409
v 33500.000 0.000 1600.000
v 33590.909 0.000 1685.591
v 33681.818 0.000 1715.606
v 33772.727 0.000 1735.657
v 33863.636 0.000 1750.144
v 33954.545 0.000 1760.814
v 34045.455 0.000 1768.596
v 34136.364 0.000 1774.064
v 34227.273 0.000 1777.614
v 34318.182 0.000 1779.534
v 34409.091 0.000 1780.045
v 34500.000 0.000 1779.325
v 34590.909 0.000 1777.520
v 34681.818 0.000 1774.751
v 34772.727 0.000 1771.120
v 34863.636 0.000 1766.715
v 34954.545 0.000 1761.613
v 35045.455 0.000 1755.878
v 35136.364 0.000 1749.566
v 35227.273 0.000 1742.726
v 35318.182 0.000 1735.398
v 35409.091 0.000 1727.617
v 35500.000 0.000 1719.410
v 35590.909 0.000 1710.800
v 35681.818 0.000 1701.803
v 35772.727 0.000 1692.432
v 35863.636 0.000 1682.692
v 35954.545 0.000 1672.586
v 36045.455 0.000 1662.110
v 36136.364 0.000 1651.258
v 36227.273 0.000 1640.018
v 36318.182 0.000 1628.372
v 36409.091 0.000 1616.301
v 36500.000 0.000 1603.780
v 36705.501 778.125 1596.527
v 36621.978 778.125 1585.023
v 36538.455 778.125 1573.933
v 36454.932 778.125 1563.234
v 36371.410 778.125 1552.906
v 36287.887 778.125 1542.936
v 36204.364 778.125 1533.312
v 36120.842 778.125 1524.027
v 36037.319 778.125 1515.078
v 35953.796 778.125 1506.468
v 35870.273 778.125 1498.203
v 35786.751 778.125 1490.292
v 35703.228 778.125 1482.752
v 35619.705 778.125 1475.603
v 35536.182 778.125 1468.870
v 35452.660 778.125 1462.586
v 35369.137 778.125 1456.787
v 35285.614 778.125 1451.518
v 35202.092 778.125 1446.830
v 35118.569 778.125 1442.784
v 35035.046 778.125 1439.448
v 34951.523 778.125 1436.903
v 34868.001 778.125 1435.245
v 34784.478 778.125 1434.584
v 34700.955 778.125 1435.053
v 34617.432 778.125 1436.817
v 34533.910 778.125 1440.078
v 34450.387 778.125 1445.103
v 34366.864 778.125 1452.252
v 34283.342 778.125 1462.056
v 34199.819 778.125 1475.365
v 34116.296 778.125 1493.787
v 34032.773 778.125 1521.363
v 33949.251 778.125 1600.000
v 34032.773 778.125 1678.637
v 34116.296 778.125 1706.213
v 34199.819 778.125 1724.635
v 34283.342 778.125 1737.944
v 34366.864 778.125 1747.748
v 34450.387 778.125 1754.897
v 34533.910 778.125 1759.922
v 34617.432 778.125 1763.183
v 34700.955 778.125 1764.947
v 34784.478 778.125 1765.416
v 34868.001 778.125 1764.755
v 34951.523 778.125 1763.097
v 35035.046 778.125 1760.552
v 35118.569 778.125 1757.216
v 35202.092 778.125 1753.170
v 35285.614 778.125 1748.482
v 35369.137 778.125 1743.213
v 35452.660 778.125 1737.414
v 35536.182 778.125 1731.130
v 35619.705 778.125 1724.397
v 35703.228 778.125 1717.248
v 35786.751 778.125 1709.708
v 35870.273 778.125 1701.797
v 35953.796 778.125 1693.532
v 36037.319 778.125 1684.922
v 36120.842 778.125 1675.973
v 36204.364 778.125 1666.688
v 36287.887 778.125 1657.064
v 36371.410 778.125 1647.094
v 36454.932 778.125 1636.766
v 36538.455 778.125 1626.067
v 36621.978 778.125 1614.977
v 36705.501 778.125 1603.473
v 36911.001 1556.250 1596.834
v 36834.865 1556.250 1586.348
v 36758.729 1556.250 1576.238
v 36682.592 1556.250 1566.485
v 36606.456 1556.250 1557.071
v 36530.320 1556.250 1547.982
v 36454.183 1556.250 1539.209
v 36378.047 1556.250 1530.745
v 36301.910 1556.250 1522.589
v 36225.774 1556.250 1514.740
v 36149.638 1556.250 1507.205
v 36073.501 1556.250 1499.994
v 35997.365 1556.250 1493.121
v 35921.229 1556.250 1486.604
v 35845.092 1556.250 1480.467
v 35768.956 1556.250 1474.738
v 35692.820 1556.250 1469.452
v 35616.683 1556.250 1464.649
v 35540.547 1556.250 1460.376
v 35464.410 1556.250 1456.687
v 35388.274 1556.250 1453.646
v 35312.138 1556.250 1451.327
v 35236.001 1556.250 1449.815
v 35159.865 1556.250 1449.212
v 35083.729 1556.250 1449.641
v 35007.592 1556.250 1451.248
v 34931.456 1556.250 1454.221
v 34855.320 1556.250 1458.801
v 34779.183 1556.250 1465.318
v 34703.047 1556.250 1474.255
v 34626.910 1556.250 1486.387
v 34550.774 1556.250 1503.180
v 34474.638 1556.250 1528.318
v 34398.501 1556.250 1600.000
v 34474.638 1556.250 1671.682
v 34550.774 1556.250 1696.820
v 34626.910 1556.250 1713.613
v 34703.047 1556.250 1725.745
v 34779.183 1556.250 1734.682
v 34855.320 1556.250 1741.199
v 34931.456 1556.250 1745.779
v 35007.592 1556.250 1748.752
v 35083.729 1556.250 1750.359
v 35159.865 1556.250 1750.788
v 35236.001 1556.250 1750.185
v 35312.138 1556.250 1748.673
v 35388.274 1556.250 1746.354
v 35464.410 1556.250 1743.313
v 35540.547 1556.250 1739.624
v 35616.683 1556.250 1735.351
v 35692.820 1556.250 1730.548
v 35768.956 1556.250 1725.262
v 35845.092 1556.250 1719.533
v 35921.229 1556.250 1713.396
v 35997.365 1556.250 1706.879
v 36073.501 1556.250 1700.006
v 36149.638 1556.250 1692.795
v 36225.774 1556.250 1685.260
v 36301.910 1556.250 1677.411
v 36378.047 1556.250 1669.255
v 36454.183 1556.250 1660.791
v 36530.320 1556.250 1652.018
v 36606.456 1556.250 1642.929
v 36682.592 1556.250 1633.515
v 36758.729 1556.250 1623.762
v 36834.865 1556.250 1613.652
v 36911.001 1556.250 1603.166
v 37116.502 2334.375 1597.141
v 37047.752 2334.375 1587.672
v 36979.002 2334.375 1578.544
v 36910.252 2334.375 1569.737
v 36841.502 2334.375 1561.236
v 36772.752 2334.375 1553.029
v 36704.002 2334.375 1545.107
v 36635.252 2334.375 1537.464
v 36566.502 2334.375 1530.099
v 36497.752 2334.375 1523.011
v 36429.002 2334.375 1516.208
v 36360.252 2334.375 1509.696
v 36291.502 2334.375 1503.490
v 36222.752 2334.375 1497.605
v 36154.002 2334.375 1492.063
v 36085.252 2334.375 1486.891
v 36016.502 2334.375 1482.117
v 35947.752 2334.375 1477.780
v 35879.002 2334.375 1473.922
v 35810.252 2334.375 1470.591
v 35741.502 2334.375 1467.845
v 35672.752 2334.375 1465.750
v 35604.002 2334.375 1464.385
v 35535.252 2334.375 1463.841
v 35466.502 2334.375 1464.228
v 35397.752 2334.375 1465.679
v 35329.002 2334.375 1468.364
v 35260.252 2334.375 1472.500
v 35191.502 2334.375 1478.385
v 35122.752 2334.375 1486.454
v 35054.002 2334.375 1497.409
v 34985.252 2334.375 1512.573
v 34916.502 2334.375 1535.272
v 34847.752 2334.375 1600.000
v 34916.502 2334.375 1664.728
v 34985.252 2334.375 1687.427
v 35054.002 2334.375 1702.591
v 35122.752 2334.375 1713.546
v 35191.502 2334.375 1721.615
v 35260.252 2334.375 1727.500
v 35329.002 2334.375 1731.636
v 35397.752 2334.375 1734.321
v 35466.502 2334.375 1735.772
v 35535.252 2334.375 1736.159
v 35604.002 2334.375 1735.615
v 35672.752 2334.375 1734.250
v 35741.502 2334.375 1732.155
v 35810.252 2334.375 1729.409
v 35879.002 2334.375 1726.078
v 35947.752 2334.375 1722.220
v 36016.502 2334.375 1717.883
v 36085.252 2334.375 1713.109
v 36154.002 2334.375 1707.937
v 36222.752 2334.375 1702.395
v 36291.502 2334.375 1696.510
v 36360.252 2334.375 1690.304
v 36429.002 2334.375 1683.792
v 36497.752 2334.375 1676.989
v 36566.502 2334.375 1669.901
v 36635.252 2334.375 1662.536
v 36704.002 2334.375 1654.893
v 36772.752 2334.375 1646.971
v 36841.502 2334.375 1638.764
v 36910.252 2334.375 1630.263
v 36979.002 2334.375 1621.456
v 37047.752 2334.375 1612.328
v 37116.502 2334.375 1602.859
v 37322.003 3112.500 1597.448
v 37260.639 3112.500 1588.997
v 37199.275 3112.500 1580.849
v 37137.912 3112.500 1572.988
v 37076.548 3112.500 1565.401
v 37015.185 3112.500 1558.075
v 36953.821 3112.500 1551.005
v 36892.457 3112.500 1544.183
v 36831.094 3112.500 1537.609
v 36769.730 3112.500 1531.283
v 36708.366 3112.500 1525.210
v 36647.003 3112.500 1519.398
v 36585.639 3112.500 1513.859
v 36524.275 3112.500 1508.606
v 36462.912 3112.500 1503.660
v 36401.548 3112.500 1499.043
v 36340.185 3112.500 1494.782
v 36278.821 3112.500 1490.911
v 36217.457 3112.500 1487.467
v 36156.094 3112.500 1484.494
v 36094.730 3112.500 1482.043
v 36033.366 3112.500 1480.174
v 35972.003 3112.500 1478.955
v 35910.639 3112.500 1478.470
v 35849.275 3112.500 1478.815
v 35787.912 3112.500 1480.110
v 35726.548 3112.500 1482.507
v 35665.185 3112.500 1486.198
v 35603.821 3112.500 1491.451
v 35542.457 3112.500 1498.653
v 35481.094 3112.500 1508.431
v 35419.730 3112.500 1521.966
v 35358.366 3112.500 1542.226
v 35297.003 3112.500 1600.000
v 35358.366 3112.500 1657.774
v 35419.730 3112.500 1678.034
v 35481.094 3112.500 1691.569
v 35542.457 3112.500 1701.347
v 35603.821 3112.500 1708.549
v 35665.185 3112.500 1713.802
v 35726.548 3112.500 1717.493
v 35787.912 3112.500 1719.890
v 35849.275 3112.500 1721.185
v 35910.639 3112.500 1721.530
v 35972.003 3112.500 1721.045
v 36033.366 3112.500 1719.826
v 36094.730 3112.500 1717.957
v 36156.094 3112.500 1715.506
v 36217.457 3112.500 1712.533
v 36278.821 3112.500 1709.089
v 36340.185 3112.500 1705.218
v 36401.548 3112.500 1700.957
v 36462.912 3112.500 1696.340
v 36524.275 3112.500 1691.394
v 36585.639 3112.500 1686.141
v 36647.003 3112.500 1680.602
v 36708.366 3112.500 1674.790
v 36769.730 3112.500 1668.717
v 36831.094 3112.500 1662.391
v 36892.457 3112.500 1655.817
v 36953.821 3112.500 1648.995
v 37015.185 3112.500 1641.925
v 37076.548 3112.500 1634.599
v 37137.912 3112.500 1627.012
v 37199.275 3112.500 1619.151
v 37260.639 3112.500 1611.003
v 37322.003 3112.500 1602.552
v 37527.503 3890.625 1597.756
v 37473.526 3890.625 1590.321
v 37419.549 3890.625 1583.154
v 37365.572 3890.625 1576.240
v 37311.594 3890.625 1569.565
v 37257.617 3890.625 1563.122
v 37203.640 3890.625 1556.902
v 37149.662 3890.625 1550.902
v 37095.685 3890.625 1545.119
v 37041.708 3890.625 1539.554
v 36987.731 3890.625 1534.213
v 36933.753 3890.625 1529.100
v 36879.776 3890.625 1524.228
v 36825.799 3890.625 1519.607
v 36771.822 3890.625 1515.256
v 36717.844 3890.625 1511.195
v 36663.867 3890.625 1507.448
v 36609.890 3890.625 1504.042
v 36555.912 3890.625 1501.013
v 36501.935 3890.625 1498.398
v 36447.958 3890.625 1496.242
v 36393.981 3890.625 1494.597
v 36340.003 3890.625 1493.526
v 36286.026 3890.625 1493.098
v 36232.049 3890.625 1493.402
v 36178.072 3890.625 1494.542
v 36124.094 3890.625 1496.649
v 36070.117 3890.625 1499.896
v 36016.140 3890.625 1504.517
v 35962.162 3890.625 1510.852
v 35908.185 3890.625 1519.454
v 35854.208 3890.625 1531.359
v 35800.231 3890.625 1549.180
v 35746.253 3890.625 1600.000
v 35800.231 3890.625 1650.820
v 35854.208 3890.625 1668.641
v 35908.185 3890.625 1680.546
v 35962.162 3890.625 1689.148
v 36016.140 3890.625 1695.483
v 36070.117 3890.625 1700.104
v 36124.094 3890.625 1703.351
v 36178.072 3890.625 1705.458
v 36232.049 3890.625 1706.598
v 36286.026 3890.625 1706.902
v 36340.003 3890.625 1706.474
v 36393.981 3890.625 1705.403
v 36447.958 3890.625 1703.758
v 36501.935 3890.625 1701.602
v 36555.912 3890.625 1698.987
v 36609.890 3890.625 1695.958
v 36663.867 3890.625 1692.552
v 36717.844 3890.625 1688.805
v 36771.822 3890.625 1684.744
v 36825.799 3890.625 1680.393
v 36879.776 3890.625 1675.772
v 36933.753 3890.625 1670.900
v 36987.731 3890.625 1665.787
v 37041.708 3890.625 1660.446
v 37095.685 3890.625 1654.881
v 37149.662 3890.625 1649.098
v 37203.640 3890.625 1643.098
v 37257.617 3890.625 1636.878
v 37311.594 3890.625 1630.435
v 37365.572 3890.625 1623.760
v 37419.549 3890.625 1616.846
v 37473.526 3890.625 1609.679
v 37527.503 3890.625 1602.244
v 37733.004 4668.750 1598.063
v 37686.413 4668.750 1591.646
v 37639.822 4668.750 1585.459
v 37593.231 4668.750 1579.491
v 37546.640 4668.750 1573.730
v 37500.050 4668.750 1568.168
v 37453.459 4668.750 1562.800
v 37406.868 4668.750 1557.620
v 37360.277 4668.750 1552.629
v 37313.686 4668.750 1547.826
v 37267.095 4668.750 1543.215
v 37220.504 4668.750 1538.802
v 37173.913 4668.750 1534.596
v 37127.322 4668.750 1530.608
v 37080.731 4668.750 1526.853
v 37034.140 4668.750 1523.347
v 36987.550 4668.750 1520.113
v 36940.959 4668.750 1517.173
v 36894.368 4668.750 1514.558
v 36847.777 4668.750 1512.301
v 36801.186 4668.750 1510.440
v 36754.595 4668.750 1509.021
v 36708.004 4668.750 1508.096
v 36661.413 4668.750 1507.727
v 36614.822 4668.750 1507.989
v 36568.231 4668.750 1508.973
v 36521.640 4668.750 1510.792
v 36475.050 4668.750 1513.595
v 36428.459 4668.750 1517.583
v 36381.868 4668.750 1523.051
v 36335.277 4668.750 1530.476
v 36288.686 4668.750 1540.752
v 36242.095 4668.750 1556.135
v 36195.504 4668.750 1600.000
v 36242.095 4668.750 1643.865
v 36288.686 4668.750 1659.248
v 36335.277 4668.750 1669.524
v 36381.868 4668.750 1676.949
v 36428.459 4668.750 1682.417
v 36475.050 4668.750 1686.405
v 36521.640 4668.750 1689.208
v 36568.231 4668.750 1691.027
v 36614.822 4668.750 1692.011
v 36661.413 4668.750 1692.273
v 36708.004 4668.750 1691.904
v 36754.595 4668.750 1690.979
v 36801.186 4668.750 1689.560
v 36847.777 4668.750 1687.699
v 36894.368 4668.750 1685.442
v 36940.959 4668.750 1682.827
v 36987.550 4668.750 1679.887
v 37034.140 4668.750 1676.653
v 37080.731 4668.750 1673.147
v 37127.322 4668.750 1669.392
v 37173.913 4668.750 1665.404
v 37220.504 4668.750 1661.198
v 37267.095 4668.750 1656.785
v 37313.686 4668.750 1652.174
v 37360.277 4668.750 1647.371
v 37406.868 4668.750 1642.380
v 37453.459 4668.750 1637.200
v 37500.050 4668.750 1631.832
v 37546.640 4668.750 1626.270
v 37593.231 4668.750 1620.509
v 37639.822 4668.750 1614.541
v 37686.413 4668.750 1608.354
v 37733.004 4668.750 1601.937
v 37938.505 5446.875 1598.370
v 37899.300 5446.875 1592.970
v 37860.096 5446.875 1587.765
v 37820.891 5446.875 1582.742
v 37781.687 5446.875 1577.895
v 37742.482 5446.875 1573.215
v 37703.277 5446.875 1568.697
v 37664.073 5446.875 1564.339
v 37624.868 5446.875 1560.139
v 37585.664 5446.875 1556.097
v 37546.459 5446.875 1552.218
v 37507.255 5446.875 1548.504
v 37468.050 5446.875 1544.965
v 37428.846 5446.875 1541.610
v 37389.641 5446.875 1538.449
v 37350.437 5446.875 1535.500
v 37311.232 5446.875 1532.778
v 37272.027 5446.875 1530.304
v 37232.823 5446.875 1528.104
v 37193.618 5446.875 1526.205
v 37154.414 5446.875 1524.639
v 37115.209 5446.875 1523.444
v 37076.005 5446.875 1522.666
v 37036.800 5446.875 1522.356
v 36997.596 5446.875 1522.576
v 36958.391 5446.875 1523.404
v 36919.187 5446.875 1524.935
v 36879.982 5446.875 1527.293
v 36840.777 5446.875 1530.649
v 36801.573 5446.875 1535.251
v 36762.368 5446.875 1541.498
v 36723.164 5446.875 1550.145
v 36683.959 5446.875 1563.089
v 36644.755 5446.875 1600.000
v 36683.959 5446.875 1636.911
v 36723.164 5446.875 1649.855
v 36762.368 5446.875 1658.502
v 36801.573 5446.875 1664.749
v 36840.777 5446.875 1669.351
v 36879.982 5446.875 1672.707
v 36919.187 5446.875 1675.065
v 36958.391 5446.875 1676.596
v 36997.596 5446.875 1677.424
v 37036.800 5446.875 1677.644
v 37076.005 5446.875 1677.334
v 37115.209 5446.875 1676.556
v 37154.414 5446.875 1675.361
v 37193.618 5446.875 1673.795
v 37232.823 5446.875 1671.896
v 37272.027 5446.875 1669.696
v 37311.232 5446.875 1667.222
v 37350.437 5446.875 1664.500
v 37389.641 5446.875 1661.551
v 37428.846 5446.875 1658.390
v 37468.050 5446.875 1655.035
v 37507.255 5446.875 1651.496
v 37546.459 5446.875 1647.782
v 37585.664 5446.875 1643.903
v 37624.868 5446.875 1639.861
v 37664.073 5446.875 1635.661
v 37703.277 5446.875 1631.303
v 37742.482 5446.875 1626.785
v 37781.687 5446.875 1622.105
v 37820.891 5446.875 1617.258
v 37860.096 5446.875 1612.235
v 37899.300 5446.875 1607.030
v 37938.505 5446.875 1601.630
v 38144.005 6225.000 1598.677
v 38112.187 6225.000 1594.295
v 38080.369 6225.000 1590.070
v 38048.551 6225.000 1585.994
v 38016.733 6225.000 1582.060
v 37984.915 6225.000 1578.261
v 37953.096 6225.000 1574.595
v 37921.278 6225.000 1571.058
v 37889.460 6225.000 1567.649
v 37857.642 6225.000 1564.369
v 37825.824 6225.000 1561.220
v 37794.005 6225.000 1558.207
v 37762.187 6225.000 1555.334
v 37730.369 6225.000 1552.611
v 37698.551 6225.000 1550.046
v 37666.733 6225.000 1547.652
v 37634.915 6225.000 1545.443
v 37603.096 6225.000 1543.435
v 37571.278 6225.000 1541.650
v 37539.460 6225.000 1540.108
v 37507.642 6225.000 1538.837
v 37475.824 6225.000 1537.868
v 37444.005 6225.000 1537.236
v 37412.187 6225.000 1536.984
v 37380.369 6225.000 1537.163
v 37348.551 6225.000 1537.835
v 37316.733 6225.000 1539.077
v 37284.915 6225.000 1540.992
v 37253.096 6225.000 1543.715
v 37221.278 6225.000 1547.450
v 37189.460 6225.000 1552.520
v 37157.642 6225.000 1559.538
v 37125.824 6225.000 1570.043
v 37094.005 6225.000 1600.000
v 37125.824 6225.000 1629.957
v 37157.642 6225.000 1640.462
v 37189.460 6225.000 1647.480
v 37221.278 6225.000 1652.550
v 37253.096 6225.000 1656.285
v 37284.915 6225.000 1659.008
v 37316.733 6225.000 1660.923
v 37348.551 6225.000 1662.165
v 37380.369 6225.000 1662.837
v 37412.187 6225.000 1663.016
v 37444.005 6225.000 1662.764
v 37475.824 6225.000 1662.132
v 37507.642 6225.000 1661.163
v 37539.460 6225.000 1659.892
v 37571.278 6225.000 1658.350
v 37603.096 6225.000 1656.565
v 37634.915 6225.000 1654.557
v 37666.733 6225.000 1652.348
v 37698.551 6225.000 1649.954
v 37730.369 6225.000 1647.389
v 37762.187 6225.000 1644.666
v 37794.005 6225.000 1641.793
v 37825.824 6225.000 1638.780
v 37857.642 6225.000 1635.631
v 37889.460 6225.000 1632.351
v 37921.278 6225.000 1628.942
v 37953.096 6225.000 1625.405
v 37984.915 6225.000 1621.739
v 38016.733 6225.000 1617.940
v 38048.551 6225.000 1614.006
v 38080.369 6225.000 1609.930
v 38112.187 6225.000 1605.705
v 38144.005 6225.000 1601.323
v 36705.501 -778.125 1596.527
v 36621.978 -778.125 1585.023
v 36538.455 -778.125 1573.933
v 36454.932 -778.125 1563.234
v 36371.410 -778.125 1552.906
v 36287.887 -778.125 1542.936
v 36204.364 -778.125 1533.312
v 36120.842 -778.125 1524.027
v 36037.319 -778.125 1515.078
v 35953.796 -778.125 1506.468
v 35870.273 -778.125 1498.203
v 35786.751 -778.125 1490.292
v 35703.228 -778.125 1482.752
v 35619.705 -778.125 1475.603
v 35536.182 -778.125 1468.870
v 35452.660 -778.125 1462.586
v 35369.137 -778.125 1456.787
v 35285.614 -778.125 1451.518
v 35202.092 -778.125 1446.830
v 35118.569 -778.125 1442.784
v 35035.046 -778.125 1439.448
v 34951.523 -778.125 1436.903
v 34868.001 -778.125 1435.245
v 34784.478 -778.125 1434.584
v 34700.955 -778.125 1435.053
v 34617.432 -778.125 1436.817
v 34533.910 -778.125 1440.078
v 34450.387 -778.125 1445.103
v 34366.864 -778.125 1452.252
v 34283.342 -778.125 1462.056
v 34199.819 -778.125 1475.365
v 34116.296 -778.125 1493.787
v 34032.773 -778.125 1521.363
v 33949.251 -778.125 1600.000
v 34032.773 -778.125 1678.637
v 34116.296 -778.125 1706.213
v 34199.819 -778.125 1724.635
v 34283.342 -778.125 1737.944
v 34366.864 -778.125 1747.748
v 34450.387 -778.125 1754.897
v 34533.910 -778.125 1759.922
v 34617.432 -778.125 1763.183
v 34700.955 -778.125 1764.947
v 34784.478 -778.125 1765.416
v 34868.001 -778.125 1764.755
v 34951.523 -778.125 1763.097
v 35035.046 -778.125 1760.552
v 35118.569 -778.125 1757.216
v 35202.092 -778.125 1753.170
v 35285.614 -778.125 1748.482
v 35369.137 -778.125 1743.213
v 35452.660 -778.125 1737.414
v 35536.182 -778.125 1731.130
v 35619.705 -778.125 1724.397
v 35703.228 -778.125 1717.248
v 35786.751 -778.125 1709.708
v 35870.273 -778.125 1701.797
v 35953.796 -778.125 1693.532
v 36037.319 -778.125 1684.922
v 36120.842 -778.125 1675.973
v 36204.364 -778.125 1666.688
v 36287.887 -778.125 1657.064
v 36371.410 -778.125 1647.094
v 36454.932 -778.125 1636.766
v 36538.455 -778.125 1626.067
v 36621.978 -778.125 1614.977
v 36705.501 -778.125 1603.473
v 36911.001 -1556.250 1596.834
v 36834.865 -1556.250 1586.348
v 36758.729 -1556.250 1576.238
v 36682.592 -1556.250 1566.485
v 36606.456 -1556.250 1557.071
v 36530.320 -1556.250 1547.982
v 36454.183 -1556.250 1539.209
v 36378.047 -1556.250 1530.745
v 36301.910 -1556.250 1522.589
v 36225.774 -1556.250 1514.740
v 36149.638 -1556.250 1507.205
v 36073.501 -1556.250 1499.994
v 35997.365 -1556.250 1493.121
v 35921.229 -1556.250 1486.604
v 35845.092 -1556.250 1480.467
v 35768.956 -1556.250 1474.738
v 35692.820 -1556.250 1469.452
v 35616.683 -1556.250 1464.649
v 35540.547 -1556.250 1460.376
v 35464.410 -1556.250 1456.687
v 35388.274 -1556.250 1453.646
v 35312.138 -1556.250 1451.327
v 35236.001 -1556.250 1449.815
v 35159.865 -1556.250 1449.212
v 35083.729 -1556.250 1449.641
v 35007.592 -1556.250 1451.248
v 34931.456 -1556.250 1454.221
v 34855.320 -1556.250 1458.801
v 34779.183 -1556.250 1465.318
v 34703.047 -1556.250 1474.255
v 34626.910 -1556.250 1486.387
v 34550.774 -1556.250 1503.180
v 34474.638 -1556.250 1528.318
v 34398.501 -1556.250 1600.000
v 34474.638 -1556.250 1671.682
v 34550.774 -1556.250 1696.820
v 34626.910 -1556.250 1713.613
v 34703.047 -1556.250 1725.745
v 34779.183 -1556.250 1734.682
v 34855.320 -1556.250 1741.199
v 34931.456 -1556.250 1745.779
v 35007.592 -1556.250 1748.752
v 35083.729 -1556.250 1750.359
v 35159.865 -1556.250 1750.788
v 35236.001 -1556.250 1750.185
v 35312.138 -1556.250 1748.673
v 35388.274 -1556.250 1746.354
v 35464.410 -1556.250 1743.313
v 35540.547 -1556.250 1739.624
v 35616.683 -1556.250 1735.351
v 35692.820 -1556.250 1730.548
v 35768.956 -1556.250 1725.262
v 35845.092 -1556.250 1719.533
v 35921.229 -1556.250 1713.396
v 35997.365 -1556.250 1706.879
v 36073.501 -1556.250 1700.006
v 36149.638 -1556.250 1692.795
v 36225.774 -1556.250 1685.260
v 36301.910 -1556.250 1677.411
v 36378.047 -1556.250 1669.255
v 36454.183 -1556.250 1660.791
v 36530.320 -1556.250 1652.018
v 36606.456 -1556.250 1642.929
v 36682.592 -1556.250 1633.515
v 36758.729 -1556.250 1623.762
v 36834.865 -1556.250 1613.652
v 36911.001 -1556.250 1603.166
v 37116.502 -2334.375 1597.141
v 37047.752 -2334.375 1587.672
v 36979.002 -2334.375 1578.544
v 36910.252 -2334.375 1569.737
v 36841.502 -2334.375 1561.236
v 36772.752 -2334.375 1553.029
v 36704.002 -2334.375 1545.107
v 36635.252 -2334.375 1537.464
v 36566.502 -2334.375 1530.099
v 36497.752 -2334.375 1523.011
v 36429.002 -2334.375 1516.208
v 36360.252 -2334.375 1509.696
v 36291.502 -2334.375 1503.490
v 36222.752 -2334.375 1497.605
v 36154.002 -2334.375 1492.063
v 36085.252 -2334.375 1486.891
v 36016.502 -2334.375 1482.117
v 35947.752 -2334.375 1477.780
v 35879.002 -2334.375 1473.922
v 35810.252 -2334.375 1470.591
v 35741.502 -2334.375 1467.845
v 35672.752 -2334.375 1465.750
v 35604.002 -2334.375 1464.385
v 35535.252 -2334.375 1463.841
v 35466.502 -2334.375 1464.228
v 35397.752 -2334.375 1465.679
v 35329.002 -2334.375 1468.364
v 35260.252 -2334.375 1472.500
v 35191.502 -2334.375 1478.385
v 35122.752 -2334.375 1486.454
v 35054.002 -2334.375 1497.409
v 34985.252 -2334.375 1512.573
v 34916.502 -2334.375 1535.272
v 34847.752 -2334.375 1600.000
v 34916.502 -2334.375 1664.728
v 34985.252 -2334.375 1687.427
v 35054.002 -2334.375 1702.591
v 35122.752 -2334.375 1713.546
v 35191.502 -2334.375 1721.615
v 35260.252 -2334.375 1727.500
v 35329.002 -2334.375 1731.636
v 35397.752 -2334.375 1734.321
v 35466.502 -2334.375 1735.772
v 35535.252 -2334.375 1736.159
v 35604.002 -2334.375 1735.615
v 35672.752 -2334.375 1734.250
v 35741.502 -2334.375 1732.155
v 35810.252 -2334.375 1729.409
v 35879.002 -2334.375 1726.078
v 35947.752 -2334.375 1722.220
v 36016.502 -2334.375 1717.883
v 36085.252 -2334.375 1713.109
v 36154.002 -2334.375 1707.937
v 36222.752 -2334.375 1702.395
v 36291.502 -2334.375 1696.510
v 36360.252 -2334.375 1690.304
v 36429.002 -2334.375 1683.792
v 36497.752 -2334.375 1676.989
v 36566.502 -2334.375 1669.901
v 36635.252 -2334.375 1662.536
v 36704.002 -2334.375 1654.893
v 36772.752 -2334.375 1646.971
v 36841.502 -2334.375 1638.764
v 36910.252 -2334.375 1630.263
v 36979.002 -2334.375 1621.456
v 37047.752 -2334.375 1612.328
v 37116.502 -2334.375 1602.859
v 37322.003 -3112.500 1597.448
v 37260.639 -3112.500 1588.997
v 37199.275 -3112.500 1580.849
v 37137.912 -3112.500 1572.988
v 37076.548 -3112.500 1565.401
v 37015.185 -3112.500 1558.075
v 36953.821 -3112.500 1551.005
v 36892.457 -3112.500 1544.183
v 36831.094 -3112.500 1537.609
v 36769.730 -3112.500 1531.283
v 36708.366 -3112.500 1525.210
v 36647.003 -3112.500 1519.398
v 36585.639 -3112.500 1513.859
v 36524.275 -3112.500 1508.606
v 36462.912 -3112.500 1503.660
v 36401.548 -3112.500 1499.043
v 36340.185 -3112.500 1494.782
v 36278.821 -3112.500 1490.911
v 36217.457 -3112.500 1487.467
v 36156.094 -3112.500 1484.494
v 36094.730 -3112.500 1482.043
v 36033.366 -3112.500 1480.174
v 35972.003 -3112.500 1478.955
v 35910.639 -3112.500 1478.470
v 35849.275 -3112.500 1478.815
v 35787.912 -3112.500 1480.110
v 35726.548 -3112.500 1482.507
v 35665.185 -3112.500 1486.198
v 35603.821 -3112.500 1491.451
v 35542.457 -3112.500 1498.653
v 35481.094 -3112.500 1508.431
v 35419.730 -3112.500 1521.966
v 35358.366 -3112.500 1542.226
v 35297.003 -3112.500 1600.000
v 35358.366 -3112.500 1657.774
v 35419.730 -3112.500 1678.034
v 35481.094 -3112.500 1691.569
v 35542.457 -3112.500 1701.347
v 35603.821 -3112.500 1708.549
v 35665.185 -3112.500 1713.802
v 35726.548 -3112.500 1717.493
v 35787.912 -3112.500 1719.890
v 35849.275 -3112.500 1721.185
v 35910.639 -3112.500 1721.530
v 35972.003 -3112.500 1721.045
v 36033.366 -3112.500 1719.826
v 36094.730 -3112.500 1717.957
v 36156.094 -3112.500 1715.506
v 36217.457 -3112.500 1712.533
v 36278.821 -3112.500 1709.089
v 36340.185 -3112.500 1705.218
v 36401.548 -3112.500 1700.957
v 36462.912 -3112.500 1696.340
v 36524.275 -3112.500 1691.394
v 36585.639 -3112.500 1686.141
v 36647.003 -3112.500 1680.602
v 36708.366 -3112.500 1674.790
v 36769.730 -3112.500 1668.717
v 36831.094 -3112.500 1662.391
v 36892.457 -3112.500 1655.817
v 36953.821 -3112.500 1648.995
v 37015.185 -3112.500 1641.925
v 37076.548 -3112.500 1634.599
v 37137.912 -3112.500 1627.012
v 37199.275 -3112.500 1619.151
v 37260.639 -3112.500 1611.003
v 37322.003 -3112.500 1602.552
v 37527.503 -3890.625 1597.756
v 37473.526 -3890.625 1590.321
v 37419.549 -3890.625 1583.154
v 37365.572 -3890.625 1576.240
v 37311.594 -3890.625 1569.565
v 37257.617 -3890.625 1563.122
v 37203.640 -3890.625 1556.902
v 37149.662 -3890.625 1550.902
v 37095.685 -3890.625 1545.119
v 37041.708 -3890.625 1539.554
v 36987.731 -3890.625 1534.213
v 36933.753 -3890.625 1529.100
v 36879.776 -3890.625 1524.228
v 36825.799 -3890.625 1519.607
v 36771.822 -3890.625 1515.256
v 36717.844 -3890.625 1511.195
v 36663.867 -3890.625 1507.448
v 36609.890 -3890.625 1504.042
v 36555.912 -3890.625 1501.013
v 36501.935 -3890.625 1498.398
v 36447.958 -3890.625 1496.242
v 36393.981 -3890.625 1494.597
v 36340.003 -3890.625 1493.526
v 36286.026 -3890.625 1493.098
v 36232.049 -3890.625 1493.402
v 36178.072 -3890.625 1494.542
v 36124.094 -3890.625 1496.649
v 36070.117 -3890.625 1499.896
v 36016.140 -3890.625 1504.517
v 35962.162 -3890.625 1510.852
v 35908.185 -3890.625 1519.454
v 35854.208 -3890.625 1531.359
v 35800.231 -3890.625 1549.180
v 35746.253 -3890.625 1600.000
v 35800.231 -3890.625 1650.820
v 35854.208 -3890.625 1668.641
v 35908.185 -3890.625 1680.546
v 35962.162 -3890.625 1689.148
v 36016.140 -3890.625 1695.483
v 36070.117 -3890.625 1700.104
v 36124.094 -3890.625 1703.351
v 36178.072 -3890.625 1705.458
v 36232.049 -3890.625 1706.598
v 36286.026 -3890.625 1706.902
v 36340.003 -3890.625 1706.474
v 36393.981 -3890.625 1705.403
v 36447.958 -3890.625 1703.758
v 36501.935 -3890.625 1701.602
v 36555.912 -3890.625 1698.987
v 36609.890 -3890.625 1695.958
v 36663.867 -3890.625 1692.552
v 36717.844 -3890.625 1688.805
v 36771.822 -3890.625 1684.744
v 36825.799 -3890.625 1680.393
v 36879.776 -3890.625 1675.772
v 36933.753 -3890.625 1670.900
v 36987.731 -3890.625 1665.787
v 37041.708 -3890.625 1660.446
v 37095.685 -3890.625 1654.881
v 37149.662 -3890.625 1649.098
v 37203.640 -3890.625 1643.098
v 37257.617 -3890.625 1636.878
v 37311.594 -3890.625 1630.435
v 37365.572 -3890.625 1623.760
v 37419.549 -3890.625 1616.846
v 37473.526 -3890.625 1609.679
v 37527.503 -3890.625 1602.244
v 37733.004 -4668.750 1598.063
v 37686.413 -4668.750 1591.646
v 37639.822 -4668.750 1585.459
v 37593.231 -4668.750 1579.491
v 37546.640 -4668.750 1573.730
v 37500.050 -4668.750 1568.168
v 37453.459 -4668.750 1562.800
v 37406.868 -4668.750 1557.620
v 37360.277 -4668.750 1552.629
v 37313.686 -4668.750 1547.826
v 37267.095 -4668.750 1543.215
v 37220.504 -4668.750 1538.802
v 37173.913 -4668.750 1534.596
v 37127.322 -4668.750 1530.608
v 37080.731 -4668.750 1526.853
v 37034.140 -4668.750 1523.347
v 36987.550 -4668.750 1520.113
v 36940.959 -4668.750 1517.173
v 36894.368 -4668.750 1514.558
v 36847.777 -4668.750 1512.301
v 36801.186 -4668.750 1510.440
v 36754.595 -4668.750 1509.021
v 36708.004 -4668.750 1508.096
v 36661.413 -4668.750 1507.727
v 36614.822 -4668.750 1507.989
v 36568.231 -4668.750 1508.973
v 36521.640 -4668.750 1510.792
v 36475.050 -4668.750 1513.595
v 36428.459 -4668.750 1517.583
v 36381.868 -4668.750 1523.051
v 36335.277 -4668.750 1530.476
v 36288.686 -4668.750 1540.752
v 36242.095 -4668.750 1556.135
v 36195.504 -4668.750 1600.000
v 36242.095 -4668.750 1643.865
v 36288.686 -4668.750 1659.248
v 36335.277 -4668.750 1669.524
v 36381.868 -4668.750 1676.949
v 36428.459 -4668.750 1682.417
v 36475.050 -4668.750 1686.405
v 36521.640 -4668.750 1689.208
v 36568.231 -4668.750 1691.027
v 36614.822 -4668.750 1692.011
v 36661.413 -4668.750 1692.273
v 36708.004 -4668.750 1691.904
v 36754.595 -4668.750 1690.979
v 36801.186 -4668.750 1689.560
v 36847.777 -4668.750 1687.699
v 36894.368 -4668.750 1685.442
v 36940.959 -4668.750 1682.827
v 36987.550 -4668.750 1679.887
v 37034.140 -4668.750 1676.653
v 37080.731 -4668.750 1673.147
v 37127.322 -4668.750 1669.392
v 37173.913 -4668.750 1665.404
v 37220.504 -4668.750 1661.198
v 37267.095 -4668.750 1656.785
v 37313.686 -4668.750 1652.174
v 37360.277 -4668.750 1647.371
v 37406.868 -4668.750 1642.380
v 37453.459 -4668.750 1637.200
v 37500.050 -4668.750 1631.832
v 37546.640 -4668.750 1626.270
v 37593.231 -4668.750 1620.509
v 37639.822 -4668.750 1614.541
v 37686.413 -4668.750 1608.354
v 37733.004 -4668.750 1601.937
v 37938.505 -5446.875 1598.370
v 37899.300 -5446.875 1592.970
v 37860.096 -5446.875 1587.765
v 37820.891 -5446.875 1582.742
v 37781.687 -5446.875 1577.895
v 37742.482 -5446.875 1573.215
v 37703.277 -5446.875 1568.697
v 37664.073 -5446.875 1564.339
v 37624.868 -5446.875 1560.139
v 37585.664 -5446.875 1556.097
v 37546.459 -5446.875 1552.218
v 37507.255 -5446.875 1548.504
v 37468.050 -5446.875 1544.965
v 37428.846 -5446.875 1541.610
v 37389.641 -5446.875 1538.449
v 37350.437 -5446.875 1535.500
v 37311.232 -5446.875 1532.778
v 37272.027 -5446.875 1530.304
v 37232.823 -5446.875 1528.104
v 37193.618 -5446.875 1526.205
v 37154.414 -5446.875 1524.639
v 37115.209 -5446.875 1523.444
v 37076.005 -5446.875 1522.666
v 37036.800 -5446.875 1522.356
v 36997.596 -5446.875 1522.576
v 36958.391 -5446.875 1523.404
v 36919.187 -5446.875 1524.935
v 36879.982 -5446.875 1527.293
v 36840.777 -5446.875 1530.649
v 36801.573 -5446.875 1535.251
v 36762.368 -5446.875 1541.498
v 36723.164 -5446.875 1550.145
v 36683.959 -5446.875 1563.089
v 36644.755 -5446.875 1600.000
v 36683.959 -5446.875 1636.911
v 36723.164 -5446.875 1649.855
v 36762.368 -5446.875 1658.502
v 36801.573 -5446.875 1664.749
v 36840.777 -5446.875 1669.351
v 36879.982 -5446.875 1672.707
v 36919.187 -5446.875 1675.065
v 36958.391 -5446.875 1676.596
v 36997.596 -5446.875 1677.424
v 37036.800 -5446.875 1677.644
v 37076.005 -5446.875 1677.334
v 37115.209 -5446.875 1676.556
v 37154.414 -5446.875 1675.361
v 37193.618 -5446.875 1673.795
v 37232.823 -5446.875 1671.896
v 37272.027 -5446.875 1669.696
v 37311.232 -5446.875 1667.222
v 37350.437 -5446.875 1664.500
v 37389.641 -5446.875 1661.551
v 37428.846 -5446.875 1658.390
v 37468.050 -5446.875 1655.035
v 37507.255 -5446.875 1651.496
v 37546.459 -5446.875 1647.782
v 37585.664 -5446.875 1643.903
v 37624.868 -5446.875 1639.861
v 37664.073 -5446.875 1635.661
v 37703.277 -5446.875 1631.303
v 37742.482 -5446.875 1626.785
v 37781.687 -5446.875 1622.105
v 37820.891 -5446.875 1617.258
v 37860.096 -5446.875 1612.235
v 37899.300 -5446.875 1607.030
v 37938.505 -5446.875 1601.630
v 38144.005 -6225.000 1598.677
v 38112.187 -6225.000 1594.295
v 38080.369 -6225.000 1590.070
v 38048.551 -6225.000 1585.994
v 38016.733 -6225.000 1582.060
v 37984.915 -6225.000 1578.261
v 37953.096 -6225.000 1574.595
v 37921.278 -6225.000 1571.058
v 37889.460 -6225.000 1567.649
v 37857.642 -6225.000 1564.369
v 37825.824 -6225.000 1561.220
v 37794.005 -6225.000 1558.207
v 37762.187 -6225.000 1555.334
v 37730.369 -6225.000 1552.611
v 37698.551 -6225.000 1550.046
v 37666.733 -6225.000 1547.652
v 37634.915 -6225.000 1545.443
v 37603.096 -6225.000 1543.435
v 37571.278 -6225.000 1541.650
v 37539.460 -6225.000 1540.108
v 37507.642 -6225.000 1538.837
v 37475.824 -6225.000 1537.868
v 37444.005 -6225.000 1537.236
v 37412.187 -6225.000 1536.984
v 37380.369 -6225.000 1537.163
v 37348.551 -6225.000 1537.835
v 37316.733 -6225.000 1539.077
v 37284.915 -6225.000 1540.992
v 37253.096 -6225.000 1543.715
v 37221.278 -6225.000 1547.450
v 37189.460 -6225.000 1552.520
v 37157.642 -6225.000 1559.538
v 37125.824 -6225.000 1570.043
v 37094.005 -6225.000 1600.000
v 37125.824 -6225.000 1629.957
v 37157.642 -6225.000 1640.462
v 37189.460 -6225.000 1647.480
v 37221.278 -6225.000 1652.550
v 37253.096 -6225.000 1656.285
v 37284.915 -6225.000 1659.008
v 37316.733 -6225.000 1660.923
v 37348.551 -6225.000 1662.165
v 37380.369 -6225.000 1662.837
v 37412.187 -6225.000 1663.016
v 37444.005 -6225.000 1662.764
v 37475.824 -6225.000 1662.132
v 37507.642 -6225.000 1661.163
v 37539.460 -6225.000 1659.892
v 37571.278 -6225.000 1658.350
v 37603.096 -6225.000 1656.565
v 37634.915 -6225.000 1654.557
v 37666.733 -6225.000 1652.348
v 37698.551 -6225.000 1649.954
v 37730.369 -6225.000 1647.389
v 37762.187 -6225.000 1644.666
v 37794.005 -6225.000 1641.793
v 37825.824 -6225.000 1638.780
v 37857.642 -6225.000 1635.631
v 37889.460 -6225.000 1632.351
v 37921.278 -6225.000 1628.942
v 37953.096 -6225.000 1625.405
v 37984.915 -6225.000 1621.739
v 38016.733 -6225.000 1617.940
v 38048.551 -6225.000 1614.006
v 38080.369 -6225.000 1609.930
v 38112.187 -6225.000 1605.705
v 38144.005 -6225.000 1601.323
v 35600.000 -5.880 1800.000
v 35440.000 -24.264 1800.000
v 35280.000 -42.022 1800.000
v 35120.000 -59.190 1800.000
v 34960.000 -75.793 1800.000
v 34800.000 -91.854 1800.000
v 34640.000 -107.390 1800.000
v 34480.000 -122.412 1800.000
v 34320.000 -136.927 1800.000
v 34160.000 -150.935 1800.000
v 34000.000 -164.430 1800.000
v 33840.000 -177.401 1800.000
v 33680.000 -189.830 1800.000
v 33520.000 -201.692 1800.000
v 33360.000 -212.957 1800.000
v 33200.000 -223.586 1800.000
v 33040.000 -233.533 1800.000
v 32880.000 -242.744 1800.000
v 32720.000 -251.156 1800.000
v 32560.000 -258.695 1800.000
v 32400.000 -265.278 1800.000
v 32240.000 -270.807 1800.000
v 32080.000 -275.171 1800.000
v 31920.000 -278.240 1800.000
v 31760.000 -279.865 1800.000
v 31600.000 -279.866 1800.000
v 31440.000 -278.032 1800.000
v 31280.000 -274.103 1800.000
v 31120.000 -267.752 1800.000
v 30960.000 -258.552 1800.000
v 30800.000 -245.920 1800.000
v 30640.000 -228.999 1800.000
v 30480.000 -206.399 1800.000
v 30320.000 -175.494 1800.000
v 30160.000 -129.653 1800.000
v 30000.000 0.000 1800.000
v 30160.000 129.653 1800.000
v 30320.000 175.494 1800.000
v 30480.000 206.399 1800.000
v 30640.000 228.999 1800.000
v 30800.000 245.920 1800.000
v 30960.000 258.552 1800.000
v 31120.000 267.752 1800.000
v 31280.000 274.103 1800.000
v 31440.000 278.032 1800.000
v 31600.000 279.866 1800.000
v 31760.000 279.865 1800.000
v 31920.000 278.240 1800.000
v 32080.000 275.171 1800.000
v 32240.000 270.807 1800.000
v 32400.000 265.278 1800.000
v 32560.000 258.695 1800.000
v 32720.000 251.156 1800.000
v 32880.000 242.744 1800.000
v 33040.000 233.533 1800.000
v 33200.000 223.586 1800.000
v 33360.000 212.957 1800.000
v 33520.000 201.692 1800.000
v 33680.000 189.830 1800.000
v 33840.000 177.401 1800.000
v 34000.000 164.430 1800.000
v 34160.000 150.935 1800.000
v 34320.000 136.927 1800.000
v 34480.000 122.412 1800.000
v 34640.000 107.390 1800.000
v 34800.000 91.854 1800.000
v 34960.000 75.793 1800.000
v 35120.000 59.190 1800.000
v 35280.000 42.022 1800.000
v 35440.000 24.264 1800.000
v 35600.000 5.880 1800.000
v 35744.713 -5.425 2488.889
v 35597.094 -22.386 2488.889
v 35449.475 -38.771 2488.889
v 35301.856 -54.610 2488.889
v 35154.237 -69.928 2488.889
v 35006.618 -84.746 2488.889
v 34858.999 -99.080 2488.889
v 34711.380 -112.940 2488.889
v 34563.761 -126.332 2488.889
v 34416.142 -139.256 2488.889
v 34268.523 -151.707 2488.889
v 34120.904 -163.674 2488.889
v 33973.285 -175.141 2488.889
v 33825.665 -186.085 2488.889
v 33678.046 -196.478 2488.889
v 33530.427 -206.285 2488.889
v 33382.808 -215.462 2488.889
v 33235.189 -223.961 2488.889
v 33087.570 -231.721 2488.889
v 32939.951 -238.677 2488.889
v 32792.332 -244.751 2488.889
v 32644.713 -249.852 2488.889
v 32497.094 -253.878 2488.889
v 32349.475 -256.710 2488.889
v 32201.856 -258.208 2488.889
v 32054.237 -258.210 2488.889
v 31906.618 -256.518 2488.889
v 31758.999 -252.893 2488.889
v 31611.380 -247.033 2488.889
v 31463.761 -238.545 2488.889
v 31316.142 -226.891 2488.889
v 31168.523 -211.279 2488.889
v 31020.904 -190.427 2488.889
v 30873.285 -161.914 2488.889
v 30725.665 -119.621 2488.889
v 30578.046 0.000 2488.889
v 30725.665 119.621 2488.889
v 30873.285 161.914 2488.889
v 31020.904 190.427 2488.889
v 31168.523 211.279 2488.889
v 31316.142 226.891 2488.889
v 31463.761 238.545 2488.889
v 31611.380 247.033 2488.889
v 31758.999 252.893 2488.889
v 31906.618 256.518 2488.889
v 32054.237 258.210 2488.889
v 32201.856 258.208 2488.889
v 32349.475 256.710 2488.889
v 32497.094 253.878 2488.889
v 32644.713 249.852 2488.889
v 32792.332 244.751 2488.889
v 32939.951 238.677 2488.889
v 33087.570 231.721 2488.889
v 33235.189 223.961 2488.889
v 33382.808 215.462 2488.889
v 33530.427 206.285 2488.889
v 33678.046 196.478 2488.889
v 33825.665 186.085 2488.889
v 33973.285 175.141 2488.889
v 34120.904 163.674 2488.889
v 34268.523 151.707 2488.889
v 34416.142 139.256 2488.889
v 34563.761 126.332 2488.889
v 34711.380 112.940 2488.889
v 34858.999 99.080 2488.889
v 35006.618 84.746 2488.889
v 35154.237 69.928 2488.889
v 35301.856 54.610 2488.889
v 35449.475 38.771 2488.889
v 35597.094 22.386 2488.889
v 35744.713 5.425 2488.889
v 35889.426 -4.970 3177.778
v 35754.188 -20.508 3177.778
v 35618.950 -35.519 3177.778
v 35483.712 -50.029 3177.778
v 35348.474 -64.063 3177.778
v 35213.236 -77.638 3177.778
v 35077.998 -90.770 3177.778
v 34942.759 -103.467 3177.778
v 34807.521 -115.736 3177.778
v 34672.283 -127.576 3177.778
v 34537.045 -138.983 3177.778
v 34401.807 -149.946 3177.778
v 34266.569 -160.452 3177.778
v 34131.331 -170.478 3177.778
v 33996.093 -180.000 3177.778
v 33860.855 -188.984 3177.778
v 33725.617 -197.391 3177.778
v 33590.379 -205.177 3177.778
v 33455.140 -212.287 3177.778
v 33319.902 -218.659 3177.778
v 33184.664 -224.223 3177.778
v 33049.426 -228.897 3177.778
v 32914.188 -232.585 3177.778
v 32778.950 -235.179 3177.778
v 32643.712 -236.552 3177.778
v 32508.474 -236.554 3177.778
v 32373.236 -235.004 3177.778
v 32237.998 -231.683 3177.778
v 32102.759 -226.314 3177.778
v 31967.521 -218.538 3177.778
v 31832.283 -207.861 3177.778
v 31697.045 -193.558 3177.778
v 31561.807 -174.456 3177.778
v 31426.569 -148.335 3177.778
v 31291.331 -109.588 3177.778
v 31156.093 0.000 3177.778
v 31291.331 109.588 3177.778
v 31426.569 148.335 3177.778
v 31561.807 174.456 3177.778
v 31697.045 193.558 3177.778
v 31832.283 207.861 3177.778
v 31967.521 218.538 3177.778
v 32102.759 226.314 3177.778
v 32237.998 231.683 3177.778
v 32373.236 235.004 3177.778
v 32508.474 236.554 3177.778
v 32643.712 236.552 3177.778
v 32778.950 235.179 3177.778
v 32914.188 232.585 3177.778
v 33049.426 228.897 3177.778
v 33184.664 224.223 3177.778
v 33319.902 218.659 3177.778
v 33455.140 212.287 3177.778
v 33590.379 205.177 3177.778
v 33725.617 197.391 3177.778
v 33860.855 188.984 3177.778
v 33996.093 180.000 3177.778
v 34131.331 170.478 3177.778
v 34266.569 160.452 3177.778
v 34401.807 149.946 3177.778
v 34537.045 138.983 3177.778
v 34672.283 127.576 3177.778
v 34807.521 115.736 3177.778
v 34942.759 103.467 3177.778
v 35077.998 90.770 3177.778
v 35213.236 77.638 3177.778
v 35348.474 64.063 3177.778
v 35483.712 50.029 3177.778
v 35618.950 35.519 3177.778
v 35754.188 20.508 3177.778
v 35889.426 4.970 3177.778
v 36034.139 -4.515 3866.667
v 35911.282 -18.631 3866.667
v 35788.425 -32.267 3866.667
v 35665.568 -45.449 3866.667
v 35542.711 -58.198 3866.667
v 35419.854 -70.530 3866.667
v 35296.996 -82.460 3866.667
v 35174.139 -93.995 3866.667
v 35051.282 -105.141 3866.667
v 34928.425 -115.897 3866.667
v 34805.568 -126.259 3866.667
v 34682.711 -136.219 3866.667
v 34559.854 -145.762 3866.667
v 34436.996 -154.871 3866.667
v 34314.139 -163.521 3866.667
v 34191.282 -171.682 3866.667
v 34068.425 -179.320 3866.667
v 33945.568 -186.393 3866.667
v 33822.711 -192.852 3866.667
v 33699.854 -198.641 3866.667
v 33576.996 -203.696 3866.667
v 33454.139 -207.941 3866.667
v 33331.282 -211.292 3866.667
v 33208.425 -213.649 3866.667
v 33085.568 -214.896 3866.667
v 32962.711 -214.897 3866.667
v 32839.854 -213.489 3866.667
v 32716.996 -210.472 3866.667
v 32594.139 -205.595 3866.667
v 32471.282 -198.531 3866.667
v 32348.425 -188.832 3866.667
v 32225.568 -175.838 3866.667
v 32102.711 -158.485 3866.667
v 31979.854 -134.755 3866.667
v 31856.996 -99.555 3866.667
v 31734.139 0.000 3866.667
v 31856.996 99.555 3866.667
v 31979.854 134.755 3866.667
v 32102.711 158.485 3866.667
v 32225.568 175.838 3866.667
v 32348.425 188.832 3866.667
v 32471.282 198.531 3866.667
v 32594.139 205.595 3866.667
v 32716.996 210.472 3866.667
v 32839.854 213.489 3866.667
v 32962.711 214.897 3866.667
v 33085.568 214.896 3866.667
v 33208.425 213.649 3866.667
v 33331.282 211.292 3866.667
v 33454.139 207.941 3866.667
v 33576.996 203.696 3866.667
v 33699.854 198.641 3866.667
v 33822.711 192.852 3866.667
v 33945.568 186.393 3866.667
v 34068.425 179.320 3866.667
v 34191.282 171.682 3866.667
v 34314.139 163.521 3866.667
v 34436.996 154.871 3866.667
v 34559.854 145.762 3866.667
v 34682.711 136.219 3866.667
v 34805.568 126.259 3866.667
v 34928.425 115.897 3866.667
v 35051.282 105.141 3866.667
v 35174.139 93.995 3866.667
v 35296.996 82.460 3866.667
v 35419.854 70.530 3866.667
v 35542.711 58.198 3866.667
v 35665.568 45.449 3866.667
v 35788.425 32.267 3866.667
v 35911.282 18.631 3866.667
v 36034.139 4.515 3866.667
v 36178.852 -4.060 4555.556
v 36068.376 -16.753 4555.556
v 35957.900 -29.016 4555.556
v 35847.424 -40.869 4555.556
v 35736.948 -52.333 4555.556
v 35626.471 -63.423 4555.556
v 35515.995 -74.150 4555.556
v 35405.519 -84.523 4555.556
v 35295.043 -94.545 4555.556
v 35184.567 -104.217 4555.556
v 35074.090 -113.535 4555.556
v 34963.614 -122.491 4555.556
v 34853.138 -131.073 4555.556
v 34742.662 -139.264 4555.556
v 34632.186 -147.042 4555.556
v 34521.709 -154.381 4555.556
v 34411.233 -161.249 4555.556
v 34300.757 -167.609 4555.556
v 34190.281 -173.417 4555.556
v 34079.805 -178.623 4555.556
v 33969.329 -183.168 4555.556
v 33858.852 -186.986 4555.556
v 33748.376 -189.999 4555.556
v 33637.900 -192.118 4555.556
v 33527.424 -193.240 4555.556
v 33416.948 -193.241 4555.556
v 33306.471 -191.975 4555.556
v 33195.995 -189.262 4555.556
v 33085.519 -184.876 4555.556
v 32975.043 -178.524 4555.556
v 32864.567 -169.802 4555.556
v 32754.090 -158.118 4555.556
v 32643.614 -142.513 4555.556
v 32533.138 -121.175 4555.556
v 32422.662 -89.523 4555.556
v 32312.186 0.000 4555.556
v 32422.662 89.523 4555.556
v 32533.138 121.175 4555.556
v 32643.614 142.513 4555.556
v 32754.090 158.118 4555.556
v 32864.567 169.802 4555.556
v 32975.043 178.524 4555.556
v 33085.519 184.876 4555.556
v 33195.995 189.262 4555.556
v 33306.471 191.975 4555.556
v 33416.948 193.241 4555.556
v 33527.424 193.240 4555.556
v 33637.900 192.118 4555.556
v 33748.376 189.999 4555.556
v 33858.852 186.986 4555.556
v 33969.329 183.168 4555.556
v 34079.805 178.623 4555.556
v 34190.281 173.417 4555.556
v 34300.757 167.609 4555.556
v 34411.233 161.249 4555.556
v 34521.709 154.381 4555.556
v 34632.186 147.042 4555.556
v 34742.662 139.264 4555.556
v 34853.138 131.073 4555.556
v 34963.614 122.491 4555.556
v 35074.090 113.535 4555.556
v 35184.567 104.217 4555.556
v 35295.043 94.545 4555.556
v 35405.519 84.523 4555.556
v 35515.995 74.150 4555.556
v 35626.471 63.423 4555.556
v 35736.948 52.333 4555.556
v 35847.424 40.869 4555.556
v 35957.900 29.016 4555.556
v 36068.376 16.753 4555.556
v 36178.852 4.060 4555.556
v 36323.565 -3.605 5244.444
v 36225.470 -14.876 5244.444
v 36127.375 -25.764 5244.444
v 36029.280 -36.289 5244.444
v 35931.184 -46.468 5244.444
v 35833.089 -56.315 5244.444
v 35734.994 -65.840 5244.444
v 35636.899 -75.050 5244.444
v 35538.803 -83.949 5244.444
v 35440.708 -92.538 5244.444
v 35342.613 -100.811 5244.444
v 35244.518 -108.764 5244.444
v 35146.423 -116.384 5244.444
v 35048.327 -123.657 5244.444
v 34950.232 -130.563 5244.444
v 34852.137 -137.080 5244.444
v 34754.042 -143.178 5244.444
v 34655.946 -148.825 5244.444
v 34557.851 -153.983 5244.444
v 34459.756 -158.605 5244.444
v 34361.661 -162.641 5244.444
v 34263.565 -166.031 5244.444
v 34165.470 -168.706 5244.444
v 34067.375 -170.588 5244.444
v 33969.280 -171.584 5244.444
v 33871.184 -171.585 5244.444
v 33773.089 -170.460 5244.444
v 33674.994 -168.051 5244.444
v 33576.899 -164.157 5244.444
v 33478.803 -158.517 5244.444
v 33380.708 -150.773 5244.444
v 33282.613 -140.398 5244.444
v 33184.518 -126.542 5244.444
v 33086.423 -107.595 5244.444
v 32988.327 -79.490 5244.444
v 32890.232 0.000 5244.444
v 32988.327 79.490 5244.444
v 33086.423 107.595 5244.444
v 33184.518 126.542 5244.444
v 33282.613 140.398 5244.444
v 33380.708 150.773 5244.444
v 33478.803 158.517 5244.444
v 33576.899 164.157 5244.444
v 33674.994 168.051 5244.444
v 33773.089 170.460 5244.444
v 33871.184 171.585 5244.444
v 33969.280 171.584 5244.444
v 34067.375 170.588 5244.444
v 34165.470 168.706 5244.444
v 34263.565 166.031 5244.444
v 34361.661 162.641 5244.444
v 34459.756 158.605 5244.444
v 34557.851 153.983 5244.444
v 34655.946 148.825 5244.444
v 34754.042 143.178 5244.444
v 34852.137 137.080 5244.444
v 34950.232 130.563 5244.444
v 35048.327 123.657 5244.444
v 35146.423 116.384 5244.444
v 35244.518 108.764 5244.444
v 35342.613 100.811 5244.444
v 35440.708 92.538 5244.444
v 35538.803 83.949 5244.444
v 35636.899 75.050 5244.444
v 35734.994 65.840 5244.444
v 35833.089 56.315 5244.444
v 35931.184 46.468 5244.444
v 36029.280 36.289 5244.444
v 36127.375 25.764 5244.444
v 36225.470 14.876 5244.444
v 36323.565 3.605 5244.444
v 36468.278 -3.150 5933.333
v 36382.564 -12.998 5933.333
v 36296.850 -22.512 5933.333
v 36211.136 -31.709 5933.333
v 36125.421 -40.603 5933.333
v 36039.707 -49.207 5933.333
v 35953.993 -57.530 5933.333
v 35868.278 -65.578 5933.333
v 35782.564 -73.354 5933.333
v 35696.850 -80.858 5933.333
v 35611.136 -88.088 5933.333
v 35525.421 -95.036 5933.333
v 35439.707 -101.695 5933.333
v 35353.993 -108.049 5933.333
v 35268.278 -114.084 5933.333
v 35182.564 -119.778 5933.333
v 35096.850 -125.107 5933.333
v 35011.136 -130.042 5933.333
v 34925.421 -134.548 5933.333
v 34839.707 -138.587 5933.333
v 34753.993 -142.113 5933.333
v 34668.278 -145.075 5933.333
v 34582.564 -147.413 5933.333
v 34496.850 -149.057 5933.333
v 34411.136 -149.927 5933.333
v 34325.421 -149.928 5933.333
v 34239.707 -148.946 5933.333
v 34153.993 -146.841 5933.333
v 34068.278 -143.439 5933.333
v 33982.564 -138.510 5933.333
v 33896.850 -131.743 5933.333
v 33811.136 -122.678 5933.333
v 33725.421 -110.571 5933.333
v 33639.707 -94.015 5933.333
v 33553.993 -69.457 5933.333
v 33468.278 0.000 5933.333
v 33553.993 69.457 5933.333
v 33639.707 94.015 5933.333
v 33725.421 110.571 5933.333
v 33811.136 122.678 5933.333
v 33896.850 131.743 5933.333
v 33982.564 138.510 5933.333
v 34068.278 143.439 5933.333
v 34153.993 146.841 5933.333
v 34239.707 148.946 5933.333
v 34325.421 149.928 5933.333
v 34411.136 149.927 5933.333
v 34496.850 149.057 5933.333
v 34582.564 147.413 5933.333
v 34668.278 145.075 5933.333
v 34753.993 142.113 5933.333
v 34839.707 138.587 5933.333
v 34925.421 134.548 5933.333
v 35011.136 130.042 5933.333
v 35096.850 125.107 5933.333
v 35182.564 119.778 5933.333
v 35268.278 114.084 5933.333
v 35353.993 108.049 5933.333
v 35439.707 101.695 5933.333
v 35525.421 95.036 5933.333
v 35611.136 88.088 5933.333
v 35696.850 80.858 5933.333
v 35782.564 73.354 5933.333
v 35868.278 65.578 5933.333
v 35953.993 57.530 5933.333
v 36039.707 49.207 5933.333
v 36125.421 40.603 5933.333
v 36211.136 31.709 5933.333
v 36296.850 22.512 5933.333
v 36382.564 12.998 5933.333
v 36468.278 3.150 5933.333
v 36612.992 -2.695 6622.222
v 36539.658 -11.121 6622.222
v 36466.325 -19.260 6622.222
v 36392.992 -27.129 6622.222
v 36319.658 -34.738 6622.222
v 36246.325 -42.100 6622.222
v 36172.992 -49.220 6622.222
v 36099.658 -56.106 6622.222
v 36026.325 -62.758 6622.222
v 35952.992 -69.179 6622.222
v 35879.658 -75.364 6622.222
v 35806.325 -81.309 6622.222
v 35732.992 -87.005 6622.222
v 35659.658 -92.442 6622.222
v 35586.325 -97.605 6622.222
v 35512.992 -102.477 6622.222
v 35439.658 -107.036 6622.222
v 35366.325 -111.258 6622.222
v 35292.992 -115.113 6622.222
v 35219.658 -118.569 6622.222
v 35146.325 -121.586 6622.222
v 35072.992 -124.120 6622.222
v 34999.658 -126.120 6622.222
v 34926.325 -127.527 6622.222
v 34852.992 -128.271 6622.222
v 34779.658 -128.272 6622.222
v 34706.325 -127.432 6622.222
v 34632.992 -125.631 6622.222
v 34559.658 -122.720 6622.222
v 34486.325 -118.503 6622.222
v 34412.992 -112.714 6622.222
v 34339.658 -104.958 6622.222
v 34266.325 -94.599 6622.222
v 34192.992 -80.435 6622.222
v 34119.658 -59.424 6622.222
v 34046.325 0.000 6622.222
v 34119.658 59.424 6622.222
v 34192.992 80.435 6622.222
v 34266.325 94.599 6622.222
v 34339.658 104.958 6622.222
v 34412.992 112.714 6622.222
v 34486.325 118.503 6622.222
v 34559.658 122.720 6622.222
v 34632.992 125.631 6622.222
v 34706.325 127.432 6622.222
v 34779.658 128.272 6622.222
v 34852.992 128.271 6622.222
v 34926.325 127.527 6622.222
v 34999.658 126.120 6622.222
v 35072.992 124.120 6622.222
v 35146.325 121.586 6622.222
v 35219.658 118.569 6622.222
v 35292.992 115.113 6622.222
v 35366.325 111.258 6622.222
v 35439.658 107.036 6622.222
v 35512.992 102.477 6622.222
v 35586.325 97.605 6622.222
v 35659.658 92.442 6622.222
v 35732.992 87.005 6622.222
v 35806.325 81.309 6622.222
v 35879.658 75.364 6622.222
v 35952.992 69.179 6622.222
v 36026.325 62.758 6622.222
v 36099.658 56.106 6622.222
v 36172.992 49.220 6622.222
v 36246.325 42.100 6622.222
v 36319.658 34.738 6622.222
v 36392.992 27.129 6622.222
v 36466.325 19.260 6622.222
v 36539.658 11.121 6622.222
v 36612.992 2.695 6622.222
v 36757.705 -2.240 7311.111
v 36696.752 -9.243 7311.111
v 36635.800 -16.009 7311.111
v 36574.847 -22.548 7311.111
v 36513.895 -28.873 7311.111
v 36452.943 -34.992 7311.111
v 36391.990 -40.910 7311.111
v 36331.038 -46.633 7311.111
v 36270.086 -52.163 7311.111
v 36209.133 -57.499 7311.111
v 36148.181 -62.640 7311.111
v 36087.228 -67.581 7311.111
v 36026.276 -72.316 7311.111
v 35965.324 -76.835 7311.111
v 35904.371 -81.127 7311.111
v 35843.419 -85.176 7311.111
v 35782.467 -88.965 7311.111
v 35721.514 -92.474 7311.111
v 35660.562 -95.679 7311.111
v 35599.609 -98.551 7311.111
v 35538.657 -101.058 7311.111
v 35477.705 -103.165 7311.111
v 35416.752 -104.827 7311.111
v 35355.800 -105.996 7311.111
v 35294.847 -106.615 7311.111
v 35233.895 -106.616 7311.111
v 35172.943 -105.917 7311.111
v 35111.990 -104.420 7311.111
v 35051.038 -102.001 7311.111
v 34990.086 -98.496 7311.111
v 34929.133 -93.684 7311.111
v 34868.181 -87.238 7311.111
v 34807.228 -78.628 7311.111
v 34746.276 -66.855 7311.111
v 34685.324 -49.392 7311.111
v 34624.371 0.000 7311.111
v 34685.324 49.392 7311.111
v 34746.276 66.855 7311.111
v 34807.228 78.628 7311.111
v 34868.181 87.238 7311.111
v 34929.133 93.684 7311.111
v 34990.086 98.496 7311.111
v 35051.038 102.001 7311.111
v 35111.990 104.420 7311.111
v 35172.943 105.917 7311.111
v 35233.895 106.616 7311.111
v 35294.847 106.615 7311.111
v 35355.800 105.996 7311.111
v 35416.752 104.827 7311.111
v 35477.705 103.165 7311.111
v 35538.657 101.058 7311.111
v 35599.609 98.551 7311.111
v 35660.562 95.679 7311.111
v 35721.514 92.474 7311.111
v 35782.467 88.965 7311.111
v 35843.419 85.176 7311.111
v 35904.371 81.127 7311.111
v 35965.324 76.835 7311.111
v 36026.276 72.316 7311.111
v 36087.228 67.581 7311.111
v 36148.181 62.640 7311.111
v 36209.133 57.499 7311.111
v 36270.086 52.163 7311.111
v 36331.038 46.633 7311.111
v 36391.990 40.910 7311.111
v 36452.943 34.992 7311.111
v 36513.895 28.873 7311.111
v 36574.847 22.548 7311.111
v 36635.800 16.009 7311.111
v 36696.752 9.243 7311.111
v 36757.705 2.240 7311.111
v 36902.418 -1.785 8000.000
v 36853.846 -7.366 8000.000
v 36805.275 -12.757 8000.000
v 36756.703 -17.968 8000.000
v 36708.132 -23.008 8000.000
v 36659.561 -27.884 8000.000
v 36610.989 -32.600 8000.000
v 36562.418 -37.161 8000.000
v 36513.846 -41.567 8000.000
v 36465.275 -45.820 8000.000
v 36416.703 -49.916 8000.000
v 36368.132 -53.854 8000.000
v 36319.561 -57.627 8000.000
v 36270.989 -61.228 8000.000
v 36222.418 -64.648 8000.000
v 36173.846 -67.874 8000.000
v 36125.275 -70.894 8000.000
v 36076.703 -73.690 8000.000
v 36028.132 -76.244 8000.000
v 35979.561 -78.533 8000.000
v 35930.989 -80.531 8000.000
v 35882.418 -82.209 8000.000
v 35833.846 -83.534 8000.000
v 35785.275 -84.466 8000.000
v 35736.703 -84.959 8000.000
v 35688.132 -84.959 8000.000
v 35639.561 -84.403 8000.000
v 35590.989 -83.210 8000.000
v 35542.418 -81.282 8000.000
v 35493.846 -78.489 8000.000
v 35445.275 -74.654 8000.000
v 35396.703 -69.517 8000.000
v 35348.132 -62.657 8000.000
v 35299.561 -53.275 8000.000
v 35250.989 -39.359 8000.000
v 35202.418 0.000 8000.000
v 35250.989 39.359 8000.000
v 35299.561 53.275 8000.000
v 35348.132 62.657 8000.000
v 35396.703 69.517 8000.000
v 35445.275 74.654 8000.000
v 35493.846 78.489 8000.000
v 35542.418 81.282 8000.000
v 35590.989 83.210 8000.000
v 35639.561 84.403 8000.000
v 35688.132 84.959 8000.000
v 35736.703 84.959 8000.000
v 35785.275 84.466 8000.000
v 35833.846 83.534 8000.000
v 35882.418 82.209 8000.000
v 35930.989 80.531 8000.000
v 35979.561 78.533 8000.000
v 36028.132 76.244 8000.000
v 36076.703 73.690 8000.000
v 36125.275 70.894 8000.000
v 36173.846 67.874 8000.000
v 36222.418 64.648 8000.000
v 36270.989 61.228 8000.000
v 36319.561 57.627 8000.000
v 36368.132 53.854 8000.000
v 36416.703 49.916 8000.000
v 36465.275 45.820 8000.000
v 36513.846 41.567 8000.000
v 36562.418 37.161 8000.000
v 36610.989 32.600 8000.000
v 36659.561 27.884 8000.000
v 36708.132 23.008 8000.000
v 36756.703 17.968 8000.000
v 36805.275 12.757 8000.000
v 36853.846 7.366 8000.000
v 36902.418 1.785 8000.000
v 14559.068 6735.000 -1113.090
v 14559.068 6701.437 -858.153
v 14559.068 6603.035 -620.590
v 14559.068 6446.500 -416.590
v 14559.068 6242.500 -260.055
v 14559.068 6004.937 -161.653
v 14559.068 5750.000 -128.090
v 14559.068 5495.063 -161.653
v 14559.068 5257.500 -260.055
v 14559.068 5053.500 -416.590
v 14559.068 4896.965 -620.590
v 14559.068 4798.563 -858.153
v 14559.068 4765.000 -1113.090
v 14559.068 4798.563 -1368.027
v 14559.068 4896.965 -1605.590
v 14559.068 5053.500 -1809.590
v 14559.068 5257.500 -1966.125
v 14559.068 5495.063 -2064.527
v 14559.068 5750.000 -2098.090
v 14559.068 6004.937 -2064.527
v 14559.068 6242.500 -1966.125
v 14559.068 6446.500 -1809.590
v 14559.068 6603.035 -1605.590
v 14559.068 6701.437 -1368.027
v 14732.752 6746.579 -1113.090
v 14732.752 6712.621 -855.157
v 14732.752 6613.063 -614.801
v 14732.752 6454.688 -408.402
v 14732.752 6248.289 -250.028
v 14732.752 6007.934 -150.469
v 14732.752 5750.000 -116.511
v 14732.752 5492.066 -150.469
v 14732.752 5251.711 -250.028
v 14732.752 5045.312 -408.402
v 14732.752 4886.937 -614.801
v 14732.752 4787.379 -855.157
v 14732.752 4753.421 -1113.090
v 14732.752 4787.379 -1371.024
v 14732.752 4886.937 -1611.380
v 14732.752 5045.312 -1817.778
v 14732.752 5251.711 -1976.153
v 14732.752 5492.066 -2075.712
v 14732.752 5750.000 -2109.669
v 14732.752 6007.934 -2075.712
v 14732.752 6248.289 -1976.153
v 14732.752 6454.688 -1817.778
v 14732.752 6613.063 -1611.380
v 14732.752 6712.621 -1371.024
v 14906.436 6752.632 -1113.090
v 14906.436 6718.468 -853.590
v 14906.436 6618.304 -611.774
v 14906.436 6458.968 -404.123
v 14906.436 6251.316 -244.786
v 14906.436 6009.500 -144.622
v 14906.436 5750.000 -110.459
v 14906.436 5490.500 -144.622
v 14906.436 5248.684 -244.786
v 14906.436 5041.032 -404.123
v 14906.436 4881.696 -611.774
v 14906.436 4781.532 -853.590
v 14906.436 4747.368 -1113.090
v 14906.436 4781.532 -1372.590
v 14906.436 4881.696 -1614.406
v 14906.436 5041.032 -1822.058
v 14906.436 5248.684 -1981.395
v 14906.436 5490.500 -2081.558
v 14906.436 5750.000 -2115.722
v 14906.436 6009.500 -2081.558
v 14906.436 6251.316 -1981.395
v 14906.436 6458.968 -1822.058
v 14906.436 6618.304 -1614.406
v 14906.436 6718.468 -1372.590
v 15080.120 6743.947 -1113.090
v 15080.120 6710.079 -855.838
v 15080.120 6610.784 -616.117
v 15080.120 6452.827 -410.263
v 15080.120 6246.974 -252.307
v 15080.120 6007.253 -153.011
v 15080.120 5750.000 -119.143
v 15080.120 5492.747 -153.011
v 15080.120 5253.026 -252.307
v 15080.120 5047.173 -410.263
v 15080.120 4889.216 -616.117
v 15080.120 4789.921 -855.838
v 15080.120 4756.053 -1113.090
v 15080.120 4789.921 -1370.343
v 15080.120 4889.216 -1610.064
v 15080.120 5047.173 -1815.917
v 15080.120 5253.026 -1973.874
v 15080.120 5492.747 -2073.170
v 15080.120 5750.000 -2107.038
v 15080.120 6007.253 -2073.170
v 15080.120 6246.974 -1973.874
v 15080.120 6452.827 -1815.917
v 15080.120 6610.784 -1610.064
v 15080.120 6710.079 -1370.343
v 15253.804 6735.263 -1113.090
v 15253.804 6701.691 -858.085
v 15253.804 6603.263 -620.459
v 15253.804 6446.686 -416.404
v 15253.804 6242.632 -259.827
v 15253.804 6005.005 -161.399
v 15253.804 5750.000 -127.827
v 15253.804 5494.995 -161.399
v 15253.804 5257.368 -259.827
v 15253.804 5053.314 -416.404
v 15253.804 4896.737 -620.459
v 15253.804 4798.309 -858.085
v 15253.804 4764.737 -1113.090
v 15253.804 4798.309 -1368.095
v 15253.804 4896.737 -1605.722
v 15253.804 5053.314 -1809.776
v 15253.804 5257.368 -1966.353
v 15253.804 5494.995 -2064.781
v 15253.804 5750.000 -2098.353
v 15253.804 6005.005 -2064.781
v 15253.804 6242.632 -1966.353
v 15253.804 6446.686 -1809.776
v 15253.804 6603.263 -1605.722
v 15253.804 6701.691 -1368.095
v 15427.489 6725.175 -1113.090
v 15427.489 6691.947 -860.696
v 15427.489 6594.527 -625.503
v 15427.489 6439.553 -423.537
v 15427.489 6237.588 -268.564
v 15427.489 6002.394 -171.143
v 15427.489 5750.000 -137.915
v 15427.489 5497.606 -171.143
v 15427.489 5262.412 -268.564
v 15427.489 5060.447 -423.537
v 15427.489 4905.473 -625.503
v 15427.489 4808.053 -860.696
v 15427.489 4774.825 -1113.090
v 15427.489 4808.053 -1365.484
v 15427.489 4905.473 -1600.678
v 15427.489 5060.447 -1802.643
v 15427.489 5262.412 -1957.617
v 15427.489 5497.606 -2055.037
v 15427.489 5750.000 -2088.266
v 15427.489 6002.394 -2055.037
v 15427.489 6237.588 -1957.617
v 15427.489 6439.553 -1802.643
v 15427.489 6594.527 -1600.678
v 15427.489 6691.947 -1365.484
v 15601.173 6715.044 -1113.090
v 15601.173 6682.161 -863.318
v 15601.173 6585.752 -630.568
v 15601.173 6432.389 -430.701
v 15601.173 6232.522 -277.338
v 15601.173 5999.772 -180.929
v 15601.173 5750.000 -148.046
v 15601.173 5500.228 -180.929
v 15601.173 5267.478 -277.338
v 15601.173 5067.611 -430.701
v 15601.173 4914.248 -630.568
v 15601.173 4817.839 -863.318
v 15601.173 4784.956 -1113.090
v 15601.173 4817.839 -1362.862
v 15601.173 4914.248 -1595.612
v 15601.173 5067.611 -1795.479
v 15601.173 5267.478 -1948.843
v 15601.173 5500.228 -2045.251
v 15601.173 5750.000 -2078.134
v 15601.173 5999.772 -2045.251
v 15601.173 6232.522 -1948.843
v 15601.173 6432.389 -1795.479
v 15601.173 6585.752 -1595.612
v 15601.173 6682.161 -1362.862
v 15774.857 6704.912 -1113.090
v 15774.857 6672.374 -865.941
v 15774.857 6576.978 -635.634
v 15774.857 6425.225 -437.865
v 15774.857 6227.456 -286.112
v 15774.857 5997.149 -190.716
v 15774.857 5750.000 -158.178
v 15774.857 5502.851 -190.716
v 15774.857 5272.544 -286.112
v 15774.857 5074.775 -437.865
v 15774.857 4923.022 -635.634
v 15774.857 4827.626 -865.941
v 15774.857 4795.088 -1113.090
v 15774.857 4827.626 -1360.240
v 15774.857 4923.022 -1590.546
v 15774.857 5074.775 -1788.315
v 15774.857 5272.544 -1940.069
v 15774.857 5502.851 -2035.465
v 15774.857 5750.000 -2068.003
v 15774.857 5997.149 -2035.465
v 15774.857 6227.456 -1940.069
v 15774.857 6425.225 -1788.315
v 15774.857 6576.978 -1590.546
v 15774.857 6672.374 -1360.240
v 15948.541 6691.053 -1113.090
v 15948.541 6658.987 -869.528
v 15948.541 6564.975 -642.564
v 15948.541 6415.425 -447.666
v 15948.541 6220.526 -298.115
v 15948.541 5993.562 -204.103
v 15948.541 5750.000 -172.038
v 15948.541 5506.438 -204.103
v 15948.541 5279.474 -298.115
v 15948.541 5084.575 -447.666
v 15948.541 4935.025 -642.564
v 15948.541 4841.013 -869.528
v 15948.541 4808.947 -1113.090
v 15948.541 4841.013 -1356.653
v 15948.541 4935.025 -1583.617
v 15948.541 5084.575 -1778.515
v 15948.541 5279.474 -1928.066
v 15948.541 5506.438 -2022.077
v 15948.541 5750.000 -2054.143
v 15948.541 5993.562 -2022.077
v 15948.541 6220.526 -1928.066
v 15948.541 6415.425 -1778.515
v 15948.541 6564.975 -1583.617
v 15948.541 6658.987 -1356.653
v 16122.226 6673.684 -1113.090
v 16122.226 6642.210 -874.023
v 16122.226 6549.934 -651.248
v 16122.226 6403.143 -459.947
v 16122.226 6211.842 -313.156
v 16122.226 5989.067 -220.880
v 16122.226 5750.000 -189.406
v 16122.226 5510.933 -220.880
v 16122.226 5288.158 -313.156
v 16122.226 5096.857 -459.947
v 16122.226 4950.066 -651.248
v 16122.226 4857.790 -874.023
v 16122.226 4826.316 -1113.090
v 16122.226 4857.790 -1352.157
v 16122.226 4950.066 -1574.932
v 16122.226 5096.857 -1766.234
v 16122.226 5288.158 -1913.024
v 16122.226 5510.933 -2005.301
v 16122.226 5750.000 -2036.774
v 16122.226 5989.067 -2005.301
v 16122.226 6211.842 -1913.024
v 16122.226 6403.143 -1766.234
v 16122.226 6549.934 -1574.932
v 16122.226 6642.210 -1352.157
v 16295.910 6656.316 -1113.090
v 16295.910 6625.434 -878.518
v 16295.910 6534.892 -659.932
v 16295.910 6390.862 -472.228
v 16295.910 6203.158 -328.198
v 16295.910 5984.572 -237.656
v 16295.910 5750.000 -206.774
v 16295.910 5515.428 -237.656
v 16295.910 5296.842 -328.198
v 16295.910 5109.138 -472.228
v 16295.910 4965.108 -659.932
v 16295.910 4874.566 -878.518
v 16295.910 4843.684 -1113.090
v 16295.910 4874.566 -1347.662
v 16295.910 4965.108 -1566.248
v 16295.910 5109.138 -1753.952
v 16295.910 5296.842 -1897.983
v 16295.910 5515.428 -1988.524
v 16295.910 5750.000 -2019.406
v 16295.910 5984.572 -1988.524
v 16295.910 6203.158 -1897.983
v 16295.910 6390.862 -1753.952
v 16295.910 6534.892 -1566.248
v 16295.910 6625.434 -1347.662
v 16469.594 6638.947 -1113.090
v 16469.594 6608.657 -883.014
v 16469.594 6519.851 -668.617
v 16469.594 6378.581 -484.510
v 16469.594 6194.474 -343.239
v 16469.594 5980.077 -254.433
v 16469.594 5750.000 -224.143
v 16469.594 5519.923 -254.433
v 16469.594 5305.526 -343.239
v 16469.594 5121.419 -484.510
v 16469.594 4980.149 -668.617
v 16469.594 4891.343 -883.014
v 16469.594 4861.053 -1113.090
v 16469.594 4891.343 -1343.167
v 16469.594 4980.149 -1557.564
v 16469.594 5121.419 -1741.671
v 16469.594 5305.526 -1882.941
v 16469.594 5519.923 -1971.747
v 16469.594 5750.000 -2002.038
v 16469.594 5980.077 -1971.747
v 16469.594 6194.474 -1882.941
v 16469.594 6378.581 -1741.671
v 16469.594 6519.851 -1557.564
v 16469.594 6608.657 -1343.167
v 16643.278 6613.158 -1113.090
v 16643.278 6583.747 -889.689
v 16643.278 6497.517 -681.511
v 16643.278 6360.345 -502.745
v 16643.278 6181.579 -365.574
v 16643.278 5973.402 -279.344
v 16643.278 5750.000 -249.932
v 16643.278 5526.598 -279.344
v 16643.278 5318.421 -365.574
v 16643.278 5139.655 -502.745
v 16643.278 5002.483 -681.511
v 16643.278 4916.253 -889.689
v 16643.278 4886.842 -1113.090
v 16643.278 4916.253 -1336.492
v 16643.278 5002.483 -1544.669
v 16643.278 5139.655 -1723.435
v 16643.278 5318.421 -1860.607
v 16643.278 5526.598 -1946.837
v 16643.278 5750.000 -1976.248
v 16643.278 5973.402 -1946.837
v 16643.278 6181.579 -1860.607
v 16643.278 6360.345 -1723.435
v 16643.278 6497.517 -1544.669
v 16643.278 6583.747 -1336.492
v 16816.962 6578.421 -1113.090
v 16816.962 6550.193 -898.679
v 16816.962 6467.434 -698.880
v 16816.962 6335.782 -527.308
v 16816.962 6164.211 -395.657
v 16816.962 5964.411 -312.897
v 16816.962 5750.000 -284.669
v 16816.962 5535.589 -312.897
v 16816.962 5335.789 -395.657
v 16816.962 5164.218 -527.308
v 16816.962 5032.566 -698.880
v 16816.962 4949.807 -898.679
v 16816.962 4921.579 -1113.090
v 16816.962 4949.807 -1327.501
v 16816.962 5032.566 -1527.301
v 16816.962 5164.218 -1698.872
v 16816.962 5335.789 -1830.524
v 16816.962 5535.589 -1913.284
v 16816.962 5750.000 -1941.511
v 16816.962 5964.411 -1913.284
v 16816.962 6164.211 -1830.524
v 16816.962 6335.782 -1698.872
v 16816.962 6467.434 -1527.301
v 16816.962 6550.193 -1327.501
v 16990.647 6543.684 -1113.090
v 16990.647 6516.640 -907.670
v 16990.647 6437.351 -716.248
v 16990.647 6311.219 -551.871
v 16990.647 6146.842 -425.740
v 16990.647 5955.421 -346.450
v 16990.647 5750.000 -319.406
v 16990.647 5544.579 -346.450
v 16990.647 5353.158 -425.740
v 16990.647 5188.781 -551.871
v 16990.647 5062.649 -716.248
v 16990.647 4983.360 -907.670
v 16990.647 4956.316 -1113.090
v 16990.647 4983.360 -1318.511
v 16990.647 5062.649 -1509.932
v 16990.647 5188.781 -1674.310
v 16990.647 5353.158 -1800.441
v 16990.647 5544.579 -1879.730
v 16990.647 5750.000 -1906.774
v 16990.647 5955.421 -1879.730
v 16990.647 6146.842 -1800.441
v 16990.647 6311.219 -1674.310
v 16990.647 6437.351 -1509.932
v 16990.647 6516.640 -1318.511
v 17164.331 6508.737 -1113.090
v 17164.331 6482.884 -916.715
v 17164.331 6407.085 -733.722
v 17164.331 6286.508 -576.582
v 17164.331 6129.368 -456.005
v 17164.331 5946.376 -380.207
v 17164.331 5750.000 -354.353
v 17164.331 5553.624 -380.207
v 17164.331 5370.632 -456.005
v 17164.331 5213.492 -576.582
v 17164.331 5092.915 -733.722
v 17164.331 5017.116 -916.715
v 17164.331 4991.263 -1113.090
v 17164.331 5017.116 -1309.466
v 17164.331 5092.915 -1492.459
v 17164.331 5213.492 -1649.598
v 17164.331 5370.632 -1770.176
v 17164.331 5553.624 -1845.974
v 17164.331 5750.000 -1871.827
v 17164.331 5946.376 -1845.974
v 17164.331 6129.368 -1770.176
v 17164.331 6286.508 -1649.598
v 17164.331 6407.085 -1492.459
v 17164.331 6482.884 -1309.466
v 17338.015 6467.053 -1113.090
v 17338.015 6442.620 -927.503
v 17338.015 6370.986 -754.564
v 17338.015 6257.033 -606.057
v 17338.015 6108.526 -492.104
v 17338.015 5935.587 -420.471
v 17338.015 5750.000 -396.038
v 17338.015 5564.413 -420.471
v 17338.015 5391.474 -492.104
v 17338.015 5242.967 -606.057
v 17338.015 5129.014 -754.564
v 17338.015 5057.380 -927.503
v 17338.015 5032.947 -1113.090
v 17338.015 5057.380 -1298.677
v 17338.015 5129.014 -1471.617
v 17338.015 5242.967 -1620.123
v 17338.015 5391.474 -1734.076
v 17338.015 5564.413 -1805.710
v 17338.015 5750.000 -1830.143
v 17338.015 5935.587 -1805.710
v 17338.015 6108.526 -1734.076
v 17338.015 6257.033 -1620.123
v 17338.015 6370.986 -1471.617
v 17338.015 6442.620 -1298.677
v 17511.699 6425.368 -1113.090
v 17511.699 6402.356 -938.292
v 17511.699 6334.886 -775.406
v 17511.699 6227.558 -635.533
v 17511.699 6087.684 -528.204
v 17511.699 5924.798 -460.734
v 17511.699 5750.000 -437.722
v 17511.699 5575.202 -460.734
v 17511.699 5412.316 -528.204
v 17511.699 5272.442 -635.533
v 17511.699 5165.114 -775.406
v 17511.699 5097.644 -938.292
v 17511.699 5074.632 -1113.090
v 17511.699 5097.644 -1287.888
v 17511.699 5165.114 -1450.774
v 17511.699 5272.442 -1590.648
v 17511.699 5412.316 -1697.976
v 17511.699 5575.202 -1765.446
v 17511.699 5750.000 -1788.459
v 17511.699 5924.798 -1765.446
v 17511.699 6087.684 -1697.976
v 17511.699 6227.558 -1590.648
v 17511.699 6334.886 -1450.774
v 17511.699 6402.356 -1287.888
v 17685.383 6384.737 -1113.090
v 17685.383 6363.109 -948.808
v 17685.383 6299.698 -795.722
v 17685.383 6198.827 -664.264
v 17685.383 6067.368 -563.392
v 17685.383 5914.282 -499.982
v 17685.383 5750.000 -478.353
v 17685.383 5585.718 -499.982
v 17685.383 5432.632 -563.392
v 17685.383 5301.173 -664.264
v 17685.383 5200.302 -795.722
v 17685.383 5136.891 -948.808
v 17685.383 5115.263 -1113.090
v 17685.383 5136.891 -1277.372
v 17685.383 5200.302 -1430.459
v 17685.383 5301.173 -1561.917
v 17685.383 5432.632 -1662.788
v 17685.383 5585.718 -1726.199
v 17685.383 5750.000 -1747.827
v 17685.383 5914.282 -1726.199
v 17685.383 6067.368 -1662.788
v 17685.383 6198.827 -1561.917
v 17685.383 6299.698 -1430.459
v 17685.383 6363.109 -1277.372
v 17859.068 6350.000 -1113.090
v 17859.068 6329.555 -957.799
v 17859.068 6269.615 -813.090
v 17859.068 6174.264 -688.826
v 17859.068 6050.000 -593.475
v 17859.068 5905.291 -533.535
v 17859.068 5750.000 -513.090
v 17859.068 5594.709 -533.535
v 17859.068 5450.000 -593.475
v 17859.068 5325.736 -688.826
v 17859.068 5230.385 -813.090
v 17859.068 5170.445 -957.799
v 17859.068 5150.000 -1113.090
v 17859.068 5170.445 -1268.382
v 17859.068 5230.385 -1413.090
v 17859.068 5325.736 -1537.354
v 17859.068 5450.000 -1632.705
v 17859.068 5594.709 -1692.646
v 17859.068 5750.000 -1713.090
v 17859.068 5905.291 -1692.646
v 17859.068 6050.000 -1632.705
v 17859.068 6174.264 -1537.354
v 17859.068 6269.615 -1413.090
v 17859.068 6329.555 -1268.382
v 14559.068 -4765.000 -1113.090
v 14559.068 -4798.563 -858.153
v 14559.068 -4896.965 -620.590
v 14559.068 -5053.500 -416.590
v 14559.068 -5257.500 -260.055
v 14559.068 -5495.063 -161.653
v 14559.068 -5750.000 -128.090
v 14559.068 -6004.937 -161.653
v 14559.068 -6242.500 -260.055
v 14559.068 -6446.500 -416.590
v 14559.068 -6603.035 -620.590
v 14559.068 -6701.437 -858.153
v 14559.068 -6735.000 -1113.090
v 14559.068 -6701.437 -1368.027
v 14559.068 -6603.035 -1605.590
v 14559.068 -6446.500 -1809.590
v 14559.068 -6242.500 -1966.125
v 14559.068 -6004.937 -2064.527
v 14559.068 -5750.000 -2098.090
v 14559.068 -5495.063 -2064.527
v 14559.068 -5257.500 -1966.125
v 14559.068 -5053.500 -1809.590
v 14559.068 -4896.965 -1605.590
v 14559.068 -4798.563 -1368.027
v 14732.752 -4753.421 -1113.090
v 14732.752 -4787.379 -855.157
v 14732.752 -4886.937 -614.801
v 14732.752 -5045.312 -408.402
v 14732.752 -5251.711 -250.028
v 14732.752 -5492.066 -150.469
v 14732.752 -5750.000 -116.511
v 14732.752 -6007.934 -150.469
v 14732.752 -6248.289 -250.028
v 14732.752 -6454.688 -408.402
v 14732.752 -6613.063 -614.801
v 14732.752 -6712.621 -855.157
v 14732.752 -6746.579 -1113.090
v 14732.752 -6712.621 -1371.024
v 14732.752 -6613.063 -1611.380
v 14732.752 -6454.688 -1817.778
v 14732.752 -6248.289 -1976.153
v 14732.752 -6007.934 -2075.712
v 14732.752 -5750.000 -2109.669
v 14732.752 -5492.066 -2075.712
v 14732.752 -5251.711 -1976.153
v 14732.752 -5045.312 -1817.778
v 14732.752 -4886.937 -1611.380
v 14732.752 -4787.379 -1371.024
v 14906.436 -4747.368 -1113.090
v 14906.436 -4781.532 -853.590
v 14906.436 -4881.696 -611.774
v 14906.436 -5041.032 -404.123
v 14906.436 -5248.684 -244.786
v 14906.436 -5490.500 -144.622
v 14906.436 -5750.000 -110.459
v 14906.436 -6009.500 -144.622
v 14906.436 -6251.316 -244.786
v 14906.436 -6458.968 -404.123
v 14906.436 -6618.304 -611.774
v 14906.436 -6718.468 -853.590
v 14906.436 -6752.632 -1113.090
v 14906.436 -6718.468 -1372.590
v 14906.436 -6618.304 -1614.406
v 14906.436 -6458.968 -1822.058
v 14906.436 -6251.316 -1981.395
v 14906.436 -6009.500 -2081.558
v 14906.436 -5750.000 -2115.722
v 14906.436 -5490.500 -2081.558
v 14906.436 -5248.684 -1981.395
v 14906.436 -5041.032 -1822.058
v 14906.436 -4881.696 -1614.406
v 14906.436 -4781.532 -1372.590
v 15080.120 -4756.053 -1113.090
v 15080.120 -4789.921 -855.838
v 15080.120 -4889.216 -616.117
v 15080.120 -5047.173 -410.263
v 15080.120 -5253.026 -252.307
v 15080.120 -5492.747 -153.011
v 15080.120 -5750.000 -119.143
v 15080.120 -6007.253 -153.011
v 15080.120 -6246.974 -252.307
v 15080.120 -6452.827 -410.263
v 15080.120 -6610.784 -616.117
v 15080.120 -6710.079 -855.838
v 15080.120 -6743.947 -1113.090
v 15080.120 -6710.079 -1370.343
v 15080.120 -6610.784 -1610.064
v 15080.120 -6452.827 -1815.917
v 15080.120 -6246.974 -1973.874
v 15080.120 -6007.253 -2073.170
v 15080.120 -5750.000 -2107.038
v 15080.120 -5492.747 -2073.170
v 15080.120 -5253.026 -1973.874
v 15080.120 -5047.173 -1815.917
v 15080.120 -4889.216 -1610.064
v 15080.120 -4789.921 -1370.343
v 15253.804 -4764.737 -1113.090
v 15253.804 -4798.309 -858.085
v 15253.804 -4896.737 -620.459
v 15253.804 -5053.314 -416.404
v 15253.804 -5257.368 -259.827
v 15253.804 -5494.995 -161.399
v 15253.804 -5750.000 -127.827
v 15253.804 -6005.005 -161.399
v 15253.804 -6242.632 -259.827
v 15253.804 -6446.686 -416.404
v 15253.804 -6603.263 -620.459
v 15253.804 -6701.691 -858.085
v 15253.804 -6735.263 -1113.090
v 15253.804 -6701.691 -1368.095
v 15253.804 -6603.263 -1605.722
v 15253.804 -6446.686 -1809.776
v 15253.804 -6242.632 -1966.353
v 15253.804 -6005.005 -2064.781
v 15253.804 -5750.000 -2098.353
v 15253.804 -5494.995 -2064.781
v 15253.804 -5257.368 -1966.353
v 15253.804 -5053.314 -1809.776
v 15253.804 -4896.737 -1605.722
v 15253.804 -4798.309 -1368.095
v 15427.489 -4774.825 -1113.090
v 15427.489 -4808.053 -860.696
v 15427.489 -4905.473 -625.503
v 15427.489 -5060.447 -423.537
v 15427.489 -5262.412 -268.564
v 15427.489 -5497.606 -171.143
v 15427.489 -5750.000 -137.915
v 15427.489 -6002.394 -171.143
v 15427.489 -6237.588 -268.564
v 15427.489 -6439.553 -423.537
v 15427.489 -6594.527 -625.503
v 15427.489 -6691.947 -860.696
v 15427.489 -6725.175 -1113.090
v 15427.489 -6691.947 -1365.484
v 15427.489 -6594.527 -1600.678
v 15427.489 -6439.553 -1802.643
v 15427.489 -6237.588 -1957.617
v 15427.489 -6002.394 -2055.037
v 15427.489 -5750.000 -2088.266
v 15427.489 -5497.606 -2055.037
v 15427.489 -5262.412 -1957.617
v 15427.489 -5060.447 -1802.643
v 15427.489 -4905.473 -1600.678
v 15427.489 -4808.053 -1365.484
v 15601.173 -4784.956 -1113.090
v 15601.173 -4817.839 -863.318
v 15601.173 -4914.248 -630.568
v 15601.173 -5067.611 -430.701
v 15601.173 -5267.478 -277.338
v 15601.173 -5500.228 -180.929
v 15601.173 -5750.000 -148.046
v 15601.173 -5999.772 -180.929
v 15601.173 -6232.522 -277.338
v 15601.173 -6432.389 -430.701
v 15601.173 -6585.752 -630.568
v 15601.173 -6682.161 -863.318
v 15601.173 -6715.044 -1113.090
v 15601.173 -6682.161 -1362.862
v 15601.173 -6585.752 -1595.612
v 15601.173 -6432.389 -1795.479
v 15601.173 -6232.522 -1948.843
v 15601.173 -5999.772 -2045.251
v 15601.173 -5750.000 -2078.134
v 15601.173 -5500.228 -2045.251
v 15601.173 -5267.478 -1948.843
v 15601.173 -5067.611 -1795.479
v 15601.173 -4914.248 -1595.612
v 15601.173 -4817.839 -1362.862
v 15774.857 -4795.088 -1113.090
v 15774.857 -4827.626 -865.941
v 15774.857 -4923.022 -635.634
v 15774.857 -5074.775 -437.865
v 15774.857 -5272.544 -286.112
v 15774.857 -5502.851 -190.716
v 15774.857 -5750.000 -158.178
v 15774.857 -5997.149 -190.716
v 15774.857 -6227.456 -286.112
v 15774.857 -6425.225 -437.865
v 15774.857 -6576.978 -635.634
v 15774.857 -6672.374 -865.941
v 15774.857 -6704.912 -1113.090
v 15774.857 -6672.374 -1360.240
v 15774.857 -6576.978 -1590.546
v 15774.857 -6425.225 -1788.315
v 15774.857 -6227.456 -1940.069
v 15774.857 -5997.149 -2035.465
v 15774.857 -5750.000 -2068.003
v 15774.857 -5502.851 -2035.465
v 15774.857 -5272.544 -1940.069
v 15774.857 -5074.775 -1788.315
v 15774.857 -4923.022 -1590.546
v 15774.857 -4827.626 -1360.240
v 15948.541 -4808.947 -1113.090
v 15948.541 -4841.013 -869.528
v 15948.541 -4935.025 -642.564
v 15948.541 -5084.575 -447.666
v 15948.541 -5279.474 -298.115
v 15948.541 -5506.438 -204.103
v 15948.541 -5750.000 -172.038
v 15948.541 -5993.562 -204.103
v 15948.541 -6220.526 -298.115
v 15948.541 -6415.425 -447.666
v 15948.541 -6564.975 -642.564
v 15948.541 -6658.987 -869.528
v 15948.541 -6691.053 -1113.090
v 15948.541 -6658.987 -1356.653
v 15948.541 -6564.975 -1583.617
v 15948.541 -6415.425 -1778.515
v 15948.541 -6220.526 -1928.066
v 15948.541 -5993.562 -2022.077
v 15948.541 -5750.000 -2054.143
v 15948.541 -5506.438 -2022.077
v 15948.541 -5279.474 -1928.066
v 15948.541 -5084.575 -1778.515
v 15948.541 -4935.025 -1583.617
v 15948.541 -4841.013 -1356.653
v 16122.226 -4826.316 -1113.090
v 16122.226 -4857.790 -874.023
v 16122.226 -4950.066 -651.248
v 16122.226 -5096.857 -459.947
v 16122.226 -5288.158 -313.156
v 16122.226 -5510.933 -220.880
v 16122.226 -5750.000 -189.406
v 16122.226 -5989.067 -220.880
v 16122.226 -6211.842 -313.156
v 16122.226 -6403.143 -459.947
v 16122.226 -6549.934 -651.248
v 16122.226 -6642.210 -874.023
v 16122.226 -6673.684 -1113.090
v 16122.226 -6642.210 -1352.157
v 16122.226 -6549.934 -1574.932
v 16122.226 -6403.143 -1766.234
v 16122.226 -6211.842 -1913.024
v 16122.226 -5989.067 -2005.301
v 16122.226 -5750.000 -2036.774
v 16122.226 -5510.933 -2005.301
v 16122.226 -5288.158 -1913.024
v 16122.226 -5096.857 -1766.234
v 16122.226 -4950.066 -1574.932
v 16122.226 -4857.790 -1352.157
v 16295.910 -4843.684 -1113.090
v 16295.910 -4874.566 -878.518
v 16295.910 -4965.108 -659.932
v 16295.910 -5109.138 -472.228
v 16295.910 -5296.842 -328.198
v 16295.910 -5515.428 -237.656
v 16295.910 -5750.000 -206.774
v 16295.910 -5984.572 -237.656
v 16295.910 -6203.158 -328.198
v 16295.910 -6390.862 -472.228
v 16295.910 -6534.892 -659.932
v 16295.910 -6625.434 -878.518
v 16295.910 -6656.316 -1113.090
v 16295.910 -6625.434 -1347.662
v 16295.910 -6534.892 -1566.248
v 16295.910 -6390.862 -1753.952
v 16295.910 -6203.158 -1897.983
v 16295.910 -5984.572 -1988.524
v 16295.910 -5750.000 -2019.406
v 16295.910 -5515.428 -1988.524
v 16295.910 -5296.842 -1897.983
v 16295.910 -5109.138 -1753.952
v 16295.910 -4965.108 -1566.248
v 16295.910 -4874.566 -1347.662
v 16469.594 -4861.053 -1113.090
v 16469.594 -4891.343 -883.014
v 16469.594 -4980.149 -668.617
v 16469.594 -5121.419 -484.510
v 16469.594 -5305.526 -343.239
v 16469.594 -5519.923 -254.433
v 16469.594 -5750.000 -224.143
v 16469.594 -5980.077 -254.433
v 16469.594 -6194.474 -343.239
v 16469.594 -6378.581 -484.510
v 16469.594 -6519.851 -668.617
v 16469.594 -6608.657 -883.014
v 16469.594 -6638.947 -1113.090
v 16469.594 -6608.657 -1343.167
v 16469.594 -6519.851 -1557.564
v 16469.594 -6378.581 -1741.671
v 16469.594 -6194.474 -1882.941
v 16469.594 -5980.077 -1971.747
v 16469.594 -5750.000 -2002.038
v 16469.594 -5519.923 -1971.747
v 16469.594 -5305.526 -1882.941
v 16469.594 -5121.419 -1741.671
v 16469.594 -4980.149 -1557.564
v 16469.594 -4891.343 -1343.167
v 16643.278 -4886.842 -1113.090
v 16643.278 -4916.253 -889.689
v 16643.278 -5002.483 -681.511
v 16643.278 -5139.655 -502.745
v 16643.278 -5318.421 -365.574
v 16643.278 -5526.598 -279.344
v 16643.278 -5750.000 -249.932
v 16643.278 -5973.402 -279.344
v 16643.278 -6181.579 -365.574
v 16643.278 -6360.345 -502.745
v 16643.278 -6497.517 -681.511
v 16643.278 -6583.747 -889.689
v 16643.278 -6613.158 -1113.090
v 16643.278 -6583.747 -1336.492
v 16643.278 -6497.517 -1544.669
v 16643.278 -6360.345 -1723.435
v 16643.278 -6181.579 -1860.607
v 16643.278 -5973.402 -1946.837
v 16643.278 -5750.000 -1976.248
v 16643.278 -5526.598 -1946.837
v 16643.278 -5318.421 -1860.607
v 16643.278 -5139.655 -1723.435
v 16643.278 -5002.483 -1544.669
v 16643.278 -4916.253 -1336.492
v 16816.962 -4921.579 -1113.090
v 16816.962 -4949.807 -898.679
v 16816.962 -5032.566 -698.880
v 16816.962 -5164.218 -527.308
v 16816.962 -5335.789 -395.657
v 16816.962 -5535.589 -312.897
v 16816.962 -5750.000 -284.669
v 16816.962 -5964.411 -312.897
v 16816.962 -6164.211 -395.657
v 16816.962 -6335.782 -527.308
v 16816.962 -6467.434 -698.880
v 16816.962 -6550.193 -898.679
v 16816.962 -6578.421 -1113.090
v 16816.962 -6550.193 -1327.501
v 16816.962 -6467.434 -1527.301
v 16816.962 -6335.782 -1698.872
v 16816.962 -6164.211 -1830.524
v 16816.962 -5964.411 -1913.284
v 16816.962 -5750.000 -1941.511
v 16816.962 -5535.589 -1913.284
v 16816.962 -5335.789 -1830.524
v 16816.962 -5164.218 -1698.872
v 16816.962 -5032.566 -1527.301
v 16816.962 -4949.807 -1327.501
v 16990.647 -4956.316 -1113.090
v 16990.647 -4983.360 -907.670
v 16990.647 -5062.649 -716.248
v 16990.647 -5188.781 -551.871
v 16990.647 -5353.158 -425.740
v 16990.647 -5544.579 -346.450
v 16990.647 -5750.000 -319.406
v 16990.647 -5955.421 -346.450
v 16990.647 -6146.842 -425.740
v 16990.647 -6311.219 -551.871
v 16990.647 -6437.351 -716.248
v 16990.647 -6516.640 -907.670
v 16990.647 -6543.684 -1113.090
v 16990.647 -6516.640 -1318.511
v 16990.647 -6437.351 -1509.932
v 16990.647 -6311.219 -1674.310
v 16990.647 -6146.842 -1800.441
v 16990.647 -5955.421 -1879.730
v 16990.647 -5750.000 -1906.774
v 16990.647 -5544.579 -1879.730
v 16990.647 -5353.158 -1800.441
v 16990.647 -5188.781 -1674.310
v 16990.647 -5062.649 -1509.932
v 16990.647 -4983.360 -1318.511
v 17164.331 -4991.263 -1113.090
v 17164.331 -5017.116 -916.715
v 17164.331 -5092.915 -733.722
v 17164.331 -5213.492 -576.582
v 17164.331 -5370.632 -456.005
v 17164.331 -5553.624 -380.207
v 17164.331 -5750.000 -354.353
v 17164.331 -5946.376 -380.207
v 17164.331 -6129.368 -456.005
v 17164.331 -6286.508 -576.582
v 17164.331 -6407.085 -733.722
v 17164.331 -6482.884 -916.715
v 17164.331 -6508.737 -1113.090
v 17164.331 -6482.884 -1309.466
v 17164.331 -6407.085 -1492.459
v 17164.331 -6286.508 -1649.598
v 17164.331 -6129.368 -1770.176
v 17164.331 -5946.376 -1845.974
v 17164.331 -5750.000 -1871.827
v 17164.331 -5553.624 -1845.974
v 17164.331 -5370.632 -1770.176
v 17164.331 -5213.492 -1649.598
v 17164.331 -5092.915 -1492.459
v 17164.331 -5017.116 -1309.466
v 17338.015 -5032.947 -1113.090
v 17338.015 -5057.380 -927.503
v 17338.015 -5129.014 -754.564
v 17338.015 -5242.967 -606.057
v 17338.015 -5391.474 -492.104
v 17338.015 -5564.413 -420.471
v 17338.015 -5750.000 -396.038
v 17338.015 -5935.587 -420.471
v 17338.015 -6108.526 -492.104
v 17338.015 -6257.033 -606.057
v 17338.015 -6370.986 -754.564
v 17338.015 -6442.620 -927.503
v 17338.015 -6467.053 -1113.090
v 17338.015 -6442.620 -1298.677
v 17338.015 -6370.986 -1471.617
v 17338.015 -6257.033 -1620.123
v 17338.015 -6108.526 -1734.076
v 17338.015 -5935.587 -1805.710
v 17338.015 -5750.000 -1830.143
v 17338.015 -5564.413 -1805.710
v 17338.015 -5391.474 -1734.076
v 17338.015 -5242.967 -1620.123
v 17338.015 -5129.014 -1471.617
v 17338.015 -5057.380 -1298.677
v 17511.699 -5074.632 -1113.090
v 17511.699 -5097.644 -938.292
v 17511.699 -5165.114 -775.406
v 17511.699 -5272.442 -635.533
v 17511.699 -5412.316 -528.204
v 17511.699 -5575.202 -460.734
v 17511.699 -5750.000 -437.722
v 17511.699 -5924.798 -460.734
v 17511.699 -6087.684 -528.204
v 17511.699 -6227.558 -635.533
v 17511.699 -6334.886 -775.406
v 17511.699 -6402.356 -938.292
v 17511.699 -6425.368 -1113.090
v 17511.699 -6402.356 -1287.888
v 17511.699 -6334.886 -1450.774
v 17511.699 -6227.558 -1590.648
v 17511.699 -6087.684 -1697.976
v 17511.699 -5924.798 -1765.446
v 17511.699 -5750.000 -1788.459
v 17511.699 -5575.202 -1765.446
v 17511.699 -5412.316 -1697.976
v 17511.699 -5272.442 -1590.648
v 17511.699 -5165.114 -1450.774
v 17511.699 -5097.644 -1287.888
v 17685.383 -5115.263 -1113.090
v 17685.383 -5136.891 -948.808
v 17685.383 -5200.302 -795.722
v 17685.383 -5301.173 -664.264
v 17685.383 -5432.632 -563.392
v 17685.383 -5585.718 -499.982
v 17685.383 -5750.000 -478.353
v 17685.383 -5914.282 -499.982
v 17685.383 -6067.368 -563.392
v 17685.383 -6198.827 -664.264
v 17685.383 -6299.698 -795.722
v 17685.383 -6363.109 -948.808
v 17685.383 -6384.737 -1113.090
v 17685.383 -6363.109 -1277.372
v 17685.383 -6299.698 -1430.459
v 17685.383 -6198.827 -1561.917
v 17685.383 -6067.368 -1662.788
v 17685.383 -5914.282 -1726.199
v 17685.383 -5750.000 -1747.827
v 17685.383 -5585.718 -1726.199
v 17685.383 -5432.632 -1662.788
v 17685.383 -5301.173 -1561.917
v 17685.383 -5200.302 -1430.459
v 17685.383 -5136.891 -1277.372
v 17859.068 -5150.000 -1113.090
v 17859.068 -5170.445 -957.799
v 17859.068 -5230.385 -813.090
v 17859.068 -5325.736 -688.826
v 17859.068 -5450.000 -593.475
v 17859.068 -5594.709 -533.535
v 17859.068 -5750.000 -513.090
v 17859.068 -5905.291 -533.535
v 17859.068 -6050.000 -593.475
v 17859.068 -6174.264 -688.826
v 17859.068 -6269.615 -813.090
v 17859.068 -6329.555 -957.799
v 17859.068 -6350.000 -1113.090
v 17859.068 -6329.555 -1268.382
v 17859.068 -6269.615 -1413.090
v 17859.068 -6174.264 -1537.354
v 17859.068 -6050.000 -1632.705
v 17859.068 -5905.291 -1692.646
v 17859.068 -5750.000 -1713.090
v 17859.068 -5594.709 -1692.646
v 17859.068 -5450.000 -1632.705
v 17859.068 -5325.736 -1537.354
v 17859.068 -5230.385 -1413.090
v 17859.068 -5170.445 -1268.382
f 1 33 34
f 1 34 2
f 2 34 35
f 2 35 3
f 3 35 36
f 3 36 4
f 4 36 37
f 4 37 5
f 5 37 38
f 5 38 6
f 6 38 39
f 6 39 7
f 7 39 40
f 7 40 8
f 8 40 41
f 8 41 9
f 9 41 42
f 9 42 10
f 10 42 43
f 10 43 11
f 11 43 44
f 11 44 12
f 12 44 45
f 12 45 13
f 13 45 46
f 13 46 14
f 14 46 47
f 14 47 15
f 15 47 48
f 15 48 16
f 16 48 49
f 16 49 17
f 17 49 50
f 17 50 18
f 18 50 51
f 18 51 19
f 19 51 52
f 19 52 20
f 20 52 53
f 20 53 21
f 21 53 54
f 21 54 22
f 22 54 55
f 22 55 23
f 23 55 56
f 23 56 24
f 24 56 57
f 24 57 25
f 25 57 58
f 25 58 26
f 26 58 59
f 26 59 27
f 27 59 60
f 27 60 28
f 28 60 61
f 28 61 29
f 29 61 62
f 29 62 30
f 30 62 63
f 30 63 31
f 31 63 64
f 31 64 32
f 32 64 33
f 32 33 1
f 33 65 66
f 33 66 34
f 34 66 67
f 34 67 35
f 35 67 68
f 35 68 36
f 36 68 69
f 36 69 37
f 37 69 70
f 37 70 38
f 38 70 71
f 38 71 39
f 39 71 72
f 39 72 40
f 40 72 73
f 40 73 41
f 41 73 74
f 41 74 42
f 42 74 75
f 42 75 43
f 43 75 76
f 43 76 44
f 44 76 77
f 44 77 45
f 45 77 78
f 45 78 46
f 46 78 79
f 46 79 47
f 47 79 80
f 47 80 48
f 48 80 81
f 48 81 49
f 49 81 82
f 49 82 50
f 50 82 83
f 50 83 51
f 51 83 84
f 51 84 52
f 52 84 85
f 52 85 53
f 53 85 86
f 53 86 54
f 54 86 87
f 54 87 55
f 55 87 88
f 55 88 56
f 56 88 89
f 56 89 57
f 57 89 90
f 57 90 58
f 58 90 91
f 58 91 59
f 59 91 92
f 59 92 60
f 60 92 93
f 60 93 61
f 61 93 94
f 61 94 62
f 62 94 95
f 62 95 63
f 63 95 96
f 63 96 64
f 64 96 65
f 64 65 33
f 65 97 98
f 65 98 66
f 66 98 99
f 66 99 67
f 67 99 100
f 67 100 68
f 68 100 101
f 68 101 69
f 69 101 102
f 69 102 70
f 70 102 103
f 70 103 71
f 71 103 104
f 71 104 72
f 72 104 105
f 72 105 73
f 73 105 106
f 73 106 74
f 74 106 107
f 74 107 75
f 75 107 108
f 75 108 76
f 76 108 109
f 76 109 77
f 77 109 110
f 77 110 78
f 78 110 111
f 78 111 79
f 79 111 112
f 79 112 80
f 80 112 113
f 80 113 81
f 81 113 114
f 81 114 82
f 82 114 115
f 82 115 83
f 83 115 116
f 83 116 84
f 84 116 117
f 84 117 85
f 85 117 118
f 85 118 86
f 86 118 119
f 86 119 87
f 87 119 120
f 87 120 88
f 88 120 121
f 88 121 89
f 89 121 122
f 89 122 90
f 90 122 123
f 90 123 91
f 91 123 124
f 91 124 92
f 92 124 125
f 92 125 93
f 93 125 126
f 93 126 94
f 94 126 127
f 94 127 95
f 95 127 128
f 95 128 96
f 96 128 97
f 96 97 65
f 97 129 130
f 97 130 98
f 98 130 131
f 98 131 99
f 99 131 132
f 99 132 100
f 100 132 133
f 100 133 101
f 101 133 134
f 101 134 102
f 102 134 135
f 102 135 103
f 103 135 136
f 103 136 104
f 104 136 137
f 104 137 105
f 105 137 138
f 105 138 106
f 106 138 139
f 106 139 107
f 107 139 140
f 107 140 108
f 108 140 141
f 108 141 109
f 109 141 142
f 109 142 110
f 110 142 143
f 110 143 111
f 111 143 144
f 111 144 112
f 112 144 145
f 112 145 113
f 113 145 146
f 113 146 114
f 114 146 147
f 114 147 115
f 115 147 148
f 115 148 116
f 116 148 149
f 116 149 117
f 117 149 150
f 117 150 118
f 118 150 151
f 118 151 119
f 119 151 152
f 119 152 120
f 120 152 153
f 120 153 121
f 121 153 154
f 121 154 122
f 122 154 155
f 122 155 123
f 123 155 156
f 123 156 124
f 124 156 157
f 124 157 125
f 125 157 158
f 125 158 126
f 126 158 159
f 126 159 127
f 127 159 160
f 127 160 128
f 128 160 129
f 128 129 97
f 129 161 162
f 129 162 130
f 130 162 163
f 130 163 131
f 131 163 164
f 131 164 132
f 132 164 165
f 132 165 133
f 133 165 166
f 133 166 134
f 134 166 167
f 134 167 135
f 135 167 168
f 135 168 136
f 136 168 169
f 136 169 137
f 137 169 170
f 137 170 138
f 138 170 171
f 138 171 139
f 139 171 172
f 139 172 140
f 140 172 173
f 140 173 141
f 141 173 174
f 141 174 142
f 142 174 175
f 142 175 143
f 143 175 176
f 143 176 144
f 144 176 177
f 144 177 145
f 145 177 178
f 145 178 146
f 146 178 179
f 146 179 147
f 147 179 180
f 147 180 148
f 148 180 181
f 148 181 149
f 149 181 182
f 149 182 150
f 150 182 183
f 150 183 151
f 151 183 184
f 151 184 152
f 152 184 185
f 152 185 153
f 153 185 186
f 153 186 154
f 154 186 187
f 154 187 155
f 155 187 188
f 155 188 156
f 156 188 189
f 156 189 157
f 157 189 190
f 157 190 158
f 158 190 191
f 158 191 159
f 159 191 192
f 159 192 160
f 160 192 161
f 160 161 129
f 161 193 194
f 161 194 162
f 162 194 195
f 162 195 163
f 163 195 196
f 163 196 164
f 164 196 197
f 164 197 165
f 165 197 198
f 165 198 166
f 166 198 199
f 166 199 167
f 167 199 200
f 167 200 168
f 168 200 201
f 168 201 169
f 169 201 202
f 169 202 170
f 170 202 203
f 170 203 171
f 171 203 204
f 171 204 172
f 172 204 205
f 172 205 173
f 173 205 206
f 173 206 174
f 174 206 207
f 174 207 175
f 175 207 208
f 175 208 176
f 176 208 209
f 176 209 177
f 177 209 210
f 177 210 178
f 178 210 211
f 178 211 179
f 179 211 212
f 179 212 180
f 180 212 213
f 180 213 181
f 181 213 214
f 181 214 182
f 182 214 215
f 182 215 183
f 183 215 216
f 183 216 184
f 184 216 217
f 184 217 185
f 185 217 218
f 185 218 186
f 186 218 219
f 186 219 187
f 187 219 220
f 187 220 188
f 188 220 221
f 188 221 189
f 189 221 222
f 189 222 190
f 190 222 223
f 190 223 191
f 191 223 224
f 191 224 192
f 192 224 193
f 192 193 161
f 193 225 226
f 193 226 194
f 194 226 227
f 194 227 195
f 195 227 228
f 195 228 196
f 196 228 229
f 196 229 197
f 197 229 230
f 197 230 198
f 198 230 231
f 198 231 199
f 199 231 232
f 199 232 200
f 200 232 233
f 200 233 201
f 201 233 234
f 201 234 202
f 202 234 235
f 202 235 203
f 203 235 236
f 203 236 204
f 204 236 237
f 204 237 205
f 205 237 238
f 205 238 206
f 206 238 239
f 206 239 207
f 207 239 240
f 207 240 208
f 208 240 241
f 208 241 209
f 209 241 242
f 209 242 210
f 210 242 243
f 210 243 211
f 211 243 244
f 211 244 212
f 212 244 245
f 212 245 213
f 213 245 246
f 213 246 214
f 214 246 247
f 214 247 215
f 215 247 248
f 215 248 216
f 216 248 249
f 216 249 217
f 217 249 250
f 217 250 218
f 218 250 251
f 218 251 219
f 219 251 252
f 219 252 220
f 220 252 253
f 220 253 221
f 221 253 254
f 221 254 222
f 222 254 255
f 222 255 223
f 223 255 256
f 223 256 224
f 224 256 225
f 224 225 193
f 225 257 258
f 225 258 226
f 226 258 259
f 226 259 227
f 227 259 260
f 227 260 228
f 228 260 261
f 228 261 229
f 229 261 262
f 229 262 230
f 230 262 263
f 230 263 231
f 231 263 264
f 231 264 232
f 232 264 265
f 232 265 233
f 233 265 266
f 233 266 234
f 234 266 267
f 234 267 235
f 235 267 268
f 235 268 236
f 236 268 269
f 236 269 237
f 237 269 270
f 237 270 238
f 238 270 271
f 238 271 239
f 239 271 272
f 239 272 240
f 240 272 273
f 240 273 241
f 241 273 274
f 241 274 242
f 242 274 275
f 242 275 243
f 243 275 276
f 243 276 244
f 244 276 277
f 244 277 245
f 245 277 278
f 245 278 246
f 246 278 279
f 246 279 247
f 247 279 280
f 247 280 248
f 248 280 281
f 248 281 249
f 249 281 282
f 249 282 250
f 250 282 283
f 250 283 251
f 251 283 284
f 251 284 252
f 252 284 285
f 252 285 253
f 253 285 286
f 253 286 254
f 254 286 287
f 254 287 255
f 255 287 288
f 255 288 256
f 256 288 257
f 256 257 225
f 257 289 290
f 257 290 258
f 258 290 291
f 258 291 259
f 259 291 292
f 259 292 260
f 260 292 293
f 260 293 261
f 261 293 294
f 261 294 262
f 262 294 295
f 262 295 263
f 263 295 296
f 263 296 264
f 264 296 297
f 264 297 265
f 265 297 298
f 265 298 266
f 266 298 299
f 266 299 267
f 267 299 300
f 267 300 268
f 268 300 301
f 268 301 269
f 269 301 302
f 269 302 270
f 270 302 303
f 270 303 271
f 271 303 304
f 271 304 272
f 272 304 305
f 272 305 273
f 273 305 306
f 273 306 274
f 274 306 307
f 274 307 275
f 275 307 308
f 275 308 276
f 276 308 309
f 276 309 277
f 277 309 310
f 277 310 278
f 278 310 311
f 278 311 279
f 279 311 312
f 279 312 280
f 280 312 313
f 280 313 281
f 281 313 314
f 281 314 282
f 282 314 315
f 282 315 283
f 283 315 316
f 283 316 284
f 284 316 317
f 284 317 285
f 285 317 318
f 285 318 286
f 286 318 319
f 286 319 287
f 287 319 320
f 287 320 288
f 288 320 289
f 288 289 257
f 289 321 322
f 289 322 290
f 290 322 323
f 290 323 291
f 291 323 324
f 291 324 292
f 292 324 325
f 292 325 293
f 293 325 326
f 293 326 294
f 294 326 327
f 294 327 295
f 295 327 328
f 295 328 296
f 296 328 329
f 296 329 297
f 297 329 330
f 297 330 298
f 298 330 331
f 298 331 299
f 299 331 332
f 299 332 300
f 300 332 333
f 300 333 301
f 301 333 334
f 301 334 302
f 302 334 335
f 302 335 303
f 303 335 336
f 303 336 304
f 304 336 337
f 304 337 305
f 305 337 338
f 305 338 306
f 306 338 339
f 306 339 307
f 307 339 340
f 307 340 308
f 308 340 341
f 308 341 309
f 309 341 342
f 309 342 310
f 310 342 343
f 310 343 311
f 311 343 344
f 311 344 312
f 312 344 345
f 312 345 313
f 313 345 346
f 313 346 314
f 314 346 347
f 314 347 315
f 315 347 348
f 315 348 316
f 316 348 349
f 316 349 317
f 317 349 350
f 317 350 318
f 318 350 351
f 318 351 319
f 319 351 352
f 319 352 320
f 320 352 321
f 320 321 289
f 321 353 354
f 321 354 322
f 322 354 355
f 322 355 323
f 323 355 356
f 323 356 324
f 324 356 357
f 324 357 325
f 325 357 358
f 325 358 326
f 326 358 359
f 326 359 327
f 327 359 360
f 327 360 328
f 328 360 361
f 328 361 329
f 329 361 362
f 329 362 330
f 330 362 363
f 330 363 331
f 331 363 364
f 331 364 332
f 332 364 365
f 332 365 333
f 333 365 366
f 333 366 334
f 334 366 367
f 334 367 335
f 335 367 368
f 335 368 336
f 336 368 369
f 336 369 337
f 337 369 370
f 337 370 338
f 338 370 371
f 338 371 339
f 339 371 372
f 339 372 340
f 340 372 373
f 340 373 341
f 341 373 374
f 341 374 342
f 342 374 375
f 342 375 343
f 343 375 376
f 343 376 344
f 344 376 377
f 344 377 345
f 345 377 378
f 345 378 346
f 346 378 379
f 346 379 347
f 347 379 380
f 347 380 348
f 348 380 381
f 348 381 349
f 349 381 382
f 349 382 350
f 350 382 383
f 350 383 351
f 351 383 384
f 351 384 352
f 352 384 353
f 352 353 321
f 353 385 386
f 353 386 354
f 354 386 387
f 354 387 355
f 355 387 388
f 355 388 356
f 356 388 389
f 356 389 357
f 357 389 390
f 357 390 358
f 358 390 391
f 358 391 359
f 359 391 392
f 359 392 360
f 360 392 393
f 360 393 361
f 361 393 394
f 361 394 362
f 362 394 395
f 362 395 363
f 363 395 396
f 363 396 364
f 364 396 397
f 364 397 365
f 365 397 398
f 365 398 366
f 366 398 399
f 366 399 367
f 367 399 400
f 367 400 368
f 368 400 401
f 368 401 369
f 369 401 402
f 369 402 370
f 370 402 403
f 370 403 371
f 371 403 404
f 371 404 372
f 372 404 405
f 372 405 373
f 373 405 406
f 373 406 374
f 374 406 407
f 374 407 375
f 375 407 408
f 375 408 376
f 376 408 409
f 376 409 377
f 377 409 410
f 377 410 378
f 378 410 411
f 378 411 379
f 379 411 412
f 379 412 380
f 380 412 413
f 380 413 381
f 381 413 414
f 381 414 382
f 382 414 415
f 382 415 383
f 383 415 416
f 383 416 384
f 384 416 385
f 384 385 353
f 385 417 418
f 385 418 386
f 386 418 419
f 386 419 387
f 387 419 420
f 387 420 388
f 388 420 421
f 388 421 389
f 389 421 422
f 389 422 390
f 390 422 423
f 390 423 391
f 391 423 424
f 391 424 392
f 392 424 425
f 392 425 393
f 393 425 426
f 393 426 394
f 394 426 427
f 394 427 395
f 395 427 428
f 395 428 396
f 396 428 429
f 396 429 397
f 397 429 430
f 397 430 398
f 398 430 431
f 398 431 399
f 399 431 432
f 399 432 400
f 400 432 433
f 400 433 401
f 401 433 434
f 401 434 402
f 402 434 435
f 402 435 403
f 403 435 436
f 403 436 404
f 404 436 437
f 404 437 405
f 405 437 438
f 405 438 406
f 406 438 439
f 406 439 407
f 407 439 440
f 407 440 408
f 408 440 441
f 408 441 409
f 409 441 442
f 409 442 410
f 410 442 443
f 410 443 411
f 411 443 444
f 411 444 412
f 412 444 445
f 412 445 413
f 413 445 446
f 413 446 414
f 414 446 447
f 414 447 415
f 415 447 448
f 415 448 416
f 416 448 417
f 416 417 385
f 417 449 450
f 417 450 418
f 418 450 451
f 418 451 419
f 419 451 452
f 419 452 420
f 420 452 453
f 420 453 421
f 421 453 454
f 421 454 422
f 422 454 455
f 422 455 423
f 423 455 456
f 423 456 424
f 424 456 457
f 424 457 425
f 425 457 458
f 425 458 426
f 426 458 459
f 426 459 427
f 427 459 460
f 427 460 428
f 428 460 461
f 428 461 429
f 429 461 462
f 429 462 430
f 430 462 463
f 430 463 431
f 431 463 464
f 431 464 432
f 432 464 465
f 432 465 433
f 433 465 466
f 433 466 434
f 434 466 467
f 434 467 435
f 435 467 468
f 435 468 436
f 436 468 469
f 436 469 437
f 437 469 470
f 437 470 438
f 438 470 471
f 438 471 439
f 439 471 472
f 439 472 440
f 440 472 473
f 440 473 441
f 441 473 474
f 441 474 442
f 442 474 475
f 442 475 443
f 443 475 476
f 443 476 444
f 444 476 477
f 444 477 445
f 445 477 478
f 445 478 446
f 446 478 479
f 446 479 447
f 447 479 480
f 447 480 448
f 448 480 449
f 448 449 417
f 449 481 482
f 449 482 450
f 450 482 483
f 450 483 451
f 451 483 484
f 451 484 452
f 452 484 485
f 452 485 453
f 453 485 486
f 453 486 454
f 454 486 487
f 454 487 455
f 455 487 488
f 455 488 456
f 456 488 489
f 456 489 457
f 457 489 490
f 457 490 458
f 458 490 491
f 458 491 459
f 459 491 492
f 459 492 460
f 460 492 493
f 460 493 461
f 461 493 494
f 461 494 462
f 462 494 495
f 462 495 463
f 463 495 496
f 463 496 464
f 464 496 497
f 464 497 465
f 465 497 498
f 465 498 466
f 466 498 499
f 466 499 467
f 467 499 500
f 467 500 468
f 468 500 501
f 468 501 469
f 469 501 502
f 469 502 470
f 470 502 503
f 470 503 471
f 471 503 504
f 471 504 472
f 472 504 505
f 472 505 473
f 473 505 506
f 473 506 474
f 474 506 507
f 474 507 475
f 475 507 508
f 475 508 476
f 476 508 509
f 476 509 477
f 477 509 510
f 477 510 478
f 478 510 511
f 478 511 479
f 479 511 512
f 479 512 480
f 480 512 481
f 480 481 449
f 481 513 514
f 481 514 482
f 482 514 515
f 482 515 483
f 483 515 516
f 483 516 484
f 484 516 517
f 484 517 485
f 485 517 518
f 485 518 486
f 486 518 519
f 486 519 487
f 487 519 520
f 487 520 488
f 488 520 521
f 488 521 489
f 489 521 522
f 489 522 490
f 490 522 523
f 490 523 491
f 491 523 524
f 491 524 492
f 492 524 525
f 492 525 493
f 493 525 526
f 493 526 494
f 494 526 527
f 494 527 495
f 495 527 528
f 495 528 496
f 496 528 529
f 496 529 497
f 497 529 530
f 497 530 498
f 498 530 531
f 498 531 499
f 499 531 532
f 499 532 500
f 500 532 533
f 500 533 501
f 501 533 534
f 501 534 502
f 502 534 535
f 502 535 503
f 503 535 536
f 503 536 504
f 504 536 537
f 504 537 505
f 505 537 538
f 505 538 506
f 506 538 539
f 506 539 507
f 507 539 540
f 507 540 508
f 508 540 541
f 508 541 509
f 509 541 542
f 509 542 510
f 510 542 543
f 510 543 511
f 511 543 544
f 511 544 512
f 512 544 513
f 512 513 481
f 513 545 546
f 513 546 514
f 514 546 547
f 514 547 515
f 515 547 548
f 515 548 516
f 516 548 549
f 516 549 517
f 517 549 550
f 517 550 518
f 518 550 551
f 518 551 519
f 519 551 552
f 519 552 520
f 520 552 553
f 520 553 521
f 521 553 554
f 521 554 522
f 522 554 555
f 522 555 523
f 523 555 556
f 523 556 524
f 524 556 557
f 524 557 525
f 525 557 558
f 525 558 526
f 526 558 559
f 526 559 527
f 527 559 560
f 527 560 528
f 528 560 561
f 528 561 529
f 529 561 562
f 529 562 530
f 530 562 563
f 530 563 531
f 531 563 564
f 531 564 532
f 532 564 565
f 532 565 533
f 533 565 566
f 533 566 534
f 534 566 567
f 534 567 535
f 535 567 568
f 535 568 536
f 536 568 569
f 536 569 537
f 537 569 570
f 537 570 538
f 538 570 571
f 538 571 539
f 539 571 572
f 539 572 540
f 540 572 573
f 540 573 541
f 541 573 574
f 541 574 542
f 542 574 575
f 542 575 543
f 543 575 576
f 543 576 544
f 544 576 545
f 544 545 513
f 545 577 578
f 545 578 546
f 546 578 579
f 546 579 547
f 547 579 580
f 547 580 548
f 548 580 581
f 548 581 549
f 549 581 582
f 549 582 550
f 550 582 583
f 550 583 551
f 551 583 584
f 551 584 552
f 552 584 585
f 552 585 553
f 553 585 586
f 553 586 554
f 554 586 587
f 554 587 555
f 555 587 588
f 555 588 556
f 556 588 589
f 556 589 557
f 557 589 590
f 557 590 558
f 558 590 591
f 558 591 559
f 559 591 592
f 559 592 560
f 560 592 593
f 560 593 561
f 561 593 594
f 561 594 562
f 562 594 595
f 562 595 563
f 563 595 596
f 563 596 564
f 564 596 597
f 564 597 565
f 565 597 598
f 565 598 566
f 566 598 599
f 566 599 567
f 567 599 600
f 567 600 568
f 568 600 601
f 568 601 569
f 569 601 602
f 569 602 570
f 570 602 603
f 570 603 571
f 571 603 604
f 571 604 572
f 572 604 605
f 572 605 573
f 573 605 606
f 573 606 574
f 574 606 607
f 574 607 575
f 575 607 608
f 575 608 576
f 576 608 577
f 576 577 545
f 577 609 610
f 577 610 578
f 578 610 611
f 578 611 579
f 579 611 612
f 579 612 580
f 580 612 613
f 580 613 581
f 581 613 614
f 581 614 582
f 582 614 615
f 582 615 583
f 583 615 616
f 583 616 584
f 584 616 617
f 584 617 585
f 585 617 618
f 585 618 586
f 586 618 619
f 586 619 587
f 587 619 620
f 587 620 588
f 588 620 621
f 588 621 589
f 589 621 622
f 589 622 590
f 590 622 623
f 590 623 591
f 591 623 624
f 591 624 592
f 592 624 625
f 592 625 593
f 593 625 626
f 593 626 594
f 594 626 627
f 594 627 595
f 595 627 628
f 595 628 596
f 596 628 629
f 596 629 597
f 597 629 630
f 597 630 598
f 598 630 631
f 598 631 599
f 599 631 632
f 599 632 600
f 600 632 633
f 600 633 601
f 601 633 634
f 601 634 602
f 602 634 635
f 602 635 603
f 603 635 636
f 603 636 604
f 604 636 637
f 604 637 605
f 605 637 638
f 605 638 606
f 606 638 639
f 606 639 607
f 607 639 640
f 607 640 608
f 608 640 609
f 608 609 577
f 609 641 642
f 609 642 610
f 610 642 643
f 610 643 611
f 611 643 644
f 611 644 612
f 612 644 645
f 612 645 613
f 613 645 646
f 613 646 614
f 614 646 647
f 614 647 615
f 615 647 648
f 615 648 616
f 616 648 649
f 616 649 617
f 617 649 650
f 617 650 618
f 618 650 651
f 618 651 619
f 619 651 652
f 619 652 620
f 620 652 653
f 620 653 621
f 621 653 654
f 621 654 622
f 622 654 655
f 622 655 623
f 623 655 656
f 623 656 624
f 624 656 657
f 624 657 625
f 625 657 658
f 625 658 626
f 626 658 659
f 626 659 627
f 627 659 660
f 627 660 628
f 628 660 661
f 628 661 629
f 629 661 662
f 629 662 630
f 630 662 663
f 630 663 631
f 631 663 664
f 631 664 632
f 632 664 665
f 632 665 633
f 633 665 666
f 633 666 634
f 634 666 667
f 634 667 635
f 635 667 668
f 635 668 636
f 636 668 669
f 636 669 637
f 637 669 670
f 637 670 638
f 638 670 671
f 638 671 639
f 639 671 672
f 639 672 640
f 640 672 641
f 640 641 609
f 641 673 674
f 641 674 642
f 642 674 675
f 642 675 643
f 643 675 676
f 643 676 644
f 644 676 677
f 644 677 645
f 645 677 678
f 645 678 646
f 646 678 679
f 646 679 647
f 647 679 680
f 647 680 648
f 648 680 681
f 648 681 649
f 649 681 682
f 649 682 650
f 650 682 683
f 650 683 651
f 651 683 684
f 651 684 652
f 652 684 685
f 652 685 653
f 653 685 686
f 653 686 654
f 654 686 687
f 654 687 655
f 655 687 688
f 655 688 656
f 656 688 689
f 656 689 657
f 657 689 690
f 657 690 658
f 658 690 691
f 658 691 659
f 659 691 692
f 659 692 660
f 660 692 693
f 660 693 661
f 661 693 694
f 661 694 662
f 662 694 695
f 662 695 663
f 663 695 696
f 663 696 664
f 664 696 697
f 664 697 665
f 665 697 698
f 665 698 666
f 666 698 699
f 666 699 667
f 667 699 700
f 667 700 668
f 668 700 701
f 668 701 669
f 669 701 702
f 669 702 670
f 670 702 703
f 670 703 671
f 671 703 704
f 671 704 672
f 672 704 673
f 672 673 641
f 673 705 706
f 673 706 674
f 674 706 707
f 674 707 675
f 675 707 708
f 675 708 676
f 676 708 709
f 676 709 677
f 677 709 710
f 677 710 678
f 678 710 711
f 678 711 679
f 679 711 712
f 679 712 680
f 680 712 713
f 680 713 681
f 681 713 714
f 681 714 682
f 682 714 715
f 682 715 683
f 683 715 716
f 683 716 684
f 684 716 717
f 684 717 685
f 685 717 718
f 685 718 686
f 686 718 719
f 686 719 687
f 687 719 720
f 687 720 688
f 688 720 721
f 688 721 689
f 689 721 722
f 689 722 690
f 690 722 723
f 690 723 691
f 691 723 724
f 691 724 692
f 692 724 725
f 692 725 693
f 693 725 726
f 693 726 694
f 694 726 727
f 694 727 695
f 695 727 728
f 695 728 696
f 696 728 729
f 696 729 697
f 697 729 730
f 697 730 698
f 698 730 731
f 698 731 699
f 699 731 732
f 699 732 700
f 700 732 733
f 700 733 701
f 701 733 734
f 701 734 702
f 702 734 735
f 702 735 703
f 703 735 736
f 703 736 704
f 704 736 705
f 704 705 673
f 705 737 738
f 705 738 706
f 706 738 739
f 706 739 707
f 707 739 740
f 707 740 708
f 708 740 741
f 708 741 709
f 709 741 742
f 709 742 710
f 710 742 743
f 710 743 711
f 711 743 744
f 711 744 712
f 712 744 745
f 712 745 713
f 713 745 746
f 713 746 714
f 714 746 747
f 714 747 715
f 715 747 748
f 715 748 716
f 716 748 749
f 716 749 717
f 717 749 750
f 717 750 718
f 718 750 751
f 718 751 719
f 719 751 752
f 719 752 720
f 720 752 753
f 720 753 721
f 721 753 754
f 721 754 722
f 722 754 755
f 722 755 723
f 723 755 756
f 723 756 724
f 724 756 757
f 724 757 725
f 725 757 758
f 725 758 726
f 726 758 759
f 726 759 727
f 727 759 760
f 727 760 728
f 728 760 761
f 728 761 729
f 729 761 762
f 729 762 730
f 730 762 763
f 730 763 731
f 731 763 764
f 731 764 732
f 732 764 765
f 732 765 733
f 733 765 766
f 733 766 734
f 734 766 767
f 734 767 735
f 735 767 768
f 735 768 736
f 736 768 737
f 736 737 705
f 737 769 770
f 737 770 738
f 738 770 771
f 738 771 739
f 739 771 772
f 739 772 740
f 740 772 773
f 740 773 741
f 741 773 774
f 741 774 742
f 742 774 775
f 742 775 743
f 743 775 776
f 743 776 744
f 744 776 777
f 744 777 745
f 745 777 778
f 745 778 746
f 746 778 779
f 746 779 747
f 747 779 780
f 747 780 748
f 748 780 781
f 748 781 749
f 749 781 782
f 749 782 750
f 750 782 783
f 750 783 751
f 751 783 784
f 751 784 752
f 752 784 785
f 752 785 753
f 753 785 786
f 753 786 754
f 754 786 787
f 754 787 755
f 755 787 788
f 755 788 756
f 756 788 789
f 756 789 757
f 757 789 790
f 757 790 758
f 758 790 791
f 758 791 759
f 759 791 792
f 759 792 760
f 760 792 793
f 760 793 761
f 761 793 794
f 761 794 762
f 762 794 795
f 762 795 763
f 763 795 796
f 763 796 764
f 764 796 797
f 764 797 765
f 765 797 798
f 765 798 766
f 766 798 799
f 766 799 767
f 767 799 800
f 767 800 768
f 768 800 769
f 768 769 737
f 769 801 802
f 769 802 770
f 770 802 803
f 770 803 771
f 771 803 804
f 771 804 772
f 772 804 805
f 772 805 773
f 773 805 806
f 773 806 774
f 774 806 807
f 774 807 775
f 775 807 808
f 775 808 776
f 776 808 809
f 776 809 777
f 777 809 810
f 777 810 778
f 778 810 811
f 778 811 779
f 779 811 812
f 779 812 780
f 780 812 813
f 780 813 781
f 781 813 814
f 781 814 782
f 782 814 815
f 782 815 783
f 783 815 816
f 783 816 784
f 784 816 817
f 784 817 785
f 785 817 818
f 785 818 786
f 786 818 819
f 786 819 787
f 787 819 820
f 787 820 788
f 788 820 821
f 788 821 789
f 789 821 822
f 789 822 790
f 790 822 823
f 790 823 791
f 791 823 824
f 791 824 792
f 792 824 825
f 792 825 793
f 793 825 826
f 793 826 794
f 794 826 827
f 794 827 795
f 795 827 828
f 795 828 796
f 796 828 829
f 796 829 797
f 797 829 830
f 797 830 798
f 798 830 831
f 798 831 799
f 799 831 832
f 799 832 800
f 800 832 801
f 800 801 769
f 801 833 834
f 801 834 802
f 802 834 835
f 802 835 803
f 803 835 836
f 803 836 804
f 804 836 837
f 804 837 805
f 805 837 838
f 805 838 806
f 806 838 839
f 806 839 807
f 807 839 840
f 807 840 808
f 808 840 841
f 808 841 809
f 809 841 842
f 809 842 810
f 810 842 843
f 810 843 811
f 811 843 844
f 811 844 812
f 812 844 845
f 812 845 813
f 813 845 846
f 813 846 814
f 814 846 847
f 814 847 815
f 815 847 848
f 815 848 816
f 816 848 849
f 816 849 817
f 817 849 850
f 817 850 818
f 818 850 851
f 818 851 819
f 819 851 852
f 819 852 820
f 820 852 853
f 820 853 821
f 821 853 854
f 821 854 822
f 822 854 855
f 822 855 823
f 823 855 856
f 823 856 824
f 824 856 857
f 824 857 825
f 825 857 858
f 825 858 826
f 826 858 859
f 826 859 827
f 827 859 860
f 827 860 828
f 828 860 861
f 828 861 829
f 829 861 862
f 829 862 830
f 830 862 863
f 830 863 831
f 831 863 864
f 831 864 832
f 832 864 833
f 832 833 801
f 833 865 866
f 833 866 834
f 834 866 867
f 834 867 835
f 835 867 868
f 835 868 836
f 836 868 869
f 836 869 837
f 837 869 870
f 837 870 838
f 838 870 871
f 838 871 839
f 839 871 872
f 839 872 840
f 840 872 873
f 840 873 841
f 841 873 874
f 841 874 842
f 842 874 875
f 842 875 843
f 843 875 876
f 843 876 844
f 844 876 877
f 844 877 845
f 845 877 878
f 845 878 846
f 846 878 879
f 846 879 847
f 847 879 880
f 847 880 848
f 848 880 881
f 848 881 849
f 849 881 882
f 849 882 850
f 850 882 883
f 850 883 851
f 851 883 884
f 851 884 852
f 852 884 885
f 852 885 853
f 853 885 886
f 853 886 854
f 854 886 887
f 854 887 855
f 855 887 888
f 855 888 856
f 856 888 889
f 856 889 857
f 857 889 890
f 857 890 858
f 858 890 891
f 858 891 859
f 859 891 892
f 859 892 860
f 860 892 893
f 860 893 861
f 861 893 894
f 861 894 862
f 862 894 895
f 862 895 863
f 863 895 896
f 863 896 864
f 864 896 865
f 864 865 833
f 865 897 898
f 865 898 866
f 866 898 899
f 866 899 867
f 867 899 900
f 867 900 868
f 868 900 901
f 868 901 869
f 869 901 902
f 869 902 870
f 870 902 903
f 870 903 871
f 871 903 904
f 871 904 872
f 872 904 905
f 872 905 873
f 873 905 906
f 873 906 874
f 874 906 907
f 874 907 875
f 875 907 908
f 875 908 876
f 876 908 909
f 876 909 877
f 877 909 910
f 877 910 878
f 878 910 911
f 878 911 879
f 879 911 912
f 879 912 880
f 880 912 913
f 880 913 881
f 881 913 914
f 881 914 882
f 882 914 915
f 882 915 883
f 883 915 916
f 883 916 884
f 884 916 917
f 884 917 885
f 885 917 918
f 885 918 886
f 886 918 919
f 886 919 887
f 887 919 920
f 887 920 888
f 888 920 921
f 888 921 889
f 889 921 922
f 889 922 890
f 890 922 923
f 890 923 891
f 891 923 924
f 891 924 892
f 892 924 925
f 892 925 893
f 893 925 926
f 893 926 894
f 894 926 927
f 894 927 895
f 895 927 928
f 895 928 896
f 896 928 897
f 896 897 865
f 897 929 930
f 897 930 898
f 898 930 931
f 898 931 899
f 899 931 932
f 899 932 900
f 900 932 933
f 900 933 901
f 901 933 934
f 901 934 902
f 902 934 935
f 902 935 903
f 903 935 936
f 903 936 904
f 904 936 937
f 904 937 905
f 905 937 938
f 905 938 906
f 906 938 939
f 906 939 907
f 907 939 940
f 907 940 908
f 908 940 941
f 908 941 909
f 909 941 942
f 909 942 910
f 910 942 943
f 910 943 911
f 911 943 944
f 911 944 912
f 912 944 945
f 912 945 913
f 913 945 946
f 913 946 914
f 914 946 947
f 914 947 915
f 915 947 948
f 915 948 916
f 916 948 949
f 916 949 917
f 917 949 950
f 917 950 918
f 918 950 951
f 918 951 919
f 919 951 952
f 919 952 920
f 920 952 953
f 920 953 921
f 921 953 954
f 921 954 922
f 922 954 955
f 922 955 923
f 923 955 956
f 923 956 924
f 924 956 957
f 924 957 925
f 925 957 958
f 925 958 926
f 926 958 959
f 926 959 927
f 927 959 960
f 927 960 928
f 928 960 929
f 928 929 897
f 929 961 962
f 929 962 930
f 930 962 963
f 930 963 931
f 931 963 964
f 931 964 932
f 932 964 965
f 932 965 933
f 933 965 966
f 933 966 934
f 934 966 967
f 934 967 935
f 935 967 968
f 935 968 936
f 936 968 969
f 936 969 937
f 937 969 970
f 937 970 938
f 938 970 971
f 938 971 939
f 939 971 972
f 939 972 940
f 940 972 973
f 940 973 941
f 941 973 974
f 941 974 942
f 942 974 975
f 942 975 943
f 943 975 976
f 943 976 944
f 944 976 977
f 944 977 945
f 945 977 978
f 945 978 946
f 946 978 979
f 946 979 947
f 947 979 980
f 947 980 948
f 948 980 981
f 948 981 949
f 949 981 982
f 949 982 950
f 950 982 983
f 950 983 951
f 951 983 984
f 951 984 952
f 952 984 985
f 952 985 953
f 953 985 986
f 953 986 954
f 954 986 987
f 954 987 955
f 955 987 988
f 955 988 956
f 956 988 989
f 956 989 957
f 957 989 990
f 957 990 958
f 958 990 991
f 958 991 959
f 959 991 992
f 959 992 960
f 960 992 961
f 960 961 929
f 961 993 994
f 961 994 962
f 962 994 995
f 962 995 963
f 963 995 996
f 963 996 964
f 964 996 997
f 964 997 965
f 965 997 998
f 965 998 966
f 966 998 999
f 966 999 967
f 967 999 1000
f 967 1000 968
f 968 1000 1001
f 968 1001 969
f 969 1001 1002
f 969 1002 970
f 970 1002 1003
f 970 1003 971
f 971 1003 1004
f 971 1004 972
f 972 1004 1005
f 972 1005 973
f 973 1005 1006
f 973 1006 974
f 974 1006 1007
f 974 1007 975
f 975 1007 1008
f 975 1008 976
f 976 1008 1009
f 976 1009 977
f 977 1009 1010
f 977 1010 978
f 978 1010 1011
f 978 1011 979
f 979 1011 1012
f 979 1012 980
f 980 1012 1013
f 980 1013 981
f 981 1013 1014
f 981 1014 982
f 982 1014 1015
f 982 1015 983
f 983 1015 1016
f 983 1016 984
f 984 1016 1017
f 984 1017 985
f 985 1017 1018
f 985 1018 986
f 986 1018 1019
f 986 1019 987
f 987 1019 1020
f 987 1020 988
f 988 1020 1021
f 988 1021 989
f 989 1021 1022
f 989 1022 990
f 990 1022 1023
f 990 1023 991
f 991 1023 1024
f 991 1024 992
f 992 1024 993
f 992 993 961
f 993 1025 1026
f 993 1026 994
f 994 1026 1027
f 994 1027 995
f 995 1027 1028
f 995 1028 996
f 996 1028 1029
f 996 1029 997
f 997 1029 1030
f 997 1030 998
f 998 1030 1031
f 998 1031 999
f 999 1031 1032
f 999 1032 1000
f 1000 1032 1033
f 1000 1033 1001
f 1001 1033 1034
f 1001 1034 1002
f 1002 1034 1035
f 1002 1035 1003
f 1003 1035 1036
f 1003 1036 1004
f 1004 1036 1037
f 1004 1037 1005
f 1005 1037 1038
f 1005 1038 1006
f 1006 1038 1039
f 1006 1039 1007
f 1007 1039 1040
f 1007 1040 1008
f 1008 1040 1041
f 1008 1041 1009
f 1009 1041 1042
f 1009 1042 1010
f 1010 1042 1043
f 1010 1043 1011
f 1011 1043 1044
f 1011 1044 1012
f 1012 1044 1045
f 1012 1045 1013
f 1013 1045 1046
f 1013 1046 1014
f 1014 1046 1047
f 1014 1047 1015
f 1015 1047 1048
f 1015 1048 1016
f 1016 1048 1049
f 1016 1049 1017
f 1017 1049 1050
f 1017 1050 1018
f 1018 1050 1051
f 1018 1051 1019
f 1019 1051 1052
f 1019 1052 1020
f 1020 1052 1053
f 1020 1053 1021
f 1021 1053 1054
f 1021 1054 1022
f 1022 1054 1055
f 1022 1055 1023
f 1023 1055 1056
f 1023 1056 1024
f 1024 1056 1025
f 1024 1025 993
f 1025 1057 1058
f 1025 1058 1026
f 1026 1058 1059
f 1026 1059 1027
f 1027 1059 1060
f 1027 1060 1028
f 1028 1060 1061
f 1028 1061 1029
f 1029 1061 1062
f 1029 1062 1030
f 1030 1062 1063
f 1030 1063 1031
f 1031 1063 1064
f 1031 1064 1032
f 1032 1064 1065
f 1032 1065 1033
f 1033 1065 1066
f 1033 1066 1034
f 1034 1066 1067
f 1034 1067 1035
f 1035 1067 1068
f 1035 1068 1036
f 1036 1068 1069
f 1036 1069 1037
f 1037 1069 1070
f 1037 1070 1038
f 1038 1070 1071
f 1038 1071 1039
f 1039 1071 1072
f 1039 1072 1040
f 1040 1072 1073
f 1040 1073 1041
f 1041 1073 1074
f 1041 1074 1042
f 1042 1074 1075
f 1042 1075 1043
f 1043 1075 1076
f 1043 1076 1044
f 1044 1076 1077
f 1044 1077 1045
f 1045 1077 1078
f 1045 1078 1046
f 1046 1078 1079
f 1046 1079 1047
f 1047 1079 1080
f 1047 1080 1048
f 1048 1080 1081
f 1048 1081 1049
f 1049 1081 1082
f 1049 1082 1050
f 1050 1082 1083
f 1050 1083 1051
f 1051 1083 1084
f 1051 1084 1052
f 1052 1084 1085
f 1052 1085 1053
f 1053 1085 1086
f 1053 1086 1054
f 1054 1086 1087
f 1054 1087 1055
f 1055 1087 1088
f 1055 1088 1056
f 1056 1088 1057
f 1056 1057 1025
f 1057 1089 1090
f 1057 1090 1058
f 1058 1090 1091
f 1058 1091 1059
f 1059 1091 1092
f 1059 1092 1060
f 1060 1092 1093
f 1060 1093 1061
f 1061 1093 1094
f 1061 1094 1062
f 1062 1094 1095
f 1062 1095 1063
f 1063 1095 1096
f 1063 1096 1064
f 1064 1096 1097
f 1064 1097 1065
f 1065 1097 1098
f 1065 1098 1066
f 1066 1098 1099
f 1066 1099 1067
f 1067 1099 1100
f 1067 1100 1068
f 1068 1100 1101
f 1068 1101 1069
f 1069 1101 1102
f 1069 1102 1070
f 1070 1102 1103
f 1070 1103 1071
f 1071 1103 1104
f 1071 1104 1072
f 1072 1104 1105
f 1072 1105 1073
f 1073 1105 1106
f 1073 1106 1074
f 1074 1106 1107
f 1074 1107 1075
f 1075 1107 1108
f 1075 1108 1076
f 1076 1108 1109
f 1076 1109 1077
f 1077 1109 1110
f 1077 1110 1078
f 1078 1110 1111
f 1078 1111 1079
f 1079 1111 1112
f 1079 1112 1080
f 1080 1112 1113
f 1080 1113 1081
f 1081 1113 1114
f 1081 1114 1082
f 1082 1114 1115
f 1082 1115 1083
f 1083 1115 1116
f 1083 1116 1084
f 1084 1116 1117
f 1084 1117 1085
f 1085 1117 1118
f 1085 1118 1086
f 1086 1118 1119
f 1086 1119 1087
f 1087 1119 1120
f 1087 1120 1088
f 1088 1120 1089
f 1088 1089 1057
f 1089 1121 1122
f 1089 1122 1090
f 1090 1122 1123
f 1090 1123 1091
f 1091 1123 1124
f 1091 1124 1092
f 1092 1124 1125
f 1092 1125 1093
f 1093 1125 1126
f 1093 1126 1094
f 1094 1126 1127
f 1094 1127 1095
f 1095 1127 1128
f 1095 1128 1096
f 1096 1128 1129
f 1096 1129 1097
f 1097 1129 1130
f 1097 1130 1098
f 1098 1130 1131
f 1098 1131 1099
f 1099 1131 1132
f 1099 1132 1100
f 1100 1132 1133
f 1100 1133 1101
f 1101 1133 1134
f 1101 1134 1102
f 1102 1134 1135
f 1102 1135 1103
f 1103 1135 1136
f 1103 1136 1104
f 1104 1136 1137
f 1104 1137 1105
f 1105 1137 1138
f 1105 1138 1106
f 1106 1138 1139
f 1106 1139 1107
f 1107 1139 1140
f 1107 1140 1108
f 1108 1140 1141
f 1108 1141 1109
f 1109 1141 1142
f 1109 1142 1110
f 1110 1142 1143
f 1110 1143 1111
f 1111 1143 1144
f 1111 1144 1112
f 1112 1144 1145
f 1112 1145 1113
f 1113 1145 1146
f 1113 1146 1114
f 1114 1146 1147
f 1114 1147 1115
f 1115 1147 1148
f 1115 1148 1116
f 1116 1148 1149
f 1116 1149 1117
f 1117 1149 1150
f 1117 1150 1118
f 1118 1150 1151
f 1118 1151 1119
f 1119 1151 1152
f 1119 1152 1120
f 1120 1152 1121
f 1120 1121 1089
f 1121 1153 1154
f 1121 1154 1122
f 1122 1154 1155
f 1122 1155 1123
f 1123 1155 1156
f 1123 1156 1124
f 1124 1156 1157
f 1124 1157 1125
f 1125 1157 1158
f 1125 1158 1126
f 1126 1158 1159
f 1126 1159 1127
f 1127 1159 1160
f 1127 1160 1128
f 1128 1160 1161
f 1128 1161 1129
f 1129 1161 1162
f 1129 1162 1130
f 1130 1162 1163
f 1130 1163 1131
f 1131 1163 1164
f 1131 1164 1132
f 1132 1164 1165
f 1132 1165 1133
f 1133 1165 1166
f 1133 1166 1134
f 1134 1166 1167
f 1134 1167 1135
f 1135 1167 1168
f 1135 1168 1136
f 1136 1168 1169
f 1136 1169 1137
f 1137 1169 1170
f 1137 1170 1138
f 1138 1170 1171
f 1138 1171 1139
f 1139 1171 1172
f 1139 1172 1140
f 1140 1172 1173
f 1140 1173 1141
f 1141 1173 1174
f 1141 1174 1142
f 1142 1174 1175
f 1142 1175 1143
f 1143 1175 1176
f 1143 1176 1144
f 1144 1176 1177
f 1144 1177 1145
f 1145 1177 1178
f 1145 1178 1146
f 1146 1178 1179
f 1146 1179 1147
f 1147 1179 1180
f 1147 1180 1148
f 1148 1180 1181
f 1148 1181 1149
f 1149 1181 1182
f 1149 1182 1150
f 1150 1182 1183
f 1150 1183 1151
f 1151 1183 1184
f 1151 1184 1152
f 1152 1184 1153
f 1152 1153 1121
f 1153 1185 1186
f 1153 1186 1154
f 1154 1186 1187
f 1154 1187 1155
f 1155 1187 1188
f 1155 1188 1156
f 1156 1188 1189
f 1156 1189 1157
f 1157 1189 1190
f 1157 1190 1158
f 1158 1190 1191
f 1158 1191 1159
f 1159 1191 1192
f 1159 1192 1160
f 1160 1192 1193
f 1160 1193 1161
f 1161 1193 1194
f 1161 1194 1162
f 1162 1194 1195
f 1162 1195 1163
f 1163 1195 1196
f 1163 1196 1164
f 1164 1196 1197
f 1164 1197 1165
f 1165 1197 1198
f 1165 1198 1166
f 1166 1198 1199
f 1166 1199 1167
f 1167 1199 1200
f 1167 1200 1168
f 1168 1200 1201
f 1168 1201 1169
f 1169 1201 1202
f 1169 1202 1170
f 1170 1202 1203
f 1170 1203 1171
f 1171 1203 1204
f 1171 1204 1172
f 1172 1204 1205
f 1172 1205 1173
f 1173 1205 1206
f 1173 1206 1174
f 1174 1206 1207
f 1174 1207 1175
f 1175 1207 1208
f 1175 1208 1176
f 1176 1208 1209
f 1176 1209 1177
f 1177 1209 1210
f 1177 1210 1178
f 1178 1210 1211
f 1178 1211 1179
f 1179 1211 1212
f 1179 1212 1180
f 1180 1212 1213
f 1180 1213 1181
f 1181 1213 1214
f 1181 1214 1182
f 1182 1214 1215
f 1182 1215 1183
f 1183 1215 1216
f 1183 1216 1184
f 1184 1216 1185
f 1184 1185 1153
f 1185 1217 1218
f 1185 1218 1186
f 1186 1218 1219
f 1186 1219 1187
f 1187 1219 1220
f 1187 1220 1188
f 1188 1220 1221
f 1188 1221 1189
f 1189 1221 1222
f 1189 1222 1190
f 1190 1222 1223
f 1190 1223 1191
f 1191 1223 1224
f 1191 1224 1192
f 1192 1224 1225
f 1192 1225 1193
f 1193 1225 1226
f 1193 1226 1194
f 1194 1226 1227
f 1194 1227 1195
f 1195 1227 1228
f 1195 1228 1196
f 1196 1228 1229
f 1196 1229 1197
f 1197 1229 1230
f 1197 1230 1198
f 1198 1230 1231
f 1198 1231 1199
f 1199 1231 1232
f 1199 1232 1200
f 1200 1232 1233
f 1200 1233 1201
f 1201 1233 1234
f 1201 1234 1202
f 1202 1234 1235
f 1202 1235 1203
f 1203 1235 1236
f 1203 1236 1204
f 1204 1236 1237
f 1204 1237 1205
f 1205 1237 1238
f 1205 1238 1206
f 1206 1238 1239
f 1206 1239 1207
f 1207 1239 1240
f 1207 1240 1208
f 1208 1240 1241
f 1208 1241 1209
f 1209 1241 1242
f 1209 1242 1210
f 1210 1242 1243
f 1210 1243 1211
f 1211 1243 1244
f 1211 1244 1212
f 1212 1244 1245
f 1212 1245 1213
f 1213 1245 1246
f 1213 1246 1214
f 1214 1246 1247
f 1214 1247 1215
f 1215 1247 1248
f 1215 1248 1216
f 1216 1248 1217
f 1216 1217 1185
f 1217 1249 1250
f 1217 1250 1218
f 1218 1250 1251
f 1218 1251 1219
f 1219 1251 1252
f 1219 1252 1220
f 1220 1252 1253
f 1220 1253 1221
f 1221 1253 1254
f 1221 1254 1222
f 1222 1254 1255
f 1222 1255 1223
f 1223 1255 1256
f 1223 1256 1224
f 1224 1256 1257
f 1224 1257 1225
f 1225 1257 1258
f 1225 1258 1226
f 1226 1258 1259
f 1226 1259 1227
f 1227 1259 1260
f 1227 1260 1228
f 1228 1260 1261
f 1228 1261 1229
f 1229 1261 1262
f 1229 1262 1230
f 1230 1262 1263
f 1230 1263 1231
f 1231 1263 1264
f 1231 1264 1232
f 1232 1264 1265
f 1232 1265 1233
f 1233 1265 1266
f 1233 1266 1234
f 1234 1266 1267
f 1234 1267 1235
f 1235 1267 1268
f 1235 1268 1236
f 1236 1268 1269
f 1236 1269 1237
f 1237 1269 1270
f 1237 1270 1238
f 1238 1270 1271
f 1238 1271 1239
f 1239 1271 1272
f 1239 1272 1240
f 1240 1272 1273
f 1240 1273 1241
f 1241 1273 1274
f 1241 1274 1242
f 1242 1274 1275
f 1242 1275 1243
f 1243 1275 1276
f 1243 1276 1244
f 1244 1276 1277
f 1244 1277 1245
f 1245 1277 1278
f 1245 1278 1246
f 1246 1278 1279
f 1246 1279 1247
f 1247 1279 1280
f 1247 1280 1248
f 1248 1280 1249
f 1248 1249 1217
f 1249 1281 1282
f 1249 1282 1250
f 1250 1282 1283
f 1250 1283 1251
f 1251 1283 1284
f 1251 1284 1252
f 1252 1284 1285
f 1252 1285 1253
f 1253 1285 1286
f 1253 1286 1254
f 1254 1286 1287
f 1254 1287 1255
f 1255 1287 1288
f 1255 1288 1256
f 1256 1288 1289
f 1256 1289 1257
f 1257 1289 1290
f 1257 1290 1258
f 1258 1290 1291
f 1258 1291 1259
f 1259 1291 1292
f 1259 1292 1260
f 1260 1292 1293
f 1260 1293 1261
f 1261 1293 1294
f 1261 1294 1262
f 1262 1294 1295
f 1262 1295 1263
f 1263 1295 1296
f 1263 1296 1264
f 1264 1296 1297
f 1264 1297 1265
f 1265 1297 1298
f 1265 1298 1266
f 1266 1298 1299
f 1266 1299 1267
f 1267 1299 1300
f 1267 1300 1268
f 1268 1300 1301
f 1268 1301 1269
f 1269 1301 1302
f 1269 1302 1270
f 1270 1302 1303
f 1270 1303 1271
f 1271 1303 1304
f 1271 1304 1272
f 1272 1304 1305
f 1272 1305 1273
f 1273 1305 1306
f 1273 1306 1274
f 1274 1306 1307
f 1274 1307 1275
f 1275 1307 1308
f 1275 1308 1276
f 1276 1308 1309
f 1276 1309 1277
f 1277 1309 1310
f 1277 1310 1278
f 1278 1310 1311
f 1278 1311 1279
f 1279 1311 1312
f 1279 1312 1280
f 1280 1312 1281
f 1280 1281 1249
f 1281 1313 1314
f 1281 1314 1282
f 1282 1314 1315
f 1282 1315 1283
f 1283 1315 1316
f 1283 1316 1284
f 1284 1316 1317
f 1284 1317 1285
f 1285 1317 1318
f 1285 1318 1286
f 1286 1318 1319
f 1286 1319 1287
f 1287 1319 1320
f 1287 1320 1288
f 1288 1320 1321
f 1288 1321 1289
f 1289 1321 1322
f 1289 1322 1290
f 1290 1322 1323
f 1290 1323 1291
f 1291 1323 1324
f 1291 1324 1292
f 1292 1324 1325
f 1292 1325 1293
f 1293 1325 1326
f 1293 1326 1294
f 1294 1326 1327
f 1294 1327 1295
f 1295 1327 1328
f 1295 1328 1296
f 1296 1328 1329
f 1296 1329 1297
f 1297 1329 1330
f 1297 1330 1298
f 1298 1330 1331
f 1298 1331 1299
f 1299 1331 1332
f 1299 1332 1300
f 1300 1332 1333
f 1300 1333 1301
f 1301 1333 1334
f 1301 1334 1302
f 1302 1334 1335
f 1302 1335 1303
f 1303 1335 1336
f 1303 1336 1304
f 1304 1336 1337
f 1304 1337 1305
f 1305 1337 1338
f 1305 1338 1306
f 1306 1338 1339
f 1306 1339 1307
f 1307 1339 1340
f 1307 1340 1308
f 1308 1340 1341
f 1308 1341 1309
f 1309 1341 1342
f 1309 1342 1310
f 1310 1342 1343
f 1310 1343 1311
f 1311 1343 1344
f 1311 1344 1312
f 1312 1344 1313
f 1312 1313 1281
f 1313 1345 1346
f 1313 1346 1314
f 1314 1346 1347
f 1314 1347 1315
f 1315 1347 1348
f 1315 1348 1316
f 1316 1348 1349
f 1316 1349 1317
f 1317 1349 1350
f 1317 1350 1318
f 1318 1350 1351
f 1318 1351 1319
f 1319 1351 1352
f 1319 1352 1320
f 1320 1352 1353
f 1320 1353 1321
f 1321 1353 1354
f 1321 1354 1322
f 1322 1354 1355
f 1322 1355 1323
f 1323 1355 1356
f 1323 1356 1324
f 1324 1356 1357
f 1324 1357 1325
f 1325 1357 1358
f 1325 1358 1326
f 1326 1358 1359
f 1326 1359 1327
f 1327 1359 1360
f 1327 1360 1328
f 1328 1360 1361
f 1328 1361 1329
f 1329 1361 1362
f 1329 1362 1330
f 1330 1362 1363
f 1330 1363 1331
f 1331 1363 1364
f 1331 1364 1332
f 1332 1364 1365
f 1332 1365 1333
f 1333 1365 1366
f 1333 1366 1334
f 1334 1366 1367
f 1334 1367 1335
f 1335 1367 1368
f 1335 1368 1336
f 1336 1368 1369
f 1336 1369 1337
f 1337 1369 1370
f 1337 1370 1338
f 1338 1370 1371
f 1338 1371 1339
f 1339 1371 1372
f 1339 1372 1340
f 1340 1372 1373
f 1340 1373 1341
f 1341 1373 1374
f 1341 1374 1342
f 1342 1374 1375
f 1342 1375 1343
f 1343 1375 1376
f 1343 1376 1344
f 1344 1376 1345
f 1344 1345 1313
f 1345 1377 1378
f 1345 1378 1346
f 1346 1378 1379
f 1346 1379 1347
f 1347 1379 1380
f 1347 1380 1348
f 1348 1380 1381
f 1348 1381 1349
f 1349 1381 1382
f 1349 1382 1350
f 1350 1382 1383
f 1350 1383 1351
f 1351 1383 1384
f 1351 1384 1352
f 1352 1384 1385
f 1352 1385 1353
f 1353 1385 1386
f 1353 1386 1354
f 1354 1386 1387
f 1354 1387 1355
f 1355 1387 1388
f 1355 1388 1356
f 1356 1388 1389
f 1356 1389 1357
f 1357 1389 1390
f 1357 1390 1358
f 1358 1390 1391
f 1358 1391 1359
f 1359 1391 1392
f 1359 1392 1360
f 1360 1392 1393
f 1360 1393 1361
f 1361 1393 1394
f 1361 1394 1362
f 1362 1394 1395
f 1362 1395 1363
f 1363 1395 1396
f 1363 1396 1364
f 1364 1396 1397
f 1364 1397 1365
f 1365 1397 1398
f 1365 1398 1366
f 1366 1398 1399
f 1366 1399 1367
f 1367 1399 1400
f 1367 1400 1368
f 1368 1400 1401
f 1368 1401 1369
f 1369 1401 1402
f 1369 1402 1370
f 1370 1402 1403
f 1370 1403 1371
f 1371 1403 1404
f 1371 1404 1372
f 1372 1404 1405
f 1372 1405 1373
f 1373 1405 1406
f 1373 1406 1374
f 1374 1406 1407
f 1374 1407 1375
f 1375 1407 1408
f 1375 1408 1376
f 1376 1408 1377
f 1376 1377 1345
f 1377 1409 1410
f 1377 1410 1378
f 1378 1410 1411
f 1378 1411 1379
f 1379 1411 1412
f 1379 1412 1380
f 1380 1412 1413
f 1380 1413 1381
f 1381 1413 1414
f 1381 1414 1382
f 1382 1414 1415
f 1382 1415 1383
f 1383 1415 1416
f 1383 1416 1384
f 1384 1416 1417
f 1384 1417 1385
f 1385 1417 1418
f 1385 1418 1386
f 1386 1418 1419
f 1386 1419 1387
f 1387 1419 1420
f 1387 1420 1388
f 1388 1420 1421
f 1388 1421 1389
f 1389 1421 1422
f 1389 1422 1390
f 1390 1422 1423
f 1390 1423 1391
f 1391 1423 1424
f 1391 1424 1392
f 1392 1424 1425
f 1392 1425 1393
f 1393 1425 1426
f 1393 1426 1394
f 1394 1426 1427
f 1394 1427 1395
f 1395 1427 1428
f 1395 1428 1396
f 1396 1428 1429
f 1396 1429 1397
f 1397 1429 1430
f 1397 1430 1398
f 1398 1430 1431
f 1398 1431 1399
f 1399 1431 1432
f 1399 1432 1400
f 1400 1432 1433
f 1400 1433 1401
f 1401 1433 1434
f 1401 1434 1402
f 1402 1434 1435
f 1402 1435 1403
f 1403 1435 1436
f 1403 1436 1404
f 1404 1436 1437
f 1404 1437 1405
f 1405 1437 1438
f 1405 1438 1406
f 1406 1438 1439
f 1406 1439 1407
f 1407 1439 1440
f 1407 1440 1408
f 1408 1440 1409
f 1408 1409 1377
f 1409 1441 1442
f 1409 1442 1410
f 1410 1442 1443
f 1410 1443 1411
f 1411 1443 1444
f 1411 1444 1412
f 1412 1444 1445
f 1412 1445 1413
f 1413 1445 1446
f 1413 1446 1414
f 1414 1446 1447
f 1414 1447 1415
f 1415 1447 1448
f 1415 1448 1416
f 1416 1448 1449
f 1416 1449 1417
f 1417 1449 1450
f 1417 1450 1418
f 1418 1450 1451
f 1418 1451 1419
f 1419 1451 1452
f 1419 1452 1420
f 1420 1452 1453
f 1420 1453 1421
f 1421 1453 1454
f 1421 1454 1422
f 1422 1454 1455
f 1422 1455 1423
f 1423 1455 1456
f 1423 1456 1424
f 1424 1456 1457
f 1424 1457 1425
f 1425 1457 1458
f 1425 1458 1426
f 1426 1458 1459
f 1426 1459 1427
f 1427 1459 1460
f 1427 1460 1428
f 1428 1460 1461
f 1428 1461 1429
f 1429 1461 1462
f 1429 1462 1430
f 1430 1462 1463
f 1430 1463 1431
f 1431 1463 1464
f 1431 1464 1432
f 1432 1464 1465
f 1432 1465 1433
f 1433 1465 1466
f 1433 1466 1434
f 1434 1466 1467
f 1434 1467 1435
f 1435 1467 1468
f 1435 1468 1436
f 1436 1468 1469
f 1436 1469 1437
f 1437 1469 1470
f 1437 1470 1438
f 1438 1470 1471
f 1438 1471 1439
f 1439 1471 1472
f 1439 1472 1440
f 1440 1472 1441
f 1440 1441 1409
f 1441 1473 1474
f 1441 1474 1442
f 1442 1474 1475
f 1442 1475 1443
f 1443 1475 1476
f 1443 1476 1444
f 1444 1476 1477
f 1444 1477 1445
f 1445 1477 1478
f 1445 1478 1446
f 1446 1478 1479
f 1446 1479 1447
f 1447 1479 1480
f 1447 1480 1448
f 1448 1480 1481
f 1448 1481 1449
f 1449 1481 1482
f 1449 1482 1450
f 1450 1482 1483
f 1450 1483 1451
f 1451 1483 1484
f 1451 1484 1452
f 1452 1484 1485
f 1452 1485 1453
f 1453 1485 1486
f 1453 1486 1454
f 1454 1486 1487
f 1454 1487 1455
f 1455 1487 1488
f 1455 1488 1456
f 1456 1488 1489
f 1456 1489 1457
f 1457 1489 1490
f 1457 1490 1458
f 1458 1490 1491
f 1458 1491 1459
f 1459 1491 1492
f 1459 1492 1460
f 1460 1492 1493
f 1460 1493 1461
f 1461 1493 1494
f 1461 1494 1462
f 1462 1494 1495
f 1462 1495 1463
f 1463 1495 1496
f 1463 1496 1464
f 1464 1496 1497
f 1464 1497 1465
f 1465 1497 1498
f 1465 1498 1466
f 1466 1498 1499
f 1466 1499 1467
f 1467 1499 1500
f 1467 1500 1468
f 1468 1500 1501
f 1468 1501 1469
f 1469 1501 1502
f 1469 1502 1470
f 1470 1502 1503
f 1470 1503 1471
f 1471 1503 1504
f 1471 1504 1472
f 1472 1504 1473
f 1472 1473 1441
f 1473 1505 1506
f 1473 1506 1474
f 1474 1506 1507
f 1474 1507 1475
f 1475 1507 1508
f 1475 1508 1476
f 1476 1508 1509
f 1476 1509 1477
f 1477 1509 1510
f 1477 1510 1478
f 1478 1510 1511
f 1478 1511 1479
f 1479 1511 1512
f 1479 1512 1480
f 1480 1512 1513
f 1480 1513 1481
f 1481 1513 1514
f 1481 1514 1482
f 1482 1514 1515
f 1482 1515 1483
f 1483 1515 1516
f 1483 1516 1484
f 1484 1516 1517
f 1484 1517 1485
f 1485 1517 1518
f 1485 1518 1486
f 1486 1518 1519
f 1486 1519 1487
f 1487 1519 1520
f 1487 1520 1488
f 1488 1520 1521
f 1488 1521 1489
f 1489 1521 1522
f 1489 1522 1490
f 1490 1522 1523
f 1490 1523 1491
f 1491 1523 1524
f 1491 1524 1492
f 1492 1524 1525
f 1492 1525 1493
f 1493 1525 1526
f 1493 1526 1494
f 1494 1526 1527
f 1494 1527 1495
f 1495 1527 1528
f 1495 1528 1496
f 1496 1528 1529
f 1496 1529 1497
f 1497 1529 1530
f 1497 1530 1498
f 1498 1530 1531
f 1498 1531 1499
f 1499 1531 1532
f 1499 1532 1500
f 1500 1532 1533
f 1500 1533 1501
f 1501 1533 1534
f 1501 1534 1502
f 1502 1534 1535
f 1502 1535 1503
f 1503 1535 1536
f 1503 1536 1504
f 1504 1536 1505
f 1504 1505 1473
f 1505 1537 1538
f 1505 1538 1506
f 1506 1538 1539
f 1506 1539 1507
f 1507 1539 1540
f 1507 1540 1508
f 1508 1540 1541
f 1508 1541 1509
f 1509 1541 1542
f 1509 1542 1510
f 1510 1542 1543
f 1510 1543 1511
f 1511 1543 1544
f 1511 1544 1512
f 1512 1544 1545
f 1512 1545 1513
f 1513 1545 1546
f 1513 1546 1514
f 1514 1546 1547
f 1514 1547 1515
f 1515 1547 1548
f 1515 1548 1516
f 1516 1548 1549
f 1516 1549 1517
f 1517 1549 1550
f 1517 1550 1518
f 1518 1550 1551
f 1518 1551 1519
f 1519 1551 1552
f 1519 1552 1520
f 1520 1552 1553
f 1520 1553 1521
f 1521 1553 1554
f 1521 1554 1522
f 1522 1554 1555
f 1522 1555 1523
f 1523 1555 1556
f 1523 1556 1524
f 1524 1556 1557
f 1524 1557 1525
f 1525 1557 1558
f 1525 1558 1526
f 1526 1558 1559
f 1526 1559 1527
f 1527 1559 1560
f 1527 1560 1528
f 1528 1560 1561
f 1528 1561 1529
f 1529 1561 1562
f 1529 1562 1530
f 1530 1562 1563
f 1530 1563 1531
f 1531 1563 1564
f 1531 1564 1532
f 1532 1564 1565
f 1532 1565 1533
f 1533 1565 1566
f 1533 1566 1534
f 1534 1566 1567
f 1534 1567 1535
f 1535 1567 1568
f 1535 1568 1536
f 1536 1568 1537
f 1536 1537 1505
f 1537 1569 1570
f 1537 1570 1538
f 1538 1570 1571
f 1538 1571 1539
f 1539 1571 1572
f 1539 1572 1540
f 1540 1572 1573
f 1540 1573 1541
f 1541 1573 1574
f 1541 1574 1542
f 1542 1574 1575
f 1542 1575 1543
f 1543 1575 1576
f 1543 1576 1544
f 1544 1576 1577
f 1544 1577 1545
f 1545 1577 1578
f 1545 1578 1546
f 1546 1578 1579
f 1546 1579 1547
f 1547 1579 1580
f 1547 1580 1548
f 1548 1580 1581
f 1548 1581 1549
f 1549 1581 1582
f 1549 1582 1550
f 1550 1582 1583
f 1550 1583 1551
f 1551 1583 1584
f 1551 1584 1552
f 1552 1584 1585
f 1552 1585 1553
f 1553 1585 1586
f 1553 1586 1554
f 1554 1586 1587
f 1554 1587 1555
f 1555 1587 1588
f 1555 1588 1556
f 1556 1588 1589
f 1556 1589 1557
f 1557 1589 1590
f 1557 1590 1558
f 1558 1590 1591
f 1558 1591 1559
f 1559 1591 1592
f 1559 1592 1560
f 1560 1592 1593
f 1560 1593 1561
f 1561 1593 1594
f 1561 1594 1562
f 1562 1594 1595
f 1562 1595 1563
f 1563 1595 1596
f 1563 1596 1564
f 1564 1596 1597
f 1564 1597 1565
f 1565 1597 1598
f 1565 1598 1566
f 1566 1598 1599
f 1566 1599 1567
f 1567 1599 1600
f 1567 1600 1568
f 1568 1600 1569
f 1568 1569 1537
f 2645 2732 2733
f 2645 2733 2646
f 2646 2733 2734
f 2646 2734 2647
f 2647 2734 2735
f 2647 2735 2648
f 2648 2735 2736
f 2648 2736 2649
f 2649 2736 2737
f 2649 2737 2650
f 2650 2737 2738
f 2650 2738 2651
f 2651 2738 2739
f 2651 2739 2652
f 2652 2739 2740
f 2652 2740 2653
f 2653 2740 2741
f 2653 2741 2654
f 2654 2741 2742
f 2654 2742 2655
f 2655 2742 2743
f 2655 2743 2656
f 2656 2743 2744
f 2656 2744 2657
f 2657 2744 2745
f 2657 2745 2658
f 2658 2745 2746
f 2658 2746 2659
f 2659 2746 2747
f 2659 2747 2660
f 2660 2747 2748
f 2660 2748 2661
f 2661 2748 2749
f 2661 2749 2662
f 2662 2749 2750
f 2662 2750 2663
f 2663 2750 2751
f 2663 2751 2664
f 2664 2751 2752
f 2664 2752 2665
f 2665 2752 2753
f 2665 2753 2666
f 2666 2753 2754
f 2666 2754 2667
f 2667 2754 2755
f 2667 2755 2668
f 2668 2755 2756
f 2668 2756 2669
f 2669 2756 2757
f 2669 2757 2670
f 2670 2757 2758
f 2670 2758 2671
f 2671 2758 2759
f 2671 2759 2672
f 2672 2759 2760
f 2672 2760 2673
f 2673 2760 2761
f 2673 2761 2674
f 2674 2761 2762
f 2674 2762 2675
f 2675 2762 2763
f 2675 2763 2676
f 2676 2763 2764
f 2676 2764 2677
f 2677 2764 2765
f 2677 2765 2678
f 2678 2765 2766
f 2678 2766 2679
f 2679 2766 2767
f 2679 2767 2680
f 2680 2767 2768
f 2680 2768 2681
f 2681 2768 2769
f 2681 2769 2682
f 2682 2769 2770
f 2682 2770 2683
f 2683 2770 2771
f 2683 2771 2684
f 2684 2771 2772
f 2684 2772 2685
f 2685 2772 2773
f 2685 2773 2686
f 2686 2773 2774
f 2686 2774 2687
f 2687 2774 2775
f 2687 2775 2688
f 2688 2775 2776
f 2688 2776 2689
f 2689 2776 2777
f 2689 2777 2690
f 2690 2777 2778
f 2690 2778 2691
f 2691 2778 2779
f 2691 2779 2692
f 2692 2779 2780
f 2692 2780 2693
f 2693 2780 2781
f 2693 2781 2694
f 2694 2781 2782
f 2694 2782 2695
f 2695 2782 2783
f 2695 2783 2696
f 2696 2783 2784
f 2696 2784 2697
f 2697 2784 2785
f 2697 2785 2698
f 2698 2785 2786
f 2698 2786 2699
f 2699 2786 2787
f 2699 2787 2700
f 2700 2787 2788
f 2700 2788 2701
f 2701 2788 2789
f 2701 2789 2702
f 2702 2789 2790
f 2702 2790 2703
f 2703 2790 2791
f 2703 2791 2704
f 2704 2791 2792
f 2704 2792 2705
f 2705 2792 2793
f 2705 2793 2706
f 2706 2793 2794
f 2706 2794 2707
f 2707 2794 2795
f 2707 2795 2708
f 2708 2795 2796
f 2708 2796 2709
f 2709 2796 2797
f 2709 2797 2710
f 2710 2797 2798
f 2710 2798 2711
f 2711 2798 2799
f 2711 2799 2712
f 2712 2799 2800
f 2712 2800 2713
f 2713 2800 2801
f 2713 2801 2714
f 2714 2801 2802
f 2714 2802 2715
f 2715 2802 2803
f 2715 2803 2716
f 2716 2803 2804
f 2716 2804 2717
f 2717 2804 2805
f 2717 2805 2718
f 2718 2805 2806
f 2718 2806 2719
f 2719 2806 2807
f 2719 2807 2720
f 2720 2807 2808
f 2720 2808 2721
f 2721 2808 2809
f 2721 2809 2722
f 2722 2809 2810
f 2722 2810 2723
f 2723 2810 2811
f 2723 2811 2724
f 2724 2811 2812
f 2724 2812 2725
f 2725 2812 2813
f 2725 2813 2726
f 2726 2813 2814
f 2726 2814 2727
f 2727 2814 2815
f 2727 2815 2728
f 2728 2815 2816
f 2728 2816 2729
f 2729 2816 2817
f 2729 2817 2730
f 2730 2817 2818
f 2730 2818 2731
f 2731 2818 2732
f 2731 2732 2645
f 2732 2819 2820
f 2732 2820 2733
f 2733 2820 2821
f 2733 2821 2734
f 2734 2821 2822
f 2734 2822 2735
f 2735 2822 2823
f 2735 2823 2736
f 2736 2823 2824
f 2736 2824 2737
f 2737 2824 2825
f 2737 2825 2738
f 2738 2825 2826
f 2738 2826 2739
f 2739 2826 2827
f 2739 2827 2740
f 2740 2827 2828
f 2740 2828 2741
f 2741 2828 2829
f 2741 2829 2742
f 2742 2829 2830
f 2742 2830 2743
f 2743 2830 2831
f 2743 2831 2744
f 2744 2831 2832
f 2744 2832 2745
f 2745 2832 2833
f 2745 2833 2746
f 2746 2833 2834
f 2746 2834 2747
f 2747 2834 2835
f 2747 2835 2748
f 2748 2835 2836
f 2748 2836 2749
f 2749 2836 2837
f 2749 2837 2750
f 2750 2837 2838
f 2750 2838 2751
f 2751 2838 2839
f 2751 2839 2752
f 2752 2839 2840
f 2752 2840 2753
f 2753 2840 2841
f 2753 2841 2754
f 2754 2841 2842
f 2754 2842 2755
f 2755 2842 2843
f 2755 2843 2756
f 2756 2843 2844
f 2756 2844 2757
f 2757 2844 2845
f 2757 2845 2758
f 2758 2845 2846
f 2758 2846 2759
f 2759 2846 2847
f 2759 2847 2760
f 2760 2847 2848
f 2760 2848 2761
f 2761 2848 2849
f 2761 2849 2762
f 2762 2849 2850
f 2762 2850 2763
f 2763 2850 2851
f 2763 2851 2764
f 2764 2851 2852
f 2764 2852 2765
f 2765 2852 2853
f 2765 2853 2766
f 2766 2853 2854
f 2766 2854 2767
f 2767 2854 2855
f 2767 2855 2768
f 2768 2855 2856
f 2768 2856 2769
f 2769 2856 2857
f 2769 2857 2770
f 2770 2857 2858
f 2770 2858 2771
f 2771 2858 2859
f 2771 2859 2772
f 2772 2859 2860
f 2772 2860 2773
f 2773 2860 2861
f 2773 2861 2774
f 2774 2861 2862
f 2774 2862 2775
f 2775 2862 2863
f 2775 2863 2776
f 2776 2863 2864
f 2776 2864 2777
f 2777 2864 2865
f 2777 2865 2778
f 2778 2865 2866
f 2778 2866 2779
f 2779 2866 2867
f 2779 2867 2780
f 2780 2867 2868
f 2780 2868 2781
f 2781 2868 2869
f 2781 2869 2782
f 2782 2869 2870
f 2782 2870 2783
f 2783 2870 2871
f 2783 2871 2784
f 2784 2871 2872
f 2784 2872 2785
f 2785 2872 2873
f 2785 2873 2786
f 2786 2873 2874
f 2786 2874 2787
f 2787 2874 2875
f 2787 2875 2788
f 2788 2875 2876
f 2788 2876 2789
f 2789 2876 2877
f 2789 2877 2790
f 2790 2877 2878
f 2790 2878 2791
f 2791 2878 2879
f 2791 2879 2792
f 2792 2879 2880
f 2792 2880 2793
f 2793 2880 2881
f 2793 2881 2794
f 2794 2881 2882
f 2794 2882 2795
f 2795 2882 2883
f 2795 2883 2796
f 2796 2883 2884
f 2796 2884 2797
f 2797 2884 2885
f 2797 2885 2798
f 2798 2885 2886
f 2798 2886 2799
f 2799 2886 2887
f 2799 2887 2800
f 2800 2887 2888
f 2800 2888 2801
f 2801 2888 2889
f 2801 2889 2802
f 2802 2889 2890
f 2802 2890 2803
f 2803 2890 2891
f 2803 2891 2804
f 2804 2891 2892
f 2804 2892 2805
f 2805 2892 2893
f 2805 2893 2806
f 2806 2893 2894
f 2806 2894 2807
f 2807 2894 2895
f 2807 2895 2808
f 2808 2895 2896
f 2808 2896 2809
f 2809 2896 2897
f 2809 2897 2810
f 2810 2897 2898
f 2810 2898 2811
f 2811 2898 2899
f 2811 2899 2812
f 2812 2899 2900
f 2812 2900 2813
f 2813 2900 2901
f 2813 2901 2814
f 2814 2901 2902
f 2814 2902 2815
f 2815 2902 2903
f 2815 2903 2816
f 2816 2903 2904
f 2816 2904 2817
f 2817 2904 2905
f 2817 2905 2818
f 2818 2905 2819
f 2818 2819 2732
f 2819 2906 2907
f 2819 2907 2820
f 2820 2907 2908
f 2820 2908 2821
f 2821 2908 2909
f 2821 2909 2822
f 2822 2909 2910
f 2822 2910 2823
f 2823 2910 2911
f 2823 2911 2824
f 2824 2911 2912
f 2824 2912 2825
f 2825 2912 2913
f 2825 2913 2826
f 2826 2913 2914
f 2826 2914 2827
f 2827 2914 2915
f 2827 2915 2828
f 2828 2915 2916
f 2828 2916 2829
f 2829 2916 2917
f 2829 2917 2830
f 2830 2917 2918
f 2830 2918 2831
f 2831 2918 2919
f 2831 2919 2832
f 2832 2919 2920
f 2832 2920 2833
f 2833 2920 2921
f 2833 2921 2834
f 2834 2921 2922
f 2834 2922 2835
f 2835 2922 2923
f 2835 2923 2836
f 2836 2923 2924
f 2836 2924 2837
f 2837 2924 2925
f 2837 2925 2838
f 2838 2925 2926
f 2838 2926 2839
f 2839 2926 2927
f 2839 2927 2840
f 2840 2927 2928
f 2840 2928 2841
f 2841 2928 2929
f 2841 2929 2842
f 2842 2929 2930
f 2842 2930 2843
f 2843 2930 2931
f 2843 2931 2844
f 2844 2931 2932
f 2844 2932 2845
f 2845 2932 2933
f 2845 2933 2846
f 2846 2933 2934
f 2846 2934 2847
f 2847 2934 2935
f 2847 2935 2848
f 2848 2935 2936
f 2848 2936 2849
f 2849 2936 2937
f 2849 2937 2850
f 2850 2937 2938
f 2850 2938 2851
f 2851 2938 2939
f 2851 2939 2852
f 2852 2939 2940
f 2852 2940 2853
f 2853 2940 2941
f 2853 2941 2854
f 2854 2941 2942
f 2854 2942 2855
f 2855 2942 2943
f 2855 2943 2856
f 2856 2943 2944
f 2856 2944 2857
f 2857 2944 2945
f 2857 2945 2858
f 2858 2945 2946
f 2858 2946 2859
f 2859 2946 2947
f 2859 2947 2860
f 2860 2947 2948
f 2860 2948 2861
f 2861 2948 2949
f 2861 2949 2862
f 2862 2949 2950
f 2862 2950 2863
f 2863 2950 2951
f 2863 2951 2864
f 2864 2951 2952
f 2864 2952 2865
f 2865 2952 2953
f 2865 2953 2866
f 2866 2953 2954
f 2866 2954 2867
f 2867 2954 2955
f 2867 2955 2868
f 2868 2955 2956
f 2868 2956 2869
f 2869 2956 2957
f 2869 2957 2870
f 2870 2957 2958
f 2870 2958 2871
f 2871 2958 2959
f 2871 2959 2872
f 2872 2959 2960
f 2872 2960 2873
f 2873 2960 2961
f 2873 2961 2874
f 2874 2961 2962
f 2874 2962 2875
f 2875 2962 2963
f 2875 2963 2876
f 2876 2963 2964
f 2876 2964 2877
f 2877 2964 2965
f 2877 2965 2878
f 2878 2965 2966
f 2878 2966 2879
f 2879 2966 2967
f 2879 2967 2880
f 2880 2967 2968
f 2880 2968 2881
f 2881 2968 2969
f 2881 2969 2882
f 2882 2969 2970
f 2882 2970 2883
f 2883 2970 2971
f 2883 2971 2884
f 2884 2971 2972
f 2884 2972 2885
f 2885 2972 2973
f 2885 2973 2886
f 2886 2973 2974
f 2886 2974 2887
f 2887 2974 2975
f 2887 2975 2888
f 2888 2975 2976
f 2888 2976 2889
f 2889 2976 2977
f 2889 2977 2890
f 2890 2977 2978
f 2890 2978 2891
f 2891 2978 2979
f 2891 2979 2892
f 2892 2979 2980
f 2892 2980 2893
f 2893 2980 2981
f 2893 2981 2894
f 2894 2981 2982
f 2894 2982 2895
f 2895 2982 2983
f 2895 2983 2896
f 2896 2983 2984
f 2896 2984 2897
f 2897 2984 2985
f 2897 2985 2898
f 2898 2985 2986
f 2898 2986 2899
f 2899 2986 2987
f 2899 2987 2900
f 2900 2987 2988
f 2900 2988 2901
f 2901 2988 2989
f 2901 2989 2902
f 2902 2989 2990
f 2902 2990 2903
f 2903 2990 2991
f 2903 2991 2904
f 2904 2991 2992
f 2904 2992 2905
f 2905 2992 2906
f 2905 2906 2819
f 2906 2993 2994
f 2906 2994 2907
f 2907 2994 2995
f 2907 2995 2908
f 2908 2995 2996
f 2908 2996 2909
f 2909 2996 2997
f 2909 2997 2910
f 2910 2997 2998
f 2910 2998 2911
f 2911 2998 2999
f 2911 2999 2912
f 2912 2999 3000
f 2912 3000 2913
f 2913 3000 3001
f 2913 3001 2914
f 2914 3001 3002
f 2914 3002 2915
f 2915 3002 3003
f 2915 3003 2916
f 2916 3003 3004
f 2916 3004 2917
f 2917 3004 3005
f 2917 3005 2918
f 2918 3005 3006
f 2918 3006 2919
f 2919 3006 3007
f 2919 3007 2920
f 2920 3007 3008
f 2920 3008 2921
f 2921 3008 3009
f 2921 3009 2922
f 2922 3009 3010
f 2922 3010 2923
f 2923 3010 3011
f 2923 3011 2924
f 2924 3011 3012
f 2924 3012 2925
f 2925 3012 3013
f 2925 3013 2926
f 2926 3013 3014
f 2926 3014 2927
f 2927 3014 3015
f 2927 3015 2928
f 2928 3015 3016
f 2928 3016 2929
f 2929 3016 3017
f 2929 3017 2930
f 2930 3017 3018
f 2930 3018 2931
f 2931 3018 3019
f 2931 3019 2932
f 2932 3019 3020
f 2932 3020 2933
f 2933 3020 3021
f 2933 3021 2934
f 2934 3021 3022
f 2934 3022 2935
f 2935 3022 3023
f 2935 3023 2936
f 2936 3023 3024
f 2936 3024 2937
f 2937 3024 3025
f 2937 3025 2938
f 2938 3025 3026
f 2938 3026 2939
f 2939 3026 3027
f 2939 3027 2940
f 2940 3027 3028
f 2940 3028 2941
f 2941 3028 3029
f 2941 3029 2942
f 2942 3029 3030
f 2942 3030 2943
f 2943 3030 3031
f 2943 3031 2944
f 2944 3031 3032
f 2944 3032 2945
f 2945 3032 3033
f 2945 3033 2946
f 2946 3033 3034
f 2946 3034 2947
f 2947 3034 3035
f 2947 3035 2948
f 2948 3035 3036
f 2948 3036 2949
f 2949 3036 3037
f 2949 3037 2950
f 2950 3037 3038
f 2950 3038 2951
f 2951 3038 3039
f 2951 3039 2952
f 2952 3039 3040
f 2952 3040 2953
f 2953 3040 3041
f 2953 3041 2954
f 2954 3041 3042
f 2954 3042 2955
f 2955 3042 3043
f 2955 3043 2956
f 2956 3043 3044
f 2956 3044 2957
f 2957 3044 3045
f 2957 3045 2958
f 2958 3045 3046
f 2958 3046 2959
f 2959 3046 3047
f 2959 3047 2960
f 2960 3047 3048
f 2960 3048 2961
f 2961 3048 3049
f 2961 3049 2962
f 2962 3049 3050
f 2962 3050 2963
f 2963 3050 3051
f 2963 3051 2964
f 2964 3051 3052
f 2964 3052 2965
f 2965 3052 3053
f 2965 3053 2966
f 2966 3053 3054
f 2966 3054 2967
f 2967 3054 3055
f 2967 3055 2968
f 2968 3055 3056
f 2968 3056 2969
f 2969 3056 3057
f 2969 3057 2970
f 2970 3057 3058
f 2970 3058 2971
f 2971 3058 3059
f 2971 3059 2972
f 2972 3059 3060
f 2972 3060 2973
f 2973 3060 3061
f 2973 3061 2974
f 2974 3061 3062
f 2974 3062 2975
f 2975 3062 3063
f 2975 3063 2976
f 2976 3063 3064
f 2976 3064 2977
f 2977 3064 3065
f 2977 3065 2978
f 2978 3065 3066
f 2978 3066 2979
f 2979 3066 3067
f 2979 3067 2980
f 2980 3067 3068
f 2980 3068 2981
f 2981 3068 3069
f 2981 3069 2982
f 2982 3069 3070
f 2982 3070 2983
f 2983 3070 3071
f 2983 3071 2984
f 2984 3071 3072
f 2984 3072 2985
f 2985 3072 3073
f 2985 3073 2986
f 2986 3073 3074
f 2986 3074 2987
f 2987 3074 3075
f 2987 3075 2988
f 2988 3075 3076
f 2988 3076 2989
f 2989 3076 3077
f 2989 3077 2990
f 2990 3077 3078
f 2990 3078 2991
f 2991 3078 3079
f 2991 3079 2992
f 2992 3079 2993
f 2992 2993 2906
f 2993 3080 3081
f 2993 3081 2994
f 2994 3081 3082
f 2994 3082 2995
f 2995 3082 3083
f 2995 3083 2996
f 2996 3083 3084
f 2996 3084 2997
f 2997 3084 3085
f 2997 3085 2998
f 2998 3085 3086
f 2998 3086 2999
f 2999 3086 3087
f 2999 3087 3000
f 3000 3087 3088
f 3000 3088 3001
f 3001 3088 3089
f 3001 3089 3002
f 3002 3089 3090
f 3002 3090 3003
f 3003 3090 3091
f 3003 3091 3004
f 3004 3091 3092
f 3004 3092 3005
f 3005 3092 3093
f 3005 3093 3006
f 3006 3093 3094
f 3006 3094 3007
f 3007 3094 3095
f 3007 3095 3008
f 3008 3095 3096
f 3008 3096 3009
f 3009 3096 3097
f 3009 3097 3010
f 3010 3097 3098
f 3010 3098 3011
f 3011 3098 3099
f 3011 3099 3012
f 3012 3099 3100
f 3012 3100 3013
f 3013 3100 3101
f 3013 3101 3014
f 3014 3101 3102
f 3014 3102 3015
f 3015 3102 3103
f 3015 3103 3016
f 3016 3103 3104
f 3016 3104 3017
f 3017 3104 3105
f 3017 3105 3018
f 3018 3105 3106
f 3018 3106 3019
f 3019 3106 3107
f 3019 3107 3020
f 3020 3107 3108
f 3020 3108 3021
f 3021 3108 3109
f 3021 3109 3022
f 3022 3109 3110
f 3022 3110 3023
f 3023 3110 3111
f 3023 3111 3024
f 3024 3111 3112
f 3024 3112 3025
f 3025 3112 3113
f 3025 3113 3026
f 3026 3113 3114
f 3026 3114 3027
f 3027 3114 3115
f 3027 3115 3028
f 3028 3115 3116
f 3028 3116 3029
f 3029 3116 3117
f 3029 3117 3030
f 3030 3117 3118
f 3030 3118 3031
f 3031 3118 3119
f 3031 3119 3032
f 3032 3119 3120
f 3032 3120 3033
f 3033 3120 3121
f 3033 3121 3034
f 3034 3121 3122
f 3034 3122 3035
f 3035 3122 3123
f 3035 3123 3036
f 3036 3123 3124
f 3036 3124 3037
f 3037 3124 3125
f 3037 3125 3038
f 3038 3125 3126
f 3038 3126 3039
f 3039 3126 3127
f 3039 3127 3040
f 3040 3127 3128
f 3040 3128 3041
f 3041 3128 3129
f 3041 3129 3042
f 3042 3129 3130
f 3042 3130 3043
f 3043 3130 3131
f 3043 3131 3044
f 3044 3131 3132
f 3044 3132 3045
f 3045 3132 3133
f 3045 3133 3046
f 3046 3133 3134
f 3046 3134 3047
f 3047 3134 3135
f 3047 3135 3048
f 3048 3135 3136
f 3048 3136 3049
f 3049 3136 3137
f 3049 3137 3050
f 3050 3137 3138
f 3050 3138 3051
f 3051 3138 3139
f 3051 3139 3052
f 3052 3139 3140
f 3052 3140 3053
f 3053 3140 3141
f 3053 3141 3054
f 3054 3141 3142
f 3054 3142 3055
f 3055 3142 3143
f 3055 3143 3056
f 3056 3143 3144
f 3056 3144 3057
f 3057 3144 3145
f 3057 3145 3058
f 3058 3145 3146
f 3058 3146 3059
f 3059 3146 3147
f 3059 3147 3060
f 3060 3147 3148
f 3060 3148 3061
f 3061 3148 3149
f 3061 3149 3062
f 3062 3149 3150
f 3062 3150 3063
f 3063 3150 3151
f 3063 3151 3064
f 3064 3151 3152
f 3064 3152 3065
f 3065 3152 3153
f 3065 3153 3066
f 3066 3153 3154
f 3066 3154 3067
f 3067 3154 3155
f 3067 3155 3068
f 3068 3155 3156
f 3068 3156 3069
f 3069 3156 3157
f 3069 3157 3070
f 3070 3157 3158
f 3070 3158 3071
f 3071 3158 3159
f 3071 3159 3072
f 3072 3159 3160
f 3072 3160 3073
f 3073 3160 3161
f 3073 3161 3074
f 3074 3161 3162
f 3074 3162 3075
f 3075 3162 3163
f 3075 3163 3076
f 3076 3163 3164
f 3076 3164 3077
f 3077 3164 3165
f 3077 3165 3078
f 3078 3165 3166
f 3078 3166 3079
f 3079 3166 3080
f 3079 3080 2993
f 3080 3167 3168
f 3080 3168 3081
f 3081 3168 3169
f 3081 3169 3082
f 3082 3169 3170
f 3082 3170 3083
f 3083 3170 3171
f 3083 3171 3084
f 3084 3171 3172
f 3084 3172 3085
f 3085 3172 3173
f 3085 3173 3086
f 3086 3173 3174
f 3086 3174 3087
f 3087 3174 3175
f 3087 3175 3088
f 3088 3175 3176
f 3088 3176 3089
f 3089 3176 3177
f 3089 3177 3090
f 3090 3177 3178
f 3090 3178 3091
f 3091 3178 3179
f 3091 3179 3092
f 3092 3179 3180
f 3092 3180 3093
f 3093 3180 3181
f 3093 3181 3094
f 3094 3181 3182
f 3094 3182 3095
f 3095 3182 3183
f 3095 3183 3096
f 3096 3183 3184
f 3096 3184 3097
f 3097 3184 3185
f 3097 3185 3098
f 3098 3185 3186
f 3098 3186 3099
f 3099 3186 3187
f 3099 3187 3100
f 3100 3187 3188
f 3100 3188 3101
f 3101 3188 3189
f 3101 3189 3102
f 3102 3189 3190
f 3102 3190 3103
f 3103 3190 3191
f 3103 3191 3104
f 3104 3191 3192
f 3104 3192 3105
f 3105 3192 3193
f 3105 3193 3106
f 3106 3193 3194
f 3106 3194 3107
f 3107 3194 3195
f 3107 3195 3108
f 3108 3195 3196
f 3108 3196 3109
f 3109 3196 3197
f 3109 3197 3110
f 3110 3197 3198
f 3110 3198 3111
f 3111 3198 3199
f 3111 3199 3112
f 3112 3199 3200
f 3112 3200 3113
f 3113 3200 3201
f 3113 3201 3114
f 3114 3201 3202
f 3114 3202 3115
f 3115 3202 3203
f 3115 3203 3116
f 3116 3203 3204
f 3116 3204 3117
f 3117 3204 3205
f 3117 3205 3118
f 3118 3205 3206
f 3118 3206 3119
f 3119 3206 3207
f 3119 3207 3120
f 3120 3207 3208
f 3120 3208 3121
f 3121 3208 3209
f 3121 3209 3122
f 3122 3209 3210
f 3122 3210 3123
f 3123 3210 3211
f 3123 3211 3124
f 3124 3211 3212
f 3124 3212 3125
f 3125 3212 3213
f 3125 3213 3126
f 3126 3213 3214
f 3126 3214 3127
f 3127 3214 3215
f 3127 3215 3128
f 3128 3215 3216
f 3128 3216 3129
f 3129 3216 3217
f 3129 3217 3130
f 3130 3217 3218
f 3130 3218 3131
f 3131 3218 3219
f 3131 3219 3132
f 3132 3219 3220
f 3132 3220 3133
f 3133 3220 3221
f 3133 3221 3134
f 3134 3221 3222
f 3134 3222 3135
f 3135 3222 3223
f 3135 3223 3136
f 3136 3223 3224
f 3136 3224 3137
f 3137 3224 3225
f 3137 3225 3138
f 3138 3225 3226
f 3138 3226 3139
f 3139 3226 3227
f 3139 3227 3140
f 3140 3227 3228
f 3140 3228 3141
f 3141 3228 3229
f 3141 3229 3142
f 3142 3229 3230
f 3142 3230 3143
f 3143 3230 3231
f 3143 3231 3144
f 3144 3231 3232
f 3144 3232 3145
f 3145 3232 3233
f 3145 3233 3146
f 3146 3233 3234
f 3146 3234 3147
f 3147 3234 3235
f 3147 3235 3148
f 3148 3235 3236
f 3148 3236 3149
f 3149 3236 3237
f 3149 3237 3150
f 3150 3237 3238
f 3150 3238 3151
f 3151 3238 3239
f 3151 3239 3152
f 3152 3239 3240
f 3152 3240 3153
f 3153 3240 3241
f 3153 3241 3154
f 3154 3241 3242
f 3154 3242 3155
f 3155 3242 3243
f 3155 3243 3156
f 3156 3243 3244
f 3156 3244 3157
f 3157 3244 3245
f 3157 3245 3158
f 3158 3245 3246
f 3158 3246 3159
f 3159 3246 3247
f 3159 3247 3160
f 3160 3247 3248
f 3160 3248 3161
f 3161 3248 3249
f 3161 3249 3162
f 3162 3249 3250
f 3162 3250 3163
f 3163 3250 3251
f 3163 3251 3164
f 3164 3251 3252
f 3164 3252 3165
f 3165 3252 3253
f 3165 3253 3166
f 3166 3253 3167
f 3166 3167 3080
f 3167 3254 3255
f 3167 3255 3168
f 3168 3255 3256
f 3168 3256 3169
f 3169 3256 3257
f 3169 3257 3170
f 3170 3257 3258
f 3170 3258 3171
f 3171 3258 3259
f 3171 3259 3172
f 3172 3259 3260
f 3172 3260 3173
f 3173 3260 3261
f 3173 3261 3174
f 3174 3261 3262
f 3174 3262 3175
f 3175 3262 3263
f 3175 3263 3176
f 3176 3263 3264
f 3176 3264 3177
f 3177 3264 3265
f 3177 3265 3178
f 3178 3265 3266
f 3178 3266 3179
f 3179 3266 3267
f 3179 3267 3180
f 3180 3267 3268
f 3180 3268 3181
f 3181 3268 3269
f 3181 3269 3182
f 3182 3269 3270
f 3182 3270 3183
f 3183 3270 3271
f 3183 3271 3184
f 3184 3271 3272
f 3184 3272 3185
f 3185 3272 3273
f 3185 3273 3186
f 3186 3273 3274
f 3186 3274 3187
f 3187 3274 3275
f 3187 3275 3188
f 3188 3275 3276
f 3188 3276 3189
f 3189 3276 3277
f 3189 3277 3190
f 3190 3277 3278
f 3190 3278 3191
f 3191 3278 3279
f 3191 3279 3192
f 3192 3279 3280
f 3192 3280 3193
f 3193 3280 3281
f 3193 3281 3194
f 3194 3281 3282
f 3194 3282 3195
f 3195 3282 3283
f 3195 3283 3196
f 3196 3283 3284
f 3196 3284 3197
f 3197 3284 3285
f 3197 3285 3198
f 3198 3285 3286
f 3198 3286 3199
f 3199 3286 3287
f 3199 3287 3200
f 3200 3287 3288
f 3200 3288 3201
f 3201 3288 3289
f 3201 3289 3202
f 3202 3289 3290
f 3202 3290 3203
f 3203 3290 3291
f 3203 3291 3204
f 3204 3291 3292
f 3204 3292 3205
f 3205 3292 3293
f 3205 3293 3206
f 3206 3293 3294
f 3206 3294 3207
f 3207 3294 3295
f 3207 3295 3208
f 3208 3295 3296
f 3208 3296 3209
f 3209 3296 3297
f 3209 3297 3210
f 3210 3297 3298
f 3210 3298 3211
f 3211 3298 3299
f 3211 3299 3212
f 3212 3299 3300
f 3212 3300 3213
f 3213 3300 3301
f 3213 3301 3214
f 3214 3301 3302
f 3214 3302 3215
f 3215 3302 3303
f 3215 3303 3216
f 3216 3303 3304
f 3216 3304 3217
f 3217 3304 3305
f 3217 3305 3218
f 3218 3305 3306
f 3218 3306 3219
f 3219 3306 3307
f 3219 3307 3220
f 3220 3307 3308
f 3220 3308 3221
f 3221 3308 3309
f 3221 3309 3222
f 3222 3309 3310
f 3222 3310 3223
f 3223 3310 3311
f 3223 3311 3224
f 3224 3311 3312
f 3224 3312 3225
f 3225 3312 3313
f 3225 3313 3226
f 3226 3313 3314
f 3226 3314 3227
f 3227 3314 3315
f 3227 3315 3228
f 3228 3315 3316
f 3228 3316 3229
f 3229 3316 3317
f 3229 3317 3230
f 3230 3317 3318
f 3230 3318 3231
f 3231 3318 3319
f 3231 3319 3232
f 3232 3319 3320
f 3232 3320 3233
f 3233 3320 3321
f 3233 3321 3234
f 3234 3321 3322
f 3234 3322 3235
f 3235 3322 3323
f 3235 3323 3236
f 3236 3323 3324
f 3236 3324 3237
f 3237 3324 3325
f 3237 3325 3238
f 3238 3325 3326
f 3238 3326 3239
f 3239 3326 3327
f 3239 3327 3240
f 3240 3327 3328
f 3240 3328 3241
f 3241 3328 3329
f 3241 3329 3242
f 3242 3329 3330
f 3242 3330 3243
f 3243 3330 3331
f 3243 3331 3244
f 3244 3331 3332
f 3244 3332 3245
f 3245 3332 3333
f 3245 3333 3246
f 3246 3333 3334
f 3246 3334 3247
f 3247 3334 3335
f 3247 3335 3248
f 3248 3335 3336
f 3248 3336 3249
f 3249 3336 3337
f 3249 3337 3250
f 3250 3337 3338
f 3250 3338 3251
f 3251 3338 3339
f 3251 3339 3252
f 3252 3339 3340
f 3252 3340 3253
f 3253 3340 3254
f 3253 3254 3167
f 3254 3341 3342
f 3254 3342 3255
f 3255 3342 3343
f 3255 3343 3256
f 3256 3343 3344
f 3256 3344 3257
f 3257 3344 3345
f 3257 3345 3258
f 3258 3345 3346
f 3258 3346 3259
f 3259 3346 3347
f 3259 3347 3260
f 3260 3347 3348
f 3260 3348 3261
f 3261 3348 3349
f 3261 3349 3262
f 3262 3349 3350
f 3262 3350 3263
f 3263 3350 3351
f 3263 3351 3264
f 3264 3351 3352
f 3264 3352 3265
f 3265 3352 3353
f 3265 3353 3266
f 3266 3353 3354
f 3266 3354 3267
f 3267 3354 3355
f 3267 3355 3268
f 3268 3355 3356
f 3268 3356 3269
f 3269 3356 3357
f 3269 3357 3270
f 3270 3357 3358
f 3270 3358 3271
f 3271 3358 3359
f 3271 3359 3272
f 3272 3359 3360
f 3272 3360 3273
f 3273 3360 3361
f 3273 3361 3274
f 3274 3361 3362
f 3274 3362 3275
f 3275 3362 3363
f 3275 3363 3276
f 3276 3363 3364
f 3276 3364 3277
f 3277 3364 3365
f 3277 3365 3278
f 3278 3365 3366
f 3278 3366 3279
f 3279 3366 3367
f 3279 3367 3280
f 3280 3367 3368
f 3280 3368 3281
f 3281 3368 3369
f 3281 3369 3282
f 3282 3369 3370
f 3282 3370 3283
f 3283 3370 3371
f 3283 3371 3284
f 3284 3371 3372
f 3284 3372 3285
f 3285 3372 3373
f 3285 3373 3286
f 3286 3373 3374
f 3286 3374 3287
f 3287 3374 3375
f 3287 3375 3288
f 3288 3375 3376
f 3288 3376 3289
f 3289 3376 3377
f 3289 3377 3290
f 3290 3377 3378
f 3290 3378 3291
f 3291 3378 3379
f 3291 3379 3292
f 3292 3379 3380
f 3292 3380 3293
f 3293 3380 3381
f 3293 3381 3294
f 3294 3381 3382
f 3294 3382 3295
f 3295 3382 3383
f 3295 3383 3296
f 3296 3383 3384
f 3296 3384 3297
f 3297 3384 3385
f 3297 3385 3298
f 3298 3385 3386
f 3298 3386 3299
f 3299 3386 3387
f 3299 3387 3300
f 3300 3387 3388
f 3300 3388 3301
f 3301 3388 3389
f 3301 3389 3302
f 3302 3389 3390
f 3302 3390 3303
f 3303 3390 3391
f 3303 3391 3304
f 3304 3391 3392
f 3304 3392 3305
f 3305 3392 3393
f 3305 3393 3306
f 3306 3393 3394
f 3306 3394 3307
f 3307 3394 3395
f 3307 3395 3308
f 3308 3395 3396
f 3308 3396 3309
f 3309 3396 3397
f 3309 3397 3310
f 3310 3397 3398
f 3310 3398 3311
f 3311 3398 3399
f 3311 3399 3312
f 3312 3399 3400
f 3312 3400 3313
f 3313 3400 3401
f 3313 3401 3314
f 3314 3401 3402
f 3314 3402 3315
f 3315 3402 3403
f 3315 3403 3316
f 3316 3403 3404
f 3316 3404 3317
f 3317 3404 3405
f 3317 3405 3318
f 3318 3405 3406
f 3318 3406 3319
f 3319 3406 3407
f 3319 3407 3320
f 3320 3407 3408
f 3320 3408 3321
f 3321 3408 3409
f 3321 3409 3322
f 3322 3409 3410
f 3322 3410 3323
f 3323 3410 3411
f 3323 3411 3324
f 3324 3411 3412
f 3324 3412 3325
f 3325 3412 3413
f 3325 3413 3326
f 3326 3413 3414
f 3326 3414 3327
f 3327 3414 3415
f 3327 3415 3328
f 3328 3415 3416
f 3328 3416 3329
f 3329 3416 3417
f 3329 3417 3330
f 3330 3417 3418
f 3330 3418 3331
f 3331 3418 3419
f 3331 3419 3332
f 3332 3419 3420
f 3332 3420 3333
f 3333 3420 3421
f 3333 3421 3334
f 3334 3421 3422
f 3334 3422 3335
f 3335 3422 3423
f 3335 3423 3336
f 3336 3423 3424
f 3336 3424 3337
f 3337 3424 3425
f 3337 3425 3338
f 3338 3425 3426
f 3338 3426 3339
f 3339 3426 3427
f 3339 3427 3340
f 3340 3427 3341
f 3340 3341 3254
f 3341 3428 3429
f 3341 3429 3342
f 3342 3429 3430
f 3342 3430 3343
f 3343 3430 3431
f 3343 3431 3344
f 3344 3431 3432
f 3344 3432 3345
f 3345 3432 3433
f 3345 3433 3346
f 3346 3433 3434
f 3346 3434 3347
f 3347 3434 3435
f 3347 3435 3348
f 3348 3435 3436
f 3348 3436 3349
f 3349 3436 3437
f 3349 3437 3350
f 3350 3437 3438
f 3350 3438 3351
f 3351 3438 3439
f 3351 3439 3352
f 3352 3439 3440
f 3352 3440 3353
f 3353 3440 3441
f 3353 3441 3354
f 3354 3441 3442
f 3354 3442 3355
f 3355 3442 3443
f 3355 3443 3356
f 3356 3443 3444
f 3356 3444 3357
f 3357 3444 3445
f 3357 3445 3358
f 3358 3445 3446
f 3358 3446 3359
f 3359 3446 3447
f 3359 3447 3360
f 3360 3447 3448
f 3360 3448 3361
f 3361 3448 3449
f 3361 3449 3362
f 3362 3449 3450
f 3362 3450 3363
f 3363 3450 3451
f 3363 3451 3364
f 3364 3451 3452
f 3364 3452 3365
f 3365 3452 3453
f 3365 3453 3366
f 3366 3453 3454
f 3366 3454 3367
f 3367 3454 3455
f 3367 3455 3368
f 3368 3455 3456
f 3368 3456 3369
f 3369 3456 3457
f 3369 3457 3370
f 3370 3457 3458
f 3370 3458 3371
f 3371 3458 3459
f 3371 3459 3372
f 3372 3459 3460
f 3372 3460 3373
f 3373 3460 3461
f 3373 3461 3374
f 3374 3461 3462
f 3374 3462 3375
f 3375 3462 3463
f 3375 3463 3376
f 3376 3463 3464
f 3376 3464 3377
f 3377 3464 3465
f 3377 3465 3378
f 3378 3465 3466
f 3378 3466 3379
f 3379 3466 3467
f 3379 3467 3380
f 3380 3467 3468
f 3380 3468 3381
f 3381 3468 3469
f 3381 3469 3382
f 3382 3469 3470
f 3382 3470 3383
f 3383 3470 3471
f 3383 3471 3384
f 3384 3471 3472
f 3384 3472 3385
f 3385 3472 3473
f 3385 3473 3386
f 3386 3473 3474
f 3386 3474 3387
f 3387 3474 3475
f 3387 3475 3388
f 3388 3475 3476
f 3388 3476 3389
f 3389 3476 3477
f 3389 3477 3390
f 3390 3477 3478
f 3390 3478 3391
f 3391 3478 3479
f 3391 3479 3392
f 3392 3479 3480
f 3392 3480 3393
f 3393 3480 3481
f 3393 3481 3394
f 3394 3481 3482
f 3394 3482 3395
f 3395 3482 3483
f 3395 3483 3396
f 3396 3483 3484
f 3396 3484 3397
f 3397 3484 3485
f 3397 3485 3398
f 3398 3485 3486
f 3398 3486 3399
f 3399 3486 3487
f 3399 3487 3400
f 3400 3487 3488
f 3400 3488 3401
f 3401 3488 3489
f 3401 3489 3402
f 3402 3489 3490
f 3402 3490 3403
f 3403 3490 3491
f 3403 3491 3404
f 3404 3491 3492
f 3404 3492 3405
f 3405 3492 3493
f 3405 3493 3406
f 3406 3493 3494
f 3406 3494 3407
f 3407 3494 3495
f 3407 3495 3408
f 3408 3495 3496
f 3408 3496 3409
f 3409 3496 3497
f 3409 3497 3410
f 3410 3497 3498
f 3410 3498 3411
f 3411 3498 3499
f 3411 3499 3412
f 3412 3499 3500
f 3412 3500 3413
f 3413 3500 3501
f 3413 3501 3414
f 3414 3501 3502
f 3414 3502 3415
f 3415 3502 3503
f 3415 3503 3416
f 3416 3503 3504
f 3416 3504 3417
f 3417 3504 3505
f 3417 3505 3418
f 3418 3505 3506
f 3418 3506 3419
f 3419 3506 3507
f 3419 3507 3420
f 3420 3507 3508
f 3420 3508 3421
f 3421 3508 3509
f 3421 3509 3422
f 3422 3509 3510
f 3422 3510 3423
f 3423 3510 3511
f 3423 3511 3424
f 3424 3511 3512
f 3424 3512 3425
f 3425 3512 3513
f 3425 3513 3426
f 3426 3513 3514
f 3426 3514 3427
f 3427 3514 3428
f 3427 3428 3341
f 3428 3515 3516
f 3428 3516 3429
f 3429 3516 3517
f 3429 3517 3430
f 3430 3517 3518
f 3430 3518 3431
f 3431 3518 3519
f 3431 3519 3432
f 3432 3519 3520
f 3432 3520 3433
f 3433 3520 3521
f 3433 3521 3434
f 3434 3521 3522
f 3434 3522 3435
f 3435 3522 3523
f 3435 3523 3436
f 3436 3523 3524
f 3436 3524 3437
f 3437 3524 3525
f 3437 3525 3438
f 3438 3525 3526
f 3438 3526 3439
f 3439 3526 3527
f 3439 3527 3440
f 3440 3527 3528
f 3440 3528 3441
f 3441 3528 3529
f 3441 3529 3442
f 3442 3529 3530
f 3442 3530 3443
f 3443 3530 3531
f 3443 3531 3444
f 3444 3531 3532
f 3444 3532 3445
f 3445 3532 3533
f 3445 3533 3446
f 3446 3533 3534
f 3446 3534 3447
f 3447 3534 3535
f 3447 3535 3448
f 3448 3535 3536
f 3448 3536 3449
f 3449 3536 3537
f 3449 3537 3450
f 3450 3537 3538
f 3450 3538 3451
f 3451 3538 3539
f 3451 3539 3452
f 3452 3539 3540
f 3452 3540 3453
f 3453 3540 3541
f 3453 3541 3454
f 3454 3541 3542
f 3454 3542 3455
f 3455 3542 3543
f 3455 3543 3456
f 3456 3543 3544
f 3456 3544 3457
f 3457 3544 3545
f 3457 3545 3458
f 3458 3545 3546
f 3458 3546 3459
f 3459 3546 3547
f 3459 3547 3460
f 3460 3547 3548
f 3460 3548 3461
f 3461 3548 3549
f 3461 3549 3462
f 3462 3549 3550
f 3462 3550 3463
f 3463 3550 3551
f 3463 3551 3464
f 3464 3551 3552
f 3464 3552 3465
f 3465 3552 3553
f 3465 3553 3466
f 3466 3553 3554
f 3466 3554 3467
f 3467 3554 3555
f 3467 3555 3468
f 3468 3555 3556
f 3468 3556 3469
f 3469 3556 3557
f 3469 3557 3470
f 3470 3557 3558
f 3470 3558 3471
f 3471 3558 3559
f 3471 3559 3472
f 3472 3559 3560
f 3472 3560 3473
f 3473 3560 3561
f 3473 3561 3474
f 3474 3561 3562
f 3474 3562 3475
f 3475 3562 3563
f 3475 3563 3476
f 3476 3563 3564
f 3476 3564 3477
f 3477 3564 3565
f 3477 3565 3478
f 3478 3565 3566
f 3478 3566 3479
f 3479 3566 3567
f 3479 3567 3480
f 3480 3567 3568
f 3480 3568 3481
f 3481 3568 3569
f 3481 3569 3482
f 3482 3569 3570
f 3482 3570 3483
f 3483 3570 3571
f 3483 3571 3484
f 3484 3571 3572
f 3484 3572 3485
f 3485 3572 3573
f 3485 3573 3486
f 3486 3573 3574
f 3486 3574 3487
f 3487 3574 3575
f 3487 3575 3488
f 3488 3575 3576
f 3488 3576 3489
f 3489 3576 3577
f 3489 3577 3490
f 3490 3577 3578
f 3490 3578 3491
f 3491 3578 3579
f 3491 3579 3492
f 3492 3579 3580
f 3492 3580 3493
f 3493 3580 3581
f 3493 3581 3494
f 3494 3581 3582
f 3494 3582 3495
f 3495 3582 3583
f 3495 3583 3496
f 3496 3583 3584
f 3496 3584 3497
f 3497 3584 3585
f 3497 3585 3498
f 3498 3585 3586
f 3498 3586 3499
f 3499 3586 3587
f 3499 3587 3500
f 3500 3587 3588
f 3500 3588 3501
f 3501 3588 3589
f 3501 3589 3502
f 3502 3589 3590
f 3502 3590 3503
f 3503 3590 3591
f 3503 3591 3504
f 3504 3591 3592
f 3504 3592 3505
f 3505 3592 3593
f 3505 3593 3506
f 3506 3593 3594
f 3506 3594 3507
f 3507 3594 3595
f 3507 3595 3508
f 3508 3595 3596
f 3508 3596 3509
f 3509 3596 3597
f 3509 3597 3510
f 3510 3597 3598
f 3510 3598 3511
f 3511 3598 3599
f 3511 3599 3512
f 3512 3599 3600
f 3512 3600 3513
f 3513 3600 3601
f 3513 3601 3514
f 3514 3601 3515
f 3514 3515 3428
f 3515 3602 3603
f 3515 3603 3516
f 3516 3603 3604
f 3516 3604 3517
f 3517 3604 3605
f 3517 3605 3518
f 3518 3605 3606
f 3518 3606 3519
f 3519 3606 3607
f 3519 3607 3520
f 3520 3607 3608
f 3520 3608 3521
f 3521 3608 3609
f 3521 3609 3522
f 3522 3609 3610
f 3522 3610 3523
f 3523 3610 3611
f 3523 3611 3524
f 3524 3611 3612
f 3524 3612 3525
f 3525 3612 3613
f 3525 3613 3526
f 3526 3613 3614
f 3526 3614 3527
f 3527 3614 3615
f 3527 3615 3528
f 3528 3615 3616
f 3528 3616 3529
f 3529 3616 3617
f 3529 3617 3530
f 3530 3617 3618
f 3530 3618 3531
f 3531 3618 3619
f 3531 3619 3532
f 3532 3619 3620
f 3532 3620 3533
f 3533 3620 3621
f 3533 3621 3534
f 3534 3621 3622
f 3534 3622 3535
f 3535 3622 3623
f 3535 3623 3536
f 3536 3623 3624
f 3536 3624 3537
f 3537 3624 3625
f 3537 3625 3538
f 3538 3625 3626
f 3538 3626 3539
f 3539 3626 3627
f 3539 3627 3540
f 3540 3627 3628
f 3540 3628 3541
f 3541 3628 3629
f 3541 3629 3542
f 3542 3629 3630
f 3542 3630 3543
f 3543 3630 3631
f 3543 3631 3544
f 3544 3631 3632
f 3544 3632 3545
f 3545 3632 3633
f 3545 3633 3546
f 3546 3633 3634
f 3546 3634 3547
f 3547 3634 3635
f 3547 3635 3548
f 3548 3635 3636
f 3548 3636 3549
f 3549 3636 3637
f 3549 3637 3550
f 3550 3637 3638
f 3550 3638 3551
f 3551 3638 3639
f 3551 3639 3552
f 3552 3639 3640
f 3552 3640 3553
f 3553 3640 3641
f 3553 3641 3554
f 3554 3641 3642
f 3554 3642 3555
f 3555 3642 3643
f 3555 3643 3556
f 3556 3643 3644
f 3556 3644 3557
f 3557 3644 3645
f 3557 3645 3558
f 3558 3645 3646
f 3558 3646 3559
f 3559 3646 3647
f 3559 3647 3560
f 3560 3647 3648
f 3560 3648 3561
f 3561 3648 3649
f 3561 3649 3562
f 3562 3649 3650
f 3562 3650 3563
f 3563 3650 3651
f 3563 3651 3564
f 3564 3651 3652
f 3564 3652 3565
f 3565 3652 3653
f 3565 3653 3566
f 3566 3653 3654
f 3566 3654 3567
f 3567 3654 3655
f 3567 3655 3568
f 3568 3655 3656
f 3568 3656 3569
f 3569 3656 3657
f 3569 3657 3570
f 3570 3657 3658
f 3570 3658 3571
f 3571 3658 3659
f 3571 3659 3572
f 3572 3659 3660
f 3572 3660 3573
f 3573 3660 3661
f 3573 3661 3574
f 3574 3661 3662
f 3574 3662 3575
f 3575 3662 3663
f 3575 3663 3576
f 3576 3663 3664
f 3576 3664 3577
f 3577 3664 3665
f 3577 3665 3578
f 3578 3665 3666
f 3578 3666 3579
f 3579 3666 3667
f 3579 3667 3580
f 3580 3667 3668
f 3580 3668 3581
f 3581 3668 3669
f 3581 3669 3582
f 3582 3669 3670
f 3582 3670 3583
f 3583 3670 3671
f 3583 3671 3584
f 3584 3671 3672
f 3584 3672 3585
f 3585 3672 3673
f 3585 3673 3586
f 3586 3673 3674
f 3586 3674 3587
f 3587 3674 3675
f 3587 3675 3588
f 3588 3675 3676
f 3588 3676 3589
f 3589 3676 3677
f 3589 3677 3590
f 3590 3677 3678
f 3590 3678 3591
f 3591 3678 3679
f 3591 3679 3592
f 3592 3679 3680
f 3592 3680 3593
f 3593 3680 3681
f 3593 3681 3594
f 3594 3681 3682
f 3594 3682 3595
f 3595 3682 3683
f 3595 3683 3596
f 3596 3683 3684
f 3596 3684 3597
f 3597 3684 3685
f 3597 3685 3598
f 3598 3685 3686
f 3598 3686 3599
f 3599 3686 3687
f 3599 3687 3600
f 3600 3687 3688
f 3600 3688 3601
f 3601 3688 3602
f 3601 3602 3515
f 1601 1688 1689
f 1601 1689 1602
f 1602 1689 1690
f 1602 1690 1603
f 1603 1690 1691
f 1603 1691 1604
f 1604 1691 1692
f 1604 1692 1605
f 1605 1692 1693
f 1605 1693 1606
f 1606 1693 1694
f 1606 1694 1607
f 1607 1694 1695
f 1607 1695 1608
f 1608 1695 1696
f 1608 1696 1609
f 1609 1696 1697
f 1609 1697 1610
f 1610 1697 1698
f 1610 1698 1611
f 1611 1698 1699
f 1611 1699 1612
f 1612 1699 1700
f 1612 1700 1613
f 1613 1700 1701
f 1613 1701 1614
f 1614 1701 1702
f 1614 1702 1615
f 1615 1702 1703
f 1615 1703 1616
f 1616 1703 1704
f 1616 1704 1617
f 1617 1704 1705
f 1617 1705 1618
f 1618 1705 1706
f 1618 1706 1619
f 1619 1706 1707
f 1619 1707 1620
f 1620 1707 1708
f 1620 1708 1621
f 1621 1708 1709
f 1621 1709 1622
f 1622 1709 1710
f 1622 1710 1623
f 1623 1710 1711
f 1623 1711 1624
f 1624 1711 1712
f 1624 1712 1625
f 1625 1712 1713
f 1625 1713 1626
f 1626 1713 1714
f 1626 1714 1627
f 1627 1714 1715
f 1627 1715 1628
f 1628 1715 1716
f 1628 1716 1629
f 1629 1716 1717
f 1629 1717 1630
f 1630 1717 1718
f 1630 1718 1631
f 1631 1718 1719
f 1631 1719 1632
f 1632 1719 1720
f 1632 1720 1633
f 1633 1720 1721
f 1633 1721 1634
f 1634 1721 1722
f 1634 1722 1635
f 1635 1722 1723
f 1635 1723 1636
f 1636 1723 1724
f 1636 1724 1637
f 1637 1724 1725
f 1637 1725 1638
f 1638 1725 1726
f 1638 1726 1639
f 1639 1726 1727
f 1639 1727 1640
f 1640 1727 1728
f 1640 1728 1641
f 1641 1728 1729
f 1641 1729 1642
f 1642 1729 1730
f 1642 1730 1643
f 1643 1730 1731
f 1643 1731 1644
f 1644 1731 1732
f 1644 1732 1645
f 1645 1732 1733
f 1645 1733 1646
f 1646 1733 1734
f 1646 1734 1647
f 1647 1734 1735
f 1647 1735 1648
f 1648 1735 1736
f 1648 1736 1649
f 1649 1736 1737
f 1649 1737 1650
f 1650 1737 1738
f 1650 1738 1651
f 1651 1738 1739
f 1651 1739 1652
f 1652 1739 1740
f 1652 1740 1653
f 1653 1740 1741
f 1653 1741 1654
f 1654 1741 1742
f 1654 1742 1655
f 1655 1742 1743
f 1655 1743 1656
f 1656 1743 1744
f 1656 1744 1657
f 1657 1744 1745
f 1657 1745 1658
f 1658 1745 1746
f 1658 1746 1659
f 1659 1746 1747
f 1659 1747 1660
f 1660 1747 1748
f 1660 1748 1661
f 1661 1748 1749
f 1661 1749 1662
f 1662 1749 1750
f 1662 1750 1663
f 1663 1750 1751
f 1663 1751 1664
f 1664 1751 1752
f 1664 1752 1665
f 1665 1752 1753
f 1665 1753 1666
f 1666 1753 1754
f 1666 1754 1667
f 1667 1754 1755
f 1667 1755 1668
f 1668 1755 1756
f 1668 1756 1669
f 1669 1756 1757
f 1669 1757 1670
f 1670 1757 1758
f 1670 1758 1671
f 1671 1758 1759
f 1671 1759 1672
f 1672 1759 1760
f 1672 1760 1673
f 1673 1760 1761
f 1673 1761 1674
f 1674 1761 1762
f 1674 1762 1675
f 1675 1762 1763
f 1675 1763 1676
f 1676 1763 1764
f 1676 1764 1677
f 1677 1764 1765
f 1677 1765 1678
f 1678 1765 1766
f 1678 1766 1679
f 1679 1766 1767
f 1679 1767 1680
f 1680 1767 1768
f 1680 1768 1681
f 1681 1768 1769
f 1681 1769 1682
f 1682 1769 1770
f 1682 1770 1683
f 1683 1770 1771
f 1683 1771 1684
f 1684 1771 1772
f 1684 1772 1685
f 1685 1772 1773
f 1685 1773 1686
f 1686 1773 1774
f 1686 1774 1687
f 1687 1774 1688
f 1687 1688 1601
f 1688 1775 1776
f 1688 1776 1689
f 1689 1776 1777
f 1689 1777 1690
f 1690 1777 1778
f 1690 1778 1691
f 1691 1778 1779
f 1691 1779 1692
f 1692 1779 1780
f 1692 1780 1693
f 1693 1780 1781
f 1693 1781 1694
f 1694 1781 1782
f 1694 1782 1695
f 1695 1782 1783
f 1695 1783 1696
f 1696 1783 1784
f 1696 1784 1697
f 1697 1784 1785
f 1697 1785 1698
f 1698 1785 1786
f 1698 1786 1699
f 1699 1786 1787
f 1699 1787 1700
f 1700 1787 1788
f 1700 1788 1701
f 1701 1788 1789
f 1701 1789 1702
f 1702 1789 1790
f 1702 1790 1703
f 1703 1790 1791
f 1703 1791 1704
f 1704 1791 1792
f 1704 1792 1705
f 1705 1792 1793
f 1705 1793 1706
f 1706 1793 1794
f 1706 1794 1707
f 1707 1794 1795
f 1707 1795 1708
f 1708 1795 1796
f 1708 1796 1709
f 1709 1796 1797
f 1709 1797 1710
f 1710 1797 1798
f 1710 1798 1711
f 1711 1798 1799
f 1711 1799 1712
f 1712 1799 1800
f 1712 1800 1713
f 1713 1800 1801
f 1713 1801 1714
f 1714 1801 1802
f 1714 1802 1715
f 1715 1802 1803
f 1715 1803 1716
f 1716 1803 1804
f 1716 1804 1717
f 1717 1804 1805
f 1717 1805 1718
f 1718 1805 1806
f 1718 1806 1719
f 1719 1806 1807
f 1719 1807 1720
f 1720 1807 1808
f 1720 1808 1721
f 1721 1808 1809
f 1721 1809 1722
f 1722 1809 1810
f 1722 1810 1723
f 1723 1810 1811
f 1723 1811 1724
f 1724 1811 1812
f 1724 1812 1725
f 1725 1812 1813
f 1725 1813 1726
f 1726 1813 1814
f 1726 1814 1727
f 1727 1814 1815
f 1727 1815 1728
f 1728 1815 1816
f 1728 1816 1729
f 1729 1816 1817
f 1729 1817 1730
f 1730 1817 1818
f 1730 1818 1731
f 1731 1818 1819
f 1731 1819 1732
f 1732 1819 1820
f 1732 1820 1733
f 1733 1820 1821
f 1733 1821 1734
f 1734 1821 1822
f 1734 1822 1735
f 1735 1822 1823
f 1735 1823 1736
f 1736 1823 1824
f 1736 1824 1737
f 1737 1824 1825
f 1737 1825 1738
f 1738 1825 1826
f 1738 1826 1739
f 1739 1826 1827
f 1739 1827 1740
f 1740 1827 1828
f 1740 1828 1741
f 1741 1828 1829
f 1741 1829 1742
f 1742 1829 1830
f 1742 1830 1743
f 1743 1830 1831
f 1743 1831 1744
f 1744 1831 1832
f 1744 1832 1745
f 1745 1832 1833
f 1745 1833 1746
f 1746 1833 1834
f 1746 1834 1747
f 1747 1834 1835
f 1747 1835 1748
f 1748 1835 1836
f 1748 1836 1749
f 1749 1836 1837
f 1749 1837 1750
f 1750 1837 1838
f 1750 1838 1751
f 1751 1838 1839
f 1751 1839 1752
f 1752 1839 1840
f 1752 1840 1753
f 1753 1840 1841
f 1753 1841 1754
f 1754 1841 1842
f 1754 1842 1755
f 1755 1842 1843
f 1755 1843 1756
f 1756 1843 1844
f 1756 1844 1757
f 1757 1844 1845
f 1757 1845 1758
f 1758 1845 1846
f 1758 1846 1759
f 1759 1846 1847
f 1759 1847 1760
f 1760 1847 1848
f 1760 1848 1761
f 1761 1848 1849
f 1761 1849 1762
f 1762 1849 1850
f 1762 1850 1763
f 1763 1850 1851
f 1763 1851 1764
f 1764 1851 1852
f 1764 1852 1765
f 1765 1852 1853
f 1765 1853 1766
f 1766 1853 1854
f 1766 1854 1767
f 1767 1854 1855
f 1767 1855 1768
f 1768 1855 1856
f 1768 1856 1769
f 1769 1856 1857
f 1769 1857 1770
f 1770 1857 1858
f 1770 1858 1771
f 1771 1858 1859
f 1771 1859 1772
f 1772 1859 1860
f 1772 1860 1773
f 1773 1860 1861
f 1773 1861 1774
f 1774 1861 1775
f 1774 1775 1688
f 1775 1862 1863
f 1775 1863 1776
f 1776 1863 1864
f 1776 1864 1777
f 1777 1864 1865
f 1777 1865 1778
f 1778 1865 1866
f 1778 1866 1779
f 1779 1866 1867
f 1779 1867 1780
f 1780 1867 1868
f 1780 1868 1781
f 1781 1868 1869
f 1781 1869 1782
f 1782 1869 1870
f 1782 1870 1783
f 1783 1870 1871
f 1783 1871 1784
f 1784 1871 1872
f 1784 1872 1785
f 1785 1872 1873
f 1785 1873 1786
f 1786 1873 1874
f 1786 1874 1787
f 1787 1874 1875
f 1787 1875 1788
f 1788 1875 1876
f 1788 1876 1789
f 1789 1876 1877
f 1789 1877 1790
f 1790 1877 1878
f 1790 1878 1791
f 1791 1878 1879
f 1791 1879 1792
f 1792 1879 1880
f 1792 1880 1793
f 1793 1880 1881
f 1793 1881 1794
f 1794 1881 1882
f 1794 1882 1795
f 1795 1882 1883
f 1795 1883 1796
f 1796 1883 1884
f 1796 1884 1797
f 1797 1884 1885
f 1797 1885 1798
f 1798 1885 1886
f 1798 1886 1799
f 1799 1886 1887
f 1799 1887 1800
f 1800 1887 1888
f 1800 1888 1801
f 1801 1888 1889
f 1801 1889 1802
f 1802 1889 1890
f 1802 1890 1803
f 1803 1890 1891
f 1803 1891 1804
f 1804 1891 1892
f 1804 1892 1805
f 1805 1892 1893
f 1805 1893 1806
f 1806 1893 1894
f 1806 1894 1807
f 1807 1894 1895
f 1807 1895 1808
f 1808 1895 1896
f 1808 1896 1809
f 1809 1896 1897
f 1809 1897 1810
f 1810 1897 1898
f 1810 1898 1811
f 1811 1898 1899
f 1811 1899 1812
f 1812 1899 1900
f 1812 1900 1813
f 1813 1900 1901
f 1813 1901 1814
f 1814 1901 1902
f 1814 1902 1815
f 1815 1902 1903
f 1815 1903 1816
f 1816 1903 1904
f 1816 1904 1817
f 1817 1904 1905
f 1817 1905 1818
f 1818 1905 1906
f 1818 1906 1819
f 1819 1906 1907
f 1819 1907 1820
f 1820 1907 1908
f 1820 1908 1821
f 1821 1908 1909
f 1821 1909 1822
f 1822 1909 1910
f 1822 1910 1823
f 1823 1910 1911
f 1823 1911 1824
f 1824 1911 1912
f 1824 1912 1825
f 1825 1912 1913
f 1825 1913 1826
f 1826 1913 1914
f 1826 1914 1827
f 1827 1914 1915
f 1827 1915 1828
f 1828 1915 1916
f 1828 1916 1829
f 1829 1916 1917
f 1829 1917 1830
f 1830 1917 1918
f 1830 1918 1831
f 1831 1918 1919
f 1831 1919 1832
f 1832 1919 1920
f 1832 1920 1833
f 1833 1920 1921
f 1833 1921 1834
f 1834 1921 1922
f 1834 1922 1835
f 1835 1922 1923
f 1835 1923 1836
f 1836 1923 1924
f 1836 1924 1837
f 1837 1924 1925
f 1837 1925 1838
f 1838 1925 1926
f 1838 1926 1839
f 1839 1926 1927
f 1839 1927 1840
f 1840 1927 1928
f 1840 1928 1841
f 1841 1928 1929
f 1841 1929 1842
f 1842 1929 1930
f 1842 1930 1843
f 1843 1930 1931
f 1843 1931 1844
f 1844 1931 1932
f 1844 1932 1845
f 1845 1932 1933
f 1845 1933 1846
f 1846 1933 1934
f 1846 1934 1847
f 1847 1934 1935
f 1847 1935 1848
f 1848 1935 1936
f 1848 1936 1849
f 1849 1936 1937
f 1849 1937 1850
f 1850 1937 1938
f 1850 1938 1851
f 1851 1938 1939
f 1851 1939 1852
f 1852 1939 1940
f 1852 1940 1853
f 1853 1940 1941
f 1853 1941 1854
f 1854 1941 1942
f 1854 1942 1855
f 1855 1942 1943
f 1855 1943 1856
f 1856 1943 1944
f 1856 1944 1857
f 1857 1944 1945
f 1857 1945 1858
f 1858 1945 1946
f 1858 1946 1859
f 1859 1946 1947
f 1859 1947 1860
f 1860 1947 1948
f 1860 1948 1861
f 1861 1948 1862
f 1861 1862 1775
f 1862 1949 1950
f 1862 1950 1863
f 1863 1950 1951
f 1863 1951 1864
f 1864 1951 1952
f 1864 1952 1865
f 1865 1952 1953
f 1865 1953 1866
f 1866 1953 1954
f 1866 1954 1867
f 1867 1954 1955
f 1867 1955 1868
f 1868 1955 1956
f 1868 1956 1869
f 1869 1956 1957
f 1869 1957 1870
f 1870 1957 1958
f 1870 1958 1871
f 1871 1958 1959
f 1871 1959 1872
f 1872 1959 1960
f 1872 1960 1873
f 1873 1960 1961
f 1873 1961 1874
f 1874 1961 1962
f 1874 1962 1875
f 1875 1962 1963
f 1875 1963 1876
f 1876 1963 1964
f 1876 1964 1877
f 1877 1964 1965
f 1877 1965 1878
f 1878 1965 1966
f 1878 1966 1879
f 1879 1966 1967
f 1879 1967 1880
f 1880 1967 1968
f 1880 1968 1881
f 1881 1968 1969
f 1881 1969 1882
f 1882 1969 1970
f 1882 1970 1883
f 1883 1970 1971
f 1883 1971 1884
f 1884 1971 1972
f 1884 1972 1885
f 1885 1972 1973
f 1885 1973 1886
f 1886 1973 1974
f 1886 1974 1887
f 1887 1974 1975
f 1887 1975 1888
f 1888 1975 1976
f 1888 1976 1889
f 1889 1976 1977
f 1889 1977 1890
f 1890 1977 1978
f 1890 1978 1891
f 1891 1978 1979
f 1891 1979 1892
f 1892 1979 1980
f 1892 1980 1893
f 1893 1980 1981
f 1893 1981 1894
f 1894 1981 1982
f 1894 1982 1895
f 1895 1982 1983
f 1895 1983 1896
f 1896 1983 1984
f 1896 1984 1897
f 1897 1984 1985
f 1897 1985 1898
f 1898 1985 1986
f 1898 1986 1899
f 1899 1986 1987
f 1899 1987 1900
f 1900 1987 1988
f 1900 1988 1901
f 1901 1988 1989
f 1901 1989 1902
f 1902 1989 1990
f 1902 1990 1903
f 1903 1990 1991
f 1903 1991 1904
f 1904 1991 1992
f 1904 1992 1905
f 1905 1992 1993
f 1905 1993 1906
f 1906 1993 1994
f 1906 1994 1907
f 1907 1994 1995
f 1907 1995 1908
f 1908 1995 1996
f 1908 1996 1909
f 1909 1996 1997
f 1909 1997 1910
f 1910 1997 1998
f 1910 1998 1911
f 1911 1998 1999
f 1911 1999 1912
f 1912 1999 2000
f 1912 2000 1913
f 1913 2000 2001
f 1913 2001 1914
f 1914 2001 2002
f 1914 2002 1915
f 1915 2002 2003
f 1915 2003 1916
f 1916 2003 2004
f 1916 2004 1917
f 1917 2004 2005
f 1917 2005 1918
f 1918 2005 2006
f 1918 2006 1919
f 1919 2006 2007
f 1919 2007 1920
f 1920 2007 2008
f 1920 2008 1921
f 1921 2008 2009
f 1921 2009 1922
f 1922 2009 2010
f 1922 2010 1923
f 1923 2010 2011
f 1923 2011 1924
f 1924 2011 2012
f 1924 2012 1925
f 1925 2012 2013
f 1925 2013 1926
f 1926 2013 2014
f 1926 2014 1927
f 1927 2014 2015
f 1927 2015 1928
f 1928 2015 2016
f 1928 2016 1929
f 1929 2016 2017
f 1929 2017 1930
f 1930 2017 2018
f 1930 2018 1931
f 1931 2018 2019
f 1931 2019 1932
f 1932 2019 2020
f 1932 2020 1933
f 1933 2020 2021
f 1933 2021 1934
f 1934 2021 2022
f 1934 2022 1935
f 1935 2022 2023
f 1935 2023 1936
f 1936 2023 2024
f 1936 2024 1937
f 1937 2024 2025
f 1937 2025 1938
f 1938 2025 2026
f 1938 2026 1939
f 1939 2026 2027
f 1939 2027 1940
f 1940 2027 2028
f 1940 2028 1941
f 1941 2028 2029
f 1941 2029 1942
f 1942 2029 2030
f 1942 2030 1943
f 1943 2030 2031
f 1943 2031 1944
f 1944 2031 2032
f 1944 2032 1945
f 1945 2032 2033
f 1945 2033 1946
f 1946 2033 2034
f 1946 2034 1947
f 1947 2034 2035
f 1947 2035 1948
f 1948 2035 1949
f 1948 1949 1862
f 1949 2036 2037
f 1949 2037 1950
f 1950 2037 2038
f 1950 2038 1951
f 1951 2038 2039
f 1951 2039 1952
f 1952 2039 2040
f 1952 2040 1953
f 1953 2040 2041
f 1953 2041 1954
f 1954 2041 2042
f 1954 2042 1955
f 1955 2042 2043
f 1955 2043 1956
f 1956 2043 2044
f 1956 2044 1957
f 1957 2044 2045
f 1957 2045 1958
f 1958 2045 2046
f 1958 2046 1959
f 1959 2046 2047
f 1959 2047 1960
f 1960 2047 2048
f 1960 2048 1961
f 1961 2048 2049
f 1961 2049 1962
f 1962 2049 2050
f 1962 2050 1963
f 1963 2050 2051
f 1963 2051 1964
f 1964 2051 2052
f 1964 2052 1965
f 1965 2052 2053
f 1965 2053 1966
f 1966 2053 2054
f 1966 2054 1967
f 1967 2054 2055
f 1967 2055 1968
f 1968 2055 2056
f 1968 2056 1969
f 1969 2056 2057
f 1969 2057 1970
f 1970 2057 2058
f 1970 2058 1971
f 1971 2058 2059
f 1971 2059 1972
f 1972 2059 2060
f 1972 2060 1973
f 1973 2060 2061
f 1973 2061 1974
f 1974 2061 2062
f 1974 2062 1975
f 1975 2062 2063
f 1975 2063 1976
f 1976 2063 2064
f 1976 2064 1977
f 1977 2064 2065
f 1977 2065 1978
f 1978 2065 2066
f 1978 2066 1979
f 1979 2066 2067
f 1979 2067 1980
f 1980 2067 2068
f 1980 2068 1981
f 1981 2068 2069
f 1981 2069 1982
f 1982 2069 2070
f 1982 2070 1983
f 1983 2070 2071
f 1983 2071 1984
f 1984 2071 2072
f 1984 2072 1985
f 1985 2072 2073
f 1985 2073 1986
f 1986 2073 2074
f 1986 2074 1987
f 1987 2074 2075
f 1987 2075 1988
f 1988 2075 2076
f 1988 2076 1989
f 1989 2076 2077
f 1989 2077 1990
f 1990 2077 2078
f 1990 2078 1991
f 1991 2078 2079
f 1991 2079 1992
f 1992 2079 2080
f 1992 2080 1993
f 1993 2080 2081
f 1993 2081 1994
f 1994 2081 2082
f 1994 2082 1995
f 1995 2082 2083
f 1995 2083 1996
f 1996 2083 2084
f 1996 2084 1997
f 1997 2084 2085
f 1997 2085 1998
f 1998 2085 2086
f 1998 2086 1999
f 1999 2086 2087
f 1999 2087 2000
f 2000 2087 2088
f 2000 2088 2001
f 2001 2088 2089
f 2001 2089 2002
f 2002 2089 2090
f 2002 2090 2003
f 2003 2090 2091
f 2003 2091 2004
f 2004 2091 2092
f 2004 2092 2005
f 2005 2092 2093
f 2005 2093 2006
f 2006 2093 2094
f 2006 2094 2007
f 2007 2094 2095
f 2007 2095 2008
f 2008 2095 2096
f 2008 2096 2009
f 2009 2096 2097
f 2009 2097 2010
f 2010 2097 2098
f 2010 2098 2011
f 2011 2098 2099
f 2011 2099 2012
f 2012 2099 2100
f 2012 2100 2013
f 2013 2100 2101
f 2013 2101 2014
f 2014 2101 2102
f 2014 2102 2015
f 2015 2102 2103
f 2015 2103 2016
f 2016 2103 2104
f 2016 2104 2017
f 2017 2104 2105
f 2017 2105 2018
f 2018 2105 2106
f 2018 2106 2019
f 2019 2106 2107
f 2019 2107 2020
f 2020 2107 2108
f 2020 2108 2021
f 2021 2108 2109
f 2021 2109 2022
f 2022 2109 2110
f 2022 2110 2023
f 2023 2110 2111
f 2023 2111 2024
f 2024 2111 2112
f 2024 2112 2025
f 2025 2112 2113
f 2025 2113 2026
f 2026 2113 2114
f 2026 2114 2027
f 2027 2114 2115
f 2027 2115 2028
f 2028 2115 2116
f 2028 2116 2029
f 2029 2116 2117
f 2029 2117 2030
f 2030 2117 2118
f 2030 2118 2031
f 2031 2118 2119
f 2031 2119 2032
f 2032 2119 2120
f 2032 2120 2033
f 2033 2120 2121
f 2033 2121 2034
f 2034 2121 2122
f 2034 2122 2035
f 2035 2122 2036
f 2035 2036 1949
f 2036 2123 2124
f 2036 2124 2037
f 2037 2124 2125
f 2037 2125 2038
f 2038 2125 2126
f 2038 2126 2039
f 2039 2126 2127
f 2039 2127 2040
f 2040 2127 2128
f 2040 2128 2041
f 2041 2128 2129
f 2041 2129 2042
f 2042 2129 2130
f 2042 2130 2043
f 2043 2130 2131
f 2043 2131 2044
f 2044 2131 2132
f 2044 2132 2045
f 2045 2132 2133
f 2045 2133 2046
f 2046 2133 2134
f 2046 2134 2047
f 2047 2134 2135
f 2047 2135 2048
f 2048 2135 2136
f 2048 2136 2049
f 2049 2136 2137
f 2049 2137 2050
f 2050 2137 2138
f 2050 2138 2051
f 2051 2138 2139
f 2051 2139 2052
f 2052 2139 2140
f 2052 2140 2053
f 2053 2140 2141
f 2053 2141 2054
f 2054 2141 2142
f 2054 2142 2055
f 2055 2142 2143
f 2055 2143 2056
f 2056 2143 2144
f 2056 2144 2057
f 2057 2144 2145
f 2057 2145 2058
f 2058 2145 2146
f 2058 2146 2059
f 2059 2146 2147
f 2059 2147 2060
f 2060 2147 2148
f 2060 2148 2061
f 2061 2148 2149
f 2061 2149 2062
f 2062 2149 2150
f 2062 2150 2063
f 2063 2150 2151
f 2063 2151 2064
f 2064 2151 2152
f 2064 2152 2065
f 2065 2152 2153
f 2065 2153 2066
f 2066 2153 2154
f 2066 2154 2067
f 2067 2154 2155
f 2067 2155 2068
f 2068 2155 2156
f 2068 2156 2069
f 2069 2156 2157
f 2069 2157 2070
f 2070 2157 2158
f 2070 2158 2071
f 2071 2158 2159
f 2071 2159 2072
f 2072 2159 2160
f 2072 2160 2073
f 2073 2160 2161
f 2073 2161 2074
f 2074 2161 2162
f 2074 2162 2075
f 2075 2162 2163
f 2075 2163 2076
f 2076 2163 2164
f 2076 2164 2077
f 2077 2164 2165
f 2077 2165 2078
f 2078 2165 2166
f 2078 2166 2079
f 2079 2166 2167
f 2079 2167 2080
f 2080 2167 2168
f 2080 2168 2081
f 2081 2168 2169
f 2081 2169 2082
f 2082 2169 2170
f 2082 2170 2083
f 2083 2170 2171
f 2083 2171 2084
f 2084 2171 2172
f 2084 2172 2085
f 2085 2172 2173
f 2085 2173 2086
f 2086 2173 2174
f 2086 2174 2087
f 2087 2174 2175
f 2087 2175 2088
f 2088 2175 2176
f 2088 2176 2089
f 2089 2176 2177
f 2089 2177 2090
f 2090 2177 2178
f 2090 2178 2091
f 2091 2178 2179
f 2091 2179 2092
f 2092 2179 2180
f 2092 2180 2093
f 2093 2180 2181
f 2093 2181 2094
f 2094 2181 2182
f 2094 2182 2095
f 2095 2182 2183
f 2095 2183 2096
f 2096 2183 2184
f 2096 2184 2097
f 2097 2184 2185
f 2097 2185 2098
f 2098 2185 2186
f 2098 2186 2099
f 2099 2186 2187
f 2099 2187 2100
f 2100 2187 2188
f 2100 2188 2101
f 2101 2188 2189
f 2101 2189 2102
f 2102 2189 2190
f 2102 2190 2103
f 2103 2190 2191
f 2103 2191 2104
f 2104 2191 2192
f 2104 2192 2105
f 2105 2192 2193
f 2105 2193 2106
f 2106 2193 2194
f 2106 2194 2107
f 2107 2194 2195
f 2107 2195 2108
f 2108 2195 2196
f 2108 2196 2109
f 2109 2196 2197
f 2109 2197 2110
f 2110 2197 2198
f 2110 2198 2111
f 2111 2198 2199
f 2111 2199 2112
f 2112 2199 2200
f 2112 2200 2113
f 2113 2200 2201
f 2113 2201 2114
f 2114 2201 2202
f 2114 2202 2115
f 2115 2202 2203
f 2115 2203 2116
f 2116 2203 2204
f 2116 2204 2117
f 2117 2204 2205
f 2117 2205 2118
f 2118 2205 2206
f 2118 2206 2119
f 2119 2206 2207
f 2119 2207 2120
f 2120 2207 2208
f 2120 2208 2121
f 2121 2208 2209
f 2121 2209 2122
f 2122 2209 2123
f 2122 2123 2036
f 2123 2210 2211
f 2123 2211 2124
f 2124 2211 2212
f 2124 2212 2125
f 2125 2212 2213
f 2125 2213 2126
f 2126 2213 2214
f 2126 2214 2127
f 2127 2214 2215
f 2127 2215 2128
f 2128 2215 2216
f 2128 2216 2129
f 2129 2216 2217
f 2129 2217 2130
f 2130 2217 2218
f 2130 2218 2131
f 2131 2218 2219
f 2131 2219 2132
f 2132 2219 2220
f 2132 2220 2133
f 2133 2220 2221
f 2133 2221 2134
f 2134 2221 2222
f 2134 2222 2135
f 2135 2222 2223
f 2135 2223 2136
f 2136 2223 2224
f 2136 2224 2137
f 2137 2224 2225
f 2137 2225 2138
f 2138 2225 2226
f 2138 2226 2139
f 2139 2226 2227
f 2139 2227 2140
f 2140 2227 2228
f 2140 2228 2141
f 2141 2228 2229
f 2141 2229 2142
f 2142 2229 2230
f 2142 2230 2143
f 2143 2230 2231
f 2143 2231 2144
f 2144 2231 2232
f 2144 2232 2145
f 2145 2232 2233
f 2145 2233 2146
f 2146 2233 2234
f 2146 2234 2147
f 2147 2234 2235
f 2147 2235 2148
f 2148 2235 2236
f 2148 2236 2149
f 2149 2236 2237
f 2149 2237 2150
f 2150 2237 2238
f 2150 2238 2151
f 2151 2238 2239
f 2151 2239 2152
f 2152 2239 2240
f 2152 2240 2153
f 2153 2240 2241
f 2153 2241 2154
f 2154 2241 2242
f 2154 2242 2155
f 2155 2242 2243
f 2155 2243 2156
f 2156 2243 2244
f 2156 2244 2157
f 2157 2244 2245
f 2157 2245 2158
f 2158 2245 2246
f 2158 2246 2159
f 2159 2246 2247
f 2159 2247 2160
f 2160 2247 2248
f 2160 2248 2161
f 2161 2248 2249
f 2161 2249 2162
f 2162 2249 2250
f 2162 2250 2163
f 2163 2250 2251
f 2163 2251 2164
f 2164 2251 2252
f 2164 2252 2165
f 2165 2252 2253
f 2165 2253 2166
f 2166 2253 2254
f 2166 2254 2167
f 2167 2254 2255
f 2167 2255 2168
f 2168 2255 2256
f 2168 2256 2169
f 2169 2256 2257
f 2169 2257 2170
f 2170 2257 2258
f 2170 2258 2171
f 2171 2258 2259
f 2171 2259 2172
f 2172 2259 2260
f 2172 2260 2173
f 2173 2260 2261
f 2173 2261 2174
f 2174 2261 2262
f 2174 2262 2175
f 2175 2262 2263
f 2175 2263 2176
f 2176 2263 2264
f 2176 2264 2177
f 2177 2264 2265
f 2177 2265 2178
f 2178 2265 2266
f 2178 2266 2179
f 2179 2266 2267
f 2179 2267 2180
f 2180 2267 2268
f 2180 2268 2181
f 2181 2268 2269
f 2181 2269 2182
f 2182 2269 2270
f 2182 2270 2183
f 2183 2270 2271
f 2183 2271 2184
f 2184 2271 2272
f 2184 2272 2185
f 2185 2272 2273
f 2185 2273 2186
f 2186 2273 2274
f 2186 2274 2187
f 2187 2274 2275
f 2187 2275 2188
f 2188 2275 2276
f 2188 2276 2189
f 2189 2276 2277
f 2189 2277 2190
f 2190 2277 2278
f 2190 2278 2191
f 2191 2278 2279
f 2191 2279 2192
f 2192 2279 2280
f 2192 2280 2193
f 2193 2280 2281
f 2193 2281 2194
f 2194 2281 2282
f 2194 2282 2195
f 2195 2282 2283
f 2195 2283 2196
f 2196 2283 2284
f 2196 2284 2197
f 2197 2284 2285
f 2197 2285 2198
f 2198 2285 2286
f 2198 2286 2199
f 2199 2286 2287
f 2199 2287 2200
f 2200 2287 2288
f 2200 2288 2201
f 2201 2288 2289
f 2201 2289 2202
f 2202 2289 2290
f 2202 2290 2203
f 2203 2290 2291
f 2203 2291 2204
f 2204 2291 2292
f 2204 2292 2205
f 2205 2292 2293
f 2205 2293 2206
f 2206 2293 2294
f 2206 2294 2207
f 2207 2294 2295
f 2207 2295 2208
f 2208 2295 2296
f 2208 2296 2209
f 2209 2296 2210
f 2209 2210 2123
f 2210 2297 2298
f 2210 2298 2211
f 2211 2298 2299
f 2211 2299 2212
f 2212 2299 2300
f 2212 2300 2213
f 2213 2300 2301
f 2213 2301 2214
f 2214 2301 2302
f 2214 2302 2215
f 2215 2302 2303
f 2215 2303 2216
f 2216 2303 2304
f 2216 2304 2217
f 2217 2304 2305
f 2217 2305 2218
f 2218 2305 2306
f 2218 2306 2219
f 2219 2306 2307
f 2219 2307 2220
f 2220 2307 2308
f 2220 2308 2221
f 2221 2308 2309
f 2221 2309 2222
f 2222 2309 2310
f 2222 2310 2223
f 2223 2310 2311
f 2223 2311 2224
f 2224 2311 2312
f 2224 2312 2225
f 2225 2312 2313
f 2225 2313 2226
f 2226 2313 2314
f 2226 2314 2227
f 2227 2314 2315
f 2227 2315 2228
f 2228 2315 2316
f 2228 2316 2229
f 2229 2316 2317
f 2229 2317 2230
f 2230 2317 2318
f 2230 2318 2231
f 2231 2318 2319
f 2231 2319 2232
f 2232 2319 2320
f 2232 2320 2233
f 2233 2320 2321
f 2233 2321 2234
f 2234 2321 2322
f 2234 2322 2235
f 2235 2322 2323
f 2235 2323 2236
f 2236 2323 2324
f 2236 2324 2237
f 2237 2324 2325
f 2237 2325 2238
f 2238 2325 2326
f 2238 2326 2239
f 2239 2326 2327
f 2239 2327 2240
f 2240 2327 2328
f 2240 2328 2241
f 2241 2328 2329
f 2241 2329 2242
f 2242 2329 2330
f 2242 2330 2243
f 2243 2330 2331
f 2243 2331 2244
f 2244 2331 2332
f 2244 2332 2245
f 2245 2332 2333
f 2245 2333 2246
f 2246 2333 2334
f 2246 2334 2247
f 2247 2334 2335
f 2247 2335 2248
f 2248 2335 2336
f 2248 2336 2249
f 2249 2336 2337
f 2249 2337 2250
f 2250 2337 2338
f 2250 2338 2251
f 2251 2338 2339
f 2251 2339 2252
f 2252 2339 2340
f 2252 2340 2253
f 2253 2340 2341
f 2253 2341 2254
f 2254 2341 2342
f 2254 2342 2255
f 2255 2342 2343
f 2255 2343 2256
f 2256 2343 2344
f 2256 2344 2257
f 2257 2344 2345
f 2257 2345 2258
f 2258 2345 2346
f 2258 2346 2259
f 2259 2346 2347
f 2259 2347 2260
f 2260 2347 2348
f 2260 2348 2261
f 2261 2348 2349
f 2261 2349 2262
f 2262 2349 2350
f 2262 2350 2263
f 2263 2350 2351
f 2263 2351 2264
f 2264 2351 2352
f 2264 2352 2265
f 2265 2352 2353
f 2265 2353 2266
f 2266 2353 2354
f 2266 2354 2267
f 2267 2354 2355
f 2267 2355 2268
f 2268 2355 2356
f 2268 2356 2269
f 2269 2356 2357
f 2269 2357 2270
f 2270 2357 2358
f 2270 2358 2271
f 2271 2358 2359
f 2271 2359 2272
f 2272 2359 2360
f 2272 2360 2273
f 2273 2360 2361
f 2273 2361 2274
f 2274 2361 2362
f 2274 2362 2275
f 2275 2362 2363
f 2275 2363 2276
f 2276 2363 2364
f 2276 2364 2277
f 2277 2364 2365
f 2277 2365 2278
f 2278 2365 2366
f 2278 2366 2279
f 2279 2366 2367
f 2279 2367 2280
f 2280 2367 2368
f 2280 2368 2281
f 2281 2368 2369
f 2281 2369 2282
f 2282 2369 2370
f 2282 2370 2283
f 2283 2370 2371
f 2283 2371 2284
f 2284 2371 2372
f 2284 2372 2285
f 2285 2372 2373
f 2285 2373 2286
f 2286 2373 2374
f 2286 2374 2287
f 2287 2374 2375
f 2287 2375 2288
f 2288 2375 2376
f 2288 2376 2289
f 2289 2376 2377
f 2289 2377 2290
f 2290 2377 2378
f 2290 2378 2291
f 2291 2378 2379
f 2291 2379 2292
f 2292 2379 2380
f 2292 2380 2293
f 2293 2380 2381
f 2293 2381 2294
f 2294 2381 2382
f 2294 2382 2295
f 2295 2382 2383
f 2295 2383 2296
f 2296 2383 2297
f 2296 2297 2210
f 2297 2384 2385
f 2297 2385 2298
f 2298 2385 2386
f 2298 2386 2299
f 2299 2386 2387
f 2299 2387 2300
f 2300 2387 2388
f 2300 2388 2301
f 2301 2388 2389
f 2301 2389 2302
f 2302 2389 2390
f 2302 2390 2303
f 2303 2390 2391
f 2303 2391 2304
f 2304 2391 2392
f 2304 2392 2305
f 2305 2392 2393
f 2305 2393 2306
f 2306 2393 2394
f 2306 2394 2307
f 2307 2394 2395
f 2307 2395 2308
f 2308 2395 2396
f 2308 2396 2309
f 2309 2396 2397
f 2309 2397 2310
f 2310 2397 2398
f 2310 2398 2311
f 2311 2398 2399
f 2311 2399 2312
f 2312 2399 2400
f 2312 2400 2313
f 2313 2400 2401
f 2313 2401 2314
f 2314 2401 2402
f 2314 2402 2315
f 2315 2402 2403
f 2315 2403 2316
f 2316 2403 2404
f 2316 2404 2317
f 2317 2404 2405
f 2317 2405 2318
f 2318 2405 2406
f 2318 2406 2319
f 2319 2406 2407
f 2319 2407 2320
f 2320 2407 2408
f 2320 2408 2321
f 2321 2408 2409
f 2321 2409 2322
f 2322 2409 2410
f 2322 2410 2323
f 2323 2410 2411
f 2323 2411 2324
f 2324 2411 2412
f 2324 2412 2325
f 2325 2412 2413
f 2325 2413 2326
f 2326 2413 2414
f 2326 2414 2327
f 2327 2414 2415
f 2327 2415 2328
f 2328 2415 2416
f 2328 2416 2329
f 2329 2416 2417
f 2329 2417 2330
f 2330 2417 2418
f 2330 2418 2331
f 2331 2418 2419
f 2331 2419 2332
f 2332 2419 2420
f 2332 2420 2333
f 2333 2420 2421
f 2333 2421 2334
f 2334 2421 2422
f 2334 2422 2335
f 2335 2422 2423
f 2335 2423 2336
f 2336 2423 2424
f 2336 2424 2337
f 2337 2424 2425
f 2337 2425 2338
f 2338 2425 2426
f 2338 2426 2339
f 2339 2426 2427
f 2339 2427 2340
f 2340 2427 2428
f 2340 2428 2341
f 2341 2428 2429
f 2341 2429 2342
f 2342 2429 2430
f 2342 2430 2343
f 2343 2430 2431
f 2343 2431 2344
f 2344 2431 2432
f 2344 2432 2345
f 2345 2432 2433
f 2345 2433 2346
f 2346 2433 2434
f 2346 2434 2347
f 2347 2434 2435
f 2347 2435 2348
f 2348 2435 2436
f 2348 2436 2349
f 2349 2436 2437
f 2349 2437 2350
f 2350 2437 2438
f 2350 2438 2351
f 2351 2438 2439
f 2351 2439 2352
f 2352 2439 2440
f 2352 2440 2353
f 2353 2440 2441
f 2353 2441 2354
f 2354 2441 2442
f 2354 2442 2355
f 2355 2442 2443
f 2355 2443 2356
f 2356 2443 2444
f 2356 2444 2357
f 2357 2444 2445
f 2357 2445 2358
f 2358 2445 2446
f 2358 2446 2359
f 2359 2446 2447
f 2359 2447 2360
f 2360 2447 2448
f 2360 2448 2361
f 2361 2448 2449
f 2361 2449 2362
f 2362 2449 2450
f 2362 2450 2363
f 2363 2450 2451
f 2363 2451 2364
f 2364 2451 2452
f 2364 2452 2365
f 2365 2452 2453
f 2365 2453 2366
f 2366 2453 2454
f 2366 2454 2367
f 2367 2454 2455
f 2367 2455 2368
f 2368 2455 2456
f 2368 2456 2369
f 2369 2456 2457
f 2369 2457 2370
f 2370 2457 2458
f 2370 2458 2371
f 2371 2458 2459
f 2371 2459 2372
f 2372 2459 2460
f 2372 2460 2373
f 2373 2460 2461
f 2373 2461 2374
f 2374 2461 2462
f 2374 2462 2375
f 2375 2462 2463
f 2375 2463 2376
f 2376 2463 2464
f 2376 2464 2377
f 2377 2464 2465
f 2377 2465 2378
f 2378 2465 2466
f 2378 2466 2379
f 2379 2466 2467
f 2379 2467 2380
f 2380 2467 2468
f 2380 2468 2381
f 2381 2468 2469
f 2381 2469 2382
f 2382 2469 2470
f 2382 2470 2383
f 2383 2470 2384
f 2383 2384 2297
f 2384 2471 2472
f 2384 2472 2385
f 2385 2472 2473
f 2385 2473 2386
f 2386 2473 2474
f 2386 2474 2387
f 2387 2474 2475
f 2387 2475 2388
f 2388 2475 2476
f 2388 2476 2389
f 2389 2476 2477
f 2389 2477 2390
f 2390 2477 2478
f 2390 2478 2391
f 2391 2478 2479
f 2391 2479 2392
f 2392 2479 2480
f 2392 2480 2393
f 2393 2480 2481
f 2393 2481 2394
f 2394 2481 2482
f 2394 2482 2395
f 2395 2482 2483
f 2395 2483 2396
f 2396 2483 2484
f 2396 2484 2397
f 2397 2484 2485
f 2397 2485 2398
f 2398 2485 2486
f 2398 2486 2399
f 2399 2486 2487
f 2399 2487 2400
f 2400 2487 2488
f 2400 2488 2401
f 2401 2488 2489
f 2401 2489 2402
f 2402 2489 2490
f 2402 2490 2403
f 2403 2490 2491
f 2403 2491 2404
f 2404 2491 2492
f 2404 2492 2405
f 2405 2492 2493
f 2405 2493 2406
f 2406 2493 2494
f 2406 2494 2407
f 2407 2494 2495
f 2407 2495 2408
f 2408 2495 2496
f 2408 2496 2409
f 2409 2496 2497
f 2409 2497 2410
f 2410 2497 2498
f 2410 2498 2411
f 2411 2498 2499
f 2411 2499 2412
f 2412 2499 2500
f 2412 2500 2413
f 2413 2500 2501
f 2413 2501 2414
f 2414 2501 2502
f 2414 2502 2415
f 2415 2502 2503
f 2415 2503 2416
f 2416 2503 2504
f 2416 2504 2417
f 2417 2504 2505
f 2417 2505 2418
f 2418 2505 2506
f 2418 2506 2419
f 2419 2506 2507
f 2419 2507 2420
f 2420 2507 2508
f 2420 2508 2421
f 2421 2508 2509
f 2421 2509 2422
f 2422 2509 2510
f 2422 2510 2423
f 2423 2510 2511
f 2423 2511 2424
f 2424 2511 2512
f 2424 2512 2425
f 2425 2512 2513
f 2425 2513 2426
f 2426 2513 2514
f 2426 2514 2427
f 2427 2514 2515
f 2427 2515 2428
f 2428 2515 2516
f 2428 2516 2429
f 2429 2516 2517
f 2429 2517 2430
f 2430 2517 2518
f 2430 2518 2431
f 2431 2518 2519
f 2431 2519 2432
f 2432 2519 2520
f 2432 2520 2433
f 2433 2520 2521
f 2433 2521 2434
f 2434 2521 2522
f 2434 2522 2435
f 2435 2522 2523
f 2435 2523 2436
f 2436 2523 2524
f 2436 2524 2437
f 2437 2524 2525
f 2437 2525 2438
f 2438 2525 2526
f 2438 2526 2439
f 2439 2526 2527
f 2439 2527 2440
f 2440 2527 2528
f 2440 2528 2441
f 2441 2528 2529
f 2441 2529 2442
f 2442 2529 2530
f 2442 2530 2443
f 2443 2530 2531
f 2443 2531 2444
f 2444 2531 2532
f 2444 2532 2445
f 2445 2532 2533
f 2445 2533 2446
f 2446 2533 2534
f 2446 2534 2447
f 2447 2534 2535
f 2447 2535 2448
f 2448 2535 2536
f 2448 2536 2449
f 2449 2536 2537
f 2449 2537 2450
f 2450 2537 2538
f 2450 2538 2451
f 2451 2538 2539
f 2451 2539 2452
f 2452 2539 2540
f 2452 2540 2453
f 2453 2540 2541
f 2453 2541 2454
f 2454 2541 2542
f 2454 2542 2455
f 2455 2542 2543
f 2455 2543 2456
f 2456 2543 2544
f 2456 2544 2457
f 2457 2544 2545
f 2457 2545 2458
f 2458 2545 2546
f 2458 2546 2459
f 2459 2546 2547
f 2459 2547 2460
f 2460 2547 2548
f 2460 2548 2461
f 2461 2548 2549
f 2461 2549 2462
f 2462 2549 2550
f 2462 2550 2463
f 2463 2550 2551
f 2463 2551 2464
f 2464 2551 2552
f 2464 2552 2465
f 2465 2552 2553
f 2465 2553 2466
f 2466 2553 2554
f 2466 2554 2467
f 2467 2554 2555
f 2467 2555 2468
f 2468 2555 2556
f 2468 2556 2469
f 2469 2556 2557
f 2469 2557 2470
f 2470 2557 2471
f 2470 2471 2384
f 2471 2558 2559
f 2471 2559 2472
f 2472 2559 2560
f 2472 2560 2473
f 2473 2560 2561
f 2473 2561 2474
f 2474 2561 2562
f 2474 2562 2475
f 2475 2562 2563
f 2475 2563 2476
f 2476 2563 2564
f 2476 2564 2477
f 2477 2564 2565
f 2477 2565 2478
f 2478 2565 2566
f 2478 2566 2479
f 2479 2566 2567
f 2479 2567 2480
f 2480 2567 2568
f 2480 2568 2481
f 2481 2568 2569
f 2481 2569 2482
f 2482 2569 2570
f 2482 2570 2483
f 2483 2570 2571
f 2483 2571 2484
f 2484 2571 2572
f 2484 2572 2485
f 2485 2572 2573
f 2485 2573 2486
f 2486 2573 2574
f 2486 2574 2487
f 2487 2574 2575
f 2487 2575 2488
f 2488 2575 2576
f 2488 2576 2489
f 2489 2576 2577
f 2489 2577 2490
f 2490 2577 2578
f 2490 2578 2491
f 2491 2578 2579
f 2491 2579 2492
f 2492 2579 2580
f 2492 2580 2493
f 2493 2580 2581
f 2493 2581 2494
f 2494 2581 2582
f 2494 2582 2495
f 2495 2582 2583
f 2495 2583 2496
f 2496 2583 2584
f 2496 2584 2497
f 2497 2584 2585
f 2497 2585 2498
f 2498 2585 2586
f 2498 2586 2499
f 2499 2586 2587
f 2499 2587 2500
f 2500 2587 2588
f 2500 2588 2501
f 2501 2588 2589
f 2501 2589 2502
f 2502 2589 2590
f 2502 2590 2503
f 2503 2590 2591
f 2503 2591 2504
f 2504 2591 2592
f 2504 2592 2505
f 2505 2592 2593
f 2505 2593 2506
f 2506 2593 2594
f 2506 2594 2507
f 2507 2594 2595
f 2507 2595 2508
f 2508 2595 2596
f 2508 2596 2509
f 2509 2596 2597
f 2509 2597 2510
f 2510 2597 2598
f 2510 2598 2511
f 2511 2598 2599
f 2511 2599 2512
f 2512 2599 2600
f 2512 2600 2513
f 2513 2600 2601
f 2513 2601 2514
f 2514 2601 2602
f 2514 2602 2515
f 2515 2602 2603
f 2515 2603 2516
f 2516 2603 2604
f 2516 2604 2517
f 2517 2604 2605
f 2517 2605 2518
f 2518 2605 2606
f 2518 2606 2519
f 2519 2606 2607
f 2519 2607 2520
f 2520 2607 2608
f 2520 2608 2521
f 2521 2608 2609
f 2521 2609 2522
f 2522 2609 2610
f 2522 2610 2523
f 2523 2610 2611
f 2523 2611 2524
f 2524 2611 2612
f 2524 2612 2525
f 2525 2612 2613
f 2525 2613 2526
f 2526 2613 2614
f 2526 2614 2527
f 2527 2614 2615
f 2527 2615 2528
f 2528 2615 2616
f 2528 2616 2529
f 2529 2616 2617
f 2529 2617 2530
f 2530 2617 2618
f 2530 2618 2531
f 2531 2618 2619
f 2531 2619 2532
f 2532 2619 2620
f 2532 2620 2533
f 2533 2620 2621
f 2533 2621 2534
f 2534 2621 2622
f 2534 2622 2535
f 2535 2622 2623
f 2535 2623 2536
f 2536 2623 2624
f 2536 2624 2537
f 2537 2624 2625
f 2537 2625 2538
f 2538 2625 2626
f 2538 2626 2539
f 2539 2626 2627
f 2539 2627 2540
f 2540 2627 2628
f 2540 2628 2541
f 2541 2628 2629
f 2541 2629 2542
f 2542 2629 2630
f 2542 2630 2543
f 2543 2630 2631
f 2543 2631 2544
f 2544 2631 2632
f 2544 2632 2545
f 2545 2632 2633
f 2545 2633 2546
f 2546 2633 2634
f 2546 2634 2547
f 2547 2634 2635
f 2547 2635 2548
f 2548 2635 2636
f 2548 2636 2549
f 2549 2636 2637
f 2549 2637 2550
f 2550 2637 2638
f 2550 2638 2551
f 2551 2638 2639
f 2551 2639 2552
f 2552 2639 2640
f 2552 2640 2553
f 2553 2640 2641
f 2553 2641 2554
f 2554 2641 2642
f 2554 2642 2555
f 2555 2642 2643
f 2555 2643 2556
f 2556 2643 2644
f 2556 2644 2557
f 2557 2644 2558
f 2557 2558 2471
f 4279 4338 4339
f 4279 4339 4280
f 4280 4339 4340
f 4280 4340 4281
f 4281 4340 4341
f 4281 4341 4282
f 4282 4341 4342
f 4282 4342 4283
f 4283 4342 4343
f 4283 4343 4284
f 4284 4343 4344
f 4284 4344 4285
f 4285 4344 4345
f 4285 4345 4286
f 4286 4345 4346
f 4286 4346 4287
f 4287 4346 4347
f 4287 4347 4288
f 4288 4347 4348
f 4288 4348 4289
f 4289 4348 4349
f 4289 4349 4290
f 4290 4349 4350
f 4290 4350 4291
f 4291 4350 4351
f 4291 4351 4292
f 4292 4351 4352
f 4292 4352 4293
f 4293 4352 4353
f 4293 4353 4294
f 4294 4353 4354
f 4294 4354 4295
f 4295 4354 4355
f 4295 4355 4296
f 4296 4355 4356
f 4296 4356 4297
f 4297 4356 4357
f 4297 4357 4298
f 4298 4357 4358
f 4298 4358 4299
f 4299 4358 4359
f 4299 4359 4300
f 4300 4359 4360
f 4300 4360 4301
f 4301 4360 4361
f 4301 4361 4302
f 4302 4361 4362
f 4302 4362 4303
f 4303 4362 4363
f 4303 4363 4304
f 4304 4363 4364
f 4304 4364 4305
f 4305 4364 4365
f 4305 4365 4306
f 4306 4365 4366
f 4306 4366 4307
f 4307 4366 4367
f 4307 4367 4308
f 4308 4367 4368
f 4308 4368 4309
f 4309 4368 4369
f 4309 4369 4310
f 4310 4369 4370
f 4310 4370 4311
f 4311 4370 4371
f 4311 4371 4312
f 4312 4371 4372
f 4312 4372 4313
f 4313 4372 4373
f 4313 4373 4314
f 4314 4373 4374
f 4314 4374 4315
f 4315 4374 4375
f 4315 4375 4316
f 4316 4375 4376
f 4316 4376 4317
f 4317 4376 4377
f 4317 4377 4318
f 4318 4377 4378
f 4318 4378 4319
f 4319 4378 4379
f 4319 4379 4320
f 4320 4379 4380
f 4320 4380 4321
f 4321 4380 4381
f 4321 4381 4322
f 4322 4381 4382
f 4322 4382 4323
f 4323 4382 4383
f 4323 4383 4324
f 4324 4383 4384
f 4324 4384 4325
f 4325 4384 4385
f 4325 4385 4326
f 4326 4385 4386
f 4326 4386 4327
f 4327 4386 4387
f 4327 4387 4328
f 4328 4387 4388
f 4328 4388 4329
f 4329 4388 4389
f 4329 4389 4330
f 4330 4389 4390
f 4330 4390 4331
f 4331 4390 4391
f 4331 4391 4332
f 4332 4391 4392
f 4332 4392 4333
f 4333 4392 4393
f 4333 4393 4334
f 4334 4393 4394
f 4334 4394 4335
f 4335 4394 4395
f 4335 4395 4336
f 4336 4395 4396
f 4336 4396 4337
f 4337 4396 4338
f 4337 4338 4279
f 4338 4397 4398
f 4338 4398 4339
f 4339 4398 4399
f 4339 4399 4340
f 4340 4399 4400
f 4340 4400 4341
f 4341 4400 4401
f 4341 4401 4342
f 4342 4401 4402
f 4342 4402 4343
f 4343 4402 4403
f 4343 4403 4344
f 4344 4403 4404
f 4344 4404 4345
f 4345 4404 4405
f 4345 4405 4346
f 4346 4405 4406
f 4346 4406 4347
f 4347 4406 4407
f 4347 4407 4348
f 4348 4407 4408
f 4348 4408 4349
f 4349 4408 4409
f 4349 4409 4350
f 4350 4409 4410
f 4350 4410 4351
f 4351 4410 4411
f 4351 4411 4352
f 4352 4411 4412
f 4352 4412 4353
f 4353 4412 4413
f 4353 4413 4354
f 4354 4413 4414
f 4354 4414 4355
f 4355 4414 4415
f 4355 4415 4356
f 4356 4415 4416
f 4356 4416 4357
f 4357 4416 4417
f 4357 4417 4358
f 4358 4417 4418
f 4358 4418 4359
f 4359 4418 4419
f 4359 4419 4360
f 4360 4419 4420
f 4360 4420 4361
f 4361 4420 4421
f 4361 4421 4362
f 4362 4421 4422
f 4362 4422 4363
f 4363 4422 4423
f 4363 4423 4364
f 4364 4423 4424
f 4364 4424 4365
f 4365 4424 4425
f 4365 4425 4366
f 4366 4425 4426
f 4366 4426 4367
f 4367 4426 4427
f 4367 4427 4368
f 4368 4427 4428
f 4368 4428 4369
f 4369 4428 4429
f 4369 4429 4370
f 4370 4429 4430
f 4370 4430 4371
f 4371 4430 4431
f 4371 4431 4372
f 4372 4431 4432
f 4372 4432 4373
f 4373 4432 4433
f 4373 4433 4374
f 4374 4433 4434
f 4374 4434 4375
f 4375 4434 4435
f 4375 4435 4376
f 4376 4435 4436
f 4376 4436 4377
f 4377 4436 4437
f 4377 4437 4378
f 4378 4437 4438
f 4378 4438 4379
f 4379 4438 4439
f 4379 4439 4380
f 4380 4439 4440
f 4380 4440 4381
f 4381 4440 4441
f 4381 4441 4382
f 4382 4441 4442
f 4382 4442 4383
f 4383 4442 4443
f 4383 4443 4384
f 4384 4443 4444
f 4384 4444 4385
f 4385 4444 4445
f 4385 4445 4386
f 4386 4445 4446
f 4386 4446 4387
f 4387 4446 4447
f 4387 4447 4388
f 4388 4447 4448
f 4388 4448 4389
f 4389 4448 4449
f 4389 4449 4390
f 4390 4449 4450
f 4390 4450 4391
f 4391 4450 4451
f 4391 4451 4392
f 4392 4451 4452
f 4392 4452 4393
f 4393 4452 4453
f 4393 4453 4394
f 4394 4453 4454
f 4394 4454 4395
f 4395 4454 4455
f 4395 4455 4396
f 4396 4455 4397
f 4396 4397 4338
f 4397 4456 4457
f 4397 4457 4398
f 4398 4457 4458
f 4398 4458 4399
f 4399 4458 4459
f 4399 4459 4400
f 4400 4459 4460
f 4400 4460 4401
f 4401 4460 4461
f 4401 4461 4402
f 4402 4461 4462
f 4402 4462 4403
f 4403 4462 4463
f 4403 4463 4404
f 4404 4463 4464
f 4404 4464 4405
f 4405 4464 4465
f 4405 4465 4406
f 4406 4465 4466
f 4406 4466 4407
f 4407 4466 4467
f 4407 4467 4408
f 4408 4467 4468
f 4408 4468 4409
f 4409 4468 4469
f 4409 4469 4410
f 4410 4469 4470
f 4410 4470 4411
f 4411 4470 4471
f 4411 4471 4412
f 4412 4471 4472
f 4412 4472 4413
f 4413 4472 4473
f 4413 4473 4414
f 4414 4473 4474
f 4414 4474 4415
f 4415 4474 4475
f 4415 4475 4416
f 4416 4475 4476
f 4416 4476 4417
f 4417 4476 4477
f 4417 4477 4418
f 4418 4477 4478
f 4418 4478 4419
f 4419 4478 4479
f 4419 4479 4420
f 4420 4479 4480
f 4420 4480 4421
f 4421 4480 4481
f 4421 4481 4422
f 4422 4481 4482
f 4422 4482 4423
f 4423 4482 4483
f 4423 4483 4424
f 4424 4483 4484
f 4424 4484 4425
f 4425 4484 4485
f 4425 4485 4426
f 4426 4485 4486
f 4426 4486 4427
f 4427 4486 4487
f 4427 4487 4428
f 4428 4487 4488
f 4428 4488 4429
f 4429 4488 4489
f 4429 4489 4430
f 4430 4489 4490
f 4430 4490 4431
f 4431 4490 4491
f 4431 4491 4432
f 4432 4491 4492
f 4432 4492 4433
f 4433 4492 4493
f 4433 4493 4434
f 4434 4493 4494
f 4434 4494 4435
f 4435 4494 4495
f 4435 4495 4436
f 4436 4495 4496
f 4436 4496 4437
f 4437 4496 4497
f 4437 4497 4438
f 4438 4497 4498
f 4438 4498 4439
f 4439 4498 4499
f 4439 4499 4440
f 4440 4499 4500
f 4440 4500 4441
f 4441 4500 4501
f 4441 4501 4442
f 4442 4501 4502
f 4442 4502 4443
f 4443 4502 4503
f 4443 4503 4444
f 4444 4503 4504
f 4444 4504 4445
f 4445 4504 4505
f 4445 4505 4446
f 4446 4505 4506
f 4446 4506 4447
f 4447 4506 4507
f 4447 4507 4448
f 4448 4507 4508
f 4448 4508 4449
f 4449 4508 4509
f 4449 4509 4450
f 4450 4509 4510
f 4450 4510 4451
f 4451 4510 4511
f 4451 4511 4452
f 4452 4511 4512
f 4452 4512 4453
f 4453 4512 4513
f 4453 4513 4454
f 4454 4513 4514
f 4454 4514 4455
f 4455 4514 4456
f 4455 4456 4397
f 4456 4515 4516
f 4456 4516 4457
f 4457 4516 4517
f 4457 4517 4458
f 4458 4517 4518
f 4458 4518 4459
f 4459 4518 4519
f 4459 4519 4460
f 4460 4519 4520
f 4460 4520 4461
f 4461 4520 4521
f 4461 4521 4462
f 4462 4521 4522
f 4462 4522 4463
f 4463 4522 4523
f 4463 4523 4464
f 4464 4523 4524
f 4464 4524 4465
f 4465 4524 4525
f 4465 4525 4466
f 4466 4525 4526
f 4466 4526 4467
f 4467 4526 4527
f 4467 4527 4468
f 4468 4527 4528
f 4468 4528 4469
f 4469 4528 4529
f 4469 4529 4470
f 4470 4529 4530
f 4470 4530 4471
f 4471 4530 4531
f 4471 4531 4472
f 4472 4531 4532
f 4472 4532 4473
f 4473 4532 4533
f 4473 4533 4474
f 4474 4533 4534
f 4474 4534 4475
f 4475 4534 4535
f 4475 4535 4476
f 4476 4535 4536
f 4476 4536 4477
f 4477 4536 4537
f 4477 4537 4478
f 4478 4537 4538
f 4478 4538 4479
f 4479 4538 4539
f 4479 4539 4480
f 4480 4539 4540
f 4480 4540 4481
f 4481 4540 4541
f 4481 4541 4482
f 4482 4541 4542
f 4482 4542 4483
f 4483 4542 4543
f 4483 4543 4484
f 4484 4543 4544
f 4484 4544 4485
f 4485 4544 4545
f 4485 4545 4486
f 4486 4545 4546
f 4486 4546 4487
f 4487 4546 4547
f 4487 4547 4488
f 4488 4547 4548
f 4488 4548 4489
f 4489 4548 4549
f 4489 4549 4490
f 4490 4549 4550
f 4490 4550 4491
f 4491 4550 4551
f 4491 4551 4492
f 4492 4551 4552
f 4492 4552 4493
f 4493 4552 4553
f 4493 4553 4494
f 4494 4553 4554
f 4494 4554 4495
f 4495 4554 4555
f 4495 4555 4496
f 4496 4555 4556
f 4496 4556 4497
f 4497 4556 4557
f 4497 4557 4498
f 4498 4557 4558
f 4498 4558 4499
f 4499 4558 4559
f 4499 4559 4500
f 4500 4559 4560
f 4500 4560 4501
f 4501 4560 4561
f 4501 4561 4502
f 4502 4561 4562
f 4502 4562 4503
f 4503 4562 4563
f 4503 4563 4504
f 4504 4563 4564
f 4504 4564 4505
f 4505 4564 4565
f 4505 4565 4506
f 4506 4565 4566
f 4506 4566 4507
f 4507 4566 4567
f 4507 4567 4508
f 4508 4567 4568
f 4508 4568 4509
f 4509 4568 4569
f 4509 4569 4510
f 4510 4569 4570
f 4510 4570 4511
f 4511 4570 4571
f 4511 4571 4512
f 4512 4571 4572
f 4512 4572 4513
f 4513 4572 4573
f 4513 4573 4514
f 4514 4573 4515
f 4514 4515 4456
f 4515 4574 4575
f 4515 4575 4516
f 4516 4575 4576
f 4516 4576 4517
f 4517 4576 4577
f 4517 4577 4518
f 4518 4577 4578
f 4518 4578 4519
f 4519 4578 4579
f 4519 4579 4520
f 4520 4579 4580
f 4520 4580 4521
f 4521 4580 4581
f 4521 4581 4522
f 4522 4581 4582
f 4522 4582 4523
f 4523 4582 4583
f 4523 4583 4524
f 4524 4583 4584
f 4524 4584 4525
f 4525 4584 4585
f 4525 4585 4526
f 4526 4585 4586
f 4526 4586 4527
f 4527 4586 4587
f 4527 4587 4528
f 4528 4587 4588
f 4528 4588 4529
f 4529 4588 4589
f 4529 4589 4530
f 4530 4589 4590
f 4530 4590 4531
f 4531 4590 4591
f 4531 4591 4532
f 4532 4591 4592
f 4532 4592 4533
f 4533 4592 4593
f 4533 4593 4534
f 4534 4593 4594
f 4534 4594 4535
f 4535 4594 4595
f 4535 4595 4536
f 4536 4595 4596
f 4536 4596 4537
f 4537 4596 4597
f 4537 4597 4538
f 4538 4597 4598
f 4538 4598 4539
f 4539 4598 4599
f 4539 4599 4540
f 4540 4599 4600
f 4540 4600 4541
f 4541 4600 4601
f 4541 4601 4542
f 4542 4601 4602
f 4542 4602 4543
f 4543 4602 4603
f 4543 4603 4544
f 4544 4603 4604
f 4544 4604 4545
f 4545 4604 4605
f 4545 4605 4546
f 4546 4605 4606
f 4546 4606 4547
f 4547 4606 4607
f 4547 4607 4548
f 4548 4607 4608
f 4548 4608 4549
f 4549 4608 4609
f 4549 4609 4550
f 4550 4609 4610
f 4550 4610 4551
f 4551 4610 4611
f 4551 4611 4552
f 4552 4611 4612
f 4552 4612 4553
f 4553 4612 4613
f 4553 4613 4554
f 4554 4613 4614
f 4554 4614 4555
f 4555 4614 4615
f 4555 4615 4556
f 4556 4615 4616
f 4556 4616 4557
f 4557 4616 4617
f 4557 4617 4558
f 4558 4617 4618
f 4558 4618 4559
f 4559 4618 4619
f 4559 4619 4560
f 4560 4619 4620
f 4560 4620 4561
f 4561 4620 4621
f 4561 4621 4562
f 4562 4621 4622
f 4562 4622 4563
f 4563 4622 4623
f 4563 4623 4564
f 4564 4623 4624
f 4564 4624 4565
f 4565 4624 4625
f 4565 4625 4566
f 4566 4625 4626
f 4566 4626 4567
f 4567 4626 4627
f 4567 4627 4568
f 4568 4627 4628
f 4568 4628 4569
f 4569 4628 4629
f 4569 4629 4570
f 4570 4629 4630
f 4570 4630 4571
f 4571 4630 4631
f 4571 4631 4572
f 4572 4631 4632
f 4572 4632 4573
f 4573 4632 4574
f 4573 4574 4515
f 4574 4633 4634
f 4574 4634 4575
f 4575 4634 4635
f 4575 4635 4576
f 4576 4635 4636
f 4576 4636 4577
f 4577 4636 4637
f 4577 4637 4578
f 4578 4637 4638
f 4578 4638 4579
f 4579 4638 4639
f 4579 4639 4580
f 4580 4639 4640
f 4580 4640 4581
f 4581 4640 4641
f 4581 4641 4582
f 4582 4641 4642
f 4582 4642 4583
f 4583 4642 4643
f 4583 4643 4584
f 4584 4643 4644
f 4584 4644 4585
f 4585 4644 4645
f 4585 4645 4586
f 4586 4645 4646
f 4586 4646 4587
f 4587 4646 4647
f 4587 4647 4588
f 4588 4647 4648
f 4588 4648 4589
f 4589 4648 4649
f 4589 4649 4590
f 4590 4649 4650
f 4590 4650 4591
f 4591 4650 4651
f 4591 4651 4592
f 4592 4651 4652
f 4592 4652 4593
f 4593 4652 4653
f 4593 4653 4594
f 4594 4653 4654
f 4594 4654 4595
f 4595 4654 4655
f 4595 4655 4596
f 4596 4655 4656
f 4596 4656 4597
f 4597 4656 4657
f 4597 4657 4598
f 4598 4657 4658
f 4598 4658 4599
f 4599 4658 4659
f 4599 4659 4600
f 4600 4659 4660
f 4600 4660 4601
f 4601 4660 4661
f 4601 4661 4602
f 4602 4661 4662
f 4602 4662 4603
f 4603 4662 4663
f 4603 4663 4604
f 4604 4663 4664
f 4604 4664 4605
f 4605 4664 4665
f 4605 4665 4606
f 4606 4665 4666
f 4606 4666 4607
f 4607 4666 4667
f 4607 4667 4608
f 4608 4667 4668
f 4608 4668 4609
f 4609 4668 4669
f 4609 4669 4610
f 4610 4669 4670
f 4610 4670 4611
f 4611 4670 4671
f 4611 4671 4612
f 4612 4671 4672
f 4612 4672 4613
f 4613 4672 4673
f 4613 4673 4614
f 4614 4673 4674
f 4614 4674 4615
f 4615 4674 4675
f 4615 4675 4616
f 4616 4675 4676
f 4616 4676 4617
f 4617 4676 4677
f 4617 4677 4618
f 4618 4677 4678
f 4618 4678 4619
f 4619 4678 4679
f 4619 4679 4620
f 4620 4679 4680
f 4620 4680 4621
f 4621 4680 4681
f 4621 4681 4622
f 4622 4681 4682
f 4622 4682 4623
f 4623 4682 4683
f 4623 4683 4624
f 4624 4683 4684
f 4624 4684 4625
f 4625 4684 4685
f 4625 4685 4626
f 4626 4685 4686
f 4626 4686 4627
f 4627 4686 4687
f 4627 4687 4628
f 4628 4687 4688
f 4628 4688 4629
f 4629 4688 4689
f 4629 4689 4630
f 4630 4689 4690
f 4630 4690 4631
f 4631 4690 4691
f 4631 4691 4632
f 4632 4691 4633
f 4632 4633 4574
f 4633 4692 4693
f 4633 4693 4634
f 4634 4693 4694
f 4634 4694 4635
f 4635 4694 4695
f 4635 4695 4636
f 4636 4695 4696
f 4636 4696 4637
f 4637 4696 4697
f 4637 4697 4638
f 4638 4697 4698
f 4638 4698 4639
f 4639 4698 4699
f 4639 4699 4640
f 4640 4699 4700
f 4640 4700 4641
f 4641 4700 4701
f 4641 4701 4642
f 4642 4701 4702
f 4642 4702 4643
f 4643 4702 4703
f 4643 4703 4644
f 4644 4703 4704
f 4644 4704 4645
f 4645 4704 4705
f 4645 4705 4646
f 4646 4705 4706
f 4646 4706 4647
f 4647 4706 4707
f 4647 4707 4648
f 4648 4707 4708
f 4648 4708 4649
f 4649 4708 4709
f 4649 4709 4650
f 4650 4709 4710
f 4650 4710 4651
f 4651 4710 4711
f 4651 4711 4652
f 4652 4711 4712
f 4652 4712 4653
f 4653 4712 4713
f 4653 4713 4654
f 4654 4713 4714
f 4654 4714 4655
f 4655 4714 4715
f 4655 4715 4656
f 4656 4715 4716
f 4656 4716 4657
f 4657 4716 4717
f 4657 4717 4658
f 4658 4717 4718
f 4658 4718 4659
f 4659 4718 4719
f 4659 4719 4660
f 4660 4719 4720
f 4660 4720 4661
f 4661 4720 4721
f 4661 4721 4662
f 4662 4721 4722
f 4662 4722 4663
f 4663 4722 4723
f 4663 4723 4664
f 4664 4723 4724
f 4664 4724 4665
f 4665 4724 4725
f 4665 4725 4666
f 4666 4725 4726
f 4666 4726 4667
f 4667 4726 4727
f 4667 4727 4668
f 4668 4727 4728
f 4668 4728 4669
f 4669 4728 4729
f 4669 4729 4670
f 4670 4729 4730
f 4670 4730 4671
f 4671 4730 4731
f 4671 4731 4672
f 4672 4731 4732
f 4672 4732 4673
f 4673 4732 4733
f 4673 4733 4674
f 4674 4733 4734
f 4674 4734 4675
f 4675 4734 4735
f 4675 4735 4676
f 4676 4735 4736
f 4676 4736 4677
f 4677 4736 4737
f 4677 4737 4678
f 4678 4737 4738
f 4678 4738 4679
f 4679 4738 4739
f 4679 4739 4680
f 4680 4739 4740
f 4680 4740 4681
f 4681 4740 4741
f 4681 4741 4682
f 4682 4741 4742
f 4682 4742 4683
f 4683 4742 4743
f 4683 4743 4684
f 4684 4743 4744
f 4684 4744 4685
f 4685 4744 4745
f 4685 4745 4686
f 4686 4745 4746
f 4686 4746 4687
f 4687 4746 4747
f 4687 4747 4688
f 4688 4747 4748
f 4688 4748 4689
f 4689 4748 4749
f 4689 4749 4690
f 4690 4749 4750
f 4690 4750 4691
f 4691 4750 4692
f 4691 4692 4633
f 4692 4751 4752
f 4692 4752 4693
f 4693 4752 4753
f 4693 4753 4694
f 4694 4753 4754
f 4694 4754 4695
f 4695 4754 4755
f 4695 4755 4696
f 4696 4755 4756
f 4696 4756 4697
f 4697 4756 4757
f 4697 4757 4698
f 4698 4757 4758
f 4698 4758 4699
f 4699 4758 4759
f 4699 4759 4700
f 4700 4759 4760
f 4700 4760 4701
f 4701 4760 4761
f 4701 4761 4702
f 4702 4761 4762
f 4702 4762 4703
f 4703 4762 4763
f 4703 4763 4704
f 4704 4763 4764
f 4704 4764 4705
f 4705 4764 4765
f 4705 4765 4706
f 4706 4765 4766
f 4706 4766 4707
f 4707 4766 4767
f 4707 4767 4708
f 4708 4767 4768
f 4708 4768 4709
f 4709 4768 4769
f 4709 4769 4710
f 4710 4769 4770
f 4710 4770 4711
f 4711 4770 4771
f 4711 4771 4712
f 4712 4771 4772
f 4712 4772 4713
f 4713 4772 4773
f 4713 4773 4714
f 4714 4773 4774
f 4714 4774 4715
f 4715 4774 4775
f 4715 4775 4716
f 4716 4775 4776
f 4716 4776 4717
f 4717 4776 4777
f 4717 4777 4718
f 4718 4777 4778
f 4718 4778 4719
f 4719 4778 4779
f 4719 4779 4720
f 4720 4779 4780
f 4720 4780 4721
f 4721 4780 4781
f 4721 4781 4722
f 4722 4781 4782
f 4722 4782 4723
f 4723 4782 4783
f 4723 4783 4724
f 4724 4783 4784
f 4724 4784 4725
f 4725 4784 4785
f 4725 4785 4726
f 4726 4785 4786
f 4726 4786 4727
f 4727 4786 4787
f 4727 4787 4728
f 4728 4787 4788
f 4728 4788 4729
f 4729 4788 4789
f 4729 4789 4730
f 4730 4789 4790
f 4730 4790 4731
f 4731 4790 4791
f 4731 4791 4732
f 4732 4791 4792
f 4732 4792 4733
f 4733 4792 4793
f 4733 4793 4734
f 4734 4793 4794
f 4734 4794 4735
f 4735 4794 4795
f 4735 4795 4736
f 4736 4795 4796
f 4736 4796 4737
f 4737 4796 4797
f 4737 4797 4738
f 4738 4797 4798
f 4738 4798 4739
f 4739 4798 4799
f 4739 4799 4740
f 4740 4799 4800
f 4740 4800 4741
f 4741 4800 4801
f 4741 4801 4742
f 4742 4801 4802
f 4742 4802 4743
f 4743 4802 4803
f 4743 4803 4744
f 4744 4803 4804
f 4744 4804 4745
f 4745 4804 4805
f 4745 4805 4746
f 4746 4805 4806
f 4746 4806 4747
f 4747 4806 4807
f 4747 4807 4748
f 4748 4807 4808
f 4748 4808 4749
f 4749 4808 4809
f 4749 4809 4750
f 4750 4809 4751
f 4750 4751 4692
f 4751 4810 4811
f 4751 4811 4752
f 4752 4811 4812
f 4752 4812 4753
f 4753 4812 4813
f 4753 4813 4754
f 4754 4813 4814
f 4754 4814 4755
f 4755 4814 4815
f 4755 4815 4756
f 4756 4815 4816
f 4756 4816 4757
f 4757 4816 4817
f 4757 4817 4758
f 4758 4817 4818
f 4758 4818 4759
f 4759 4818 4819
f 4759 4819 4760
f 4760 4819 4820
f 4760 4820 4761
f 4761 4820 4821
f 4761 4821 4762
f 4762 4821 4822
f 4762 4822 4763
f 4763 4822 4823
f 4763 4823 4764
f 4764 4823 4824
f 4764 4824 4765
f 4765 4824 4825
f 4765 4825 4766
f 4766 4825 4826
f 4766 4826 4767
f 4767 4826 4827
f 4767 4827 4768
f 4768 4827 4828
f 4768 4828 4769
f 4769 4828 4829
f 4769 4829 4770
f 4770 4829 4830
f 4770 4830 4771
f 4771 4830 4831
f 4771 4831 4772
f 4772 4831 4832
f 4772 4832 4773
f 4773 4832 4833
f 4773 4833 4774
f 4774 4833 4834
f 4774 4834 4775
f 4775 4834 4835
f 4775 4835 4776
f 4776 4835 4836
f 4776 4836 4777
f 4777 4836 4837
f 4777 4837 4778
f 4778 4837 4838
f 4778 4838 4779
f 4779 4838 4839
f 4779 4839 4780
f 4780 4839 4840
f 4780 4840 4781
f 4781 4840 4841
f 4781 4841 4782
f 4782 4841 4842
f 4782 4842 4783
f 4783 4842 4843
f 4783 4843 4784
f 4784 4843 4844
f 4784 4844 4785
f 4785 4844 4845
f 4785 4845 4786
f 4786 4845 4846
f 4786 4846 4787
f 4787 4846 4847
f 4787 4847 4788
f 4788 4847 4848
f 4788 4848 4789
f 4789 4848 4849
f 4789 4849 4790
f 4790 4849 4850
f 4790 4850 4791
f 4791 4850 4851
f 4791 4851 4792
f 4792 4851 4852
f 4792 4852 4793
f 4793 4852 4853
f 4793 4853 4794
f 4794 4853 4854
f 4794 4854 4795
f 4795 4854 4855
f 4795 4855 4796
f 4796 4855 4856
f 4796 4856 4797
f 4797 4856 4857
f 4797 4857 4798
f 4798 4857 4858
f 4798 4858 4799
f 4799 4858 4859
f 4799 4859 4800
f 4800 4859 4860
f 4800 4860 4801
f 4801 4860 4861
f 4801 4861 4802
f 4802 4861 4862
f 4802 4862 4803
f 4803 4862 4863
f 4803 4863 4804
f 4804 4863 4864
f 4804 4864 4805
f 4805 4864 4865
f 4805 4865 4806
f 4806 4865 4866
f 4806 4866 4807
f 4807 4866 4867
f 4807 4867 4808
f 4808 4867 4868
f 4808 4868 4809
f 4809 4868 4810
f 4809 4810 4751
f 3689 3748 3749
f 3689 3749 3690
f 3690 3749 3750
f 3690 3750 3691
f 3691 3750 3751
f 3691 3751 3692
f 3692 3751 3752
f 3692 3752 3693
f 3693 3752 3753
f 3693 3753 3694
f 3694 3753 3754
f 3694 3754 3695
f 3695 3754 3755
f 3695 3755 3696
f 3696 3755 3756
f 3696 3756 3697
f 3697 3756 3757
f 3697 3757 3698
f 3698 3757 3758
f 3698 3758 3699
f 3699 3758 3759
f 3699 3759 3700
f 3700 3759 3760
f 3700 3760 3701
f 3701 3760 3761
f 3701 3761 3702
f 3702 3761 3762
f 3702 3762 3703
f 3703 3762 3763
f 3703 3763 3704
f 3704 3763 3764
f 3704 3764 3705
f 3705 3764 3765
f 3705 3765 3706
f 3706 3765 3766
f 3706 3766 3707
f 3707 3766 3767
f 3707 3767 3708
f 3708 3767 3768
f 3708 3768 3709
f 3709 3768 3769
f 3709 3769 3710
f 3710 3769 3770
f 3710 3770 3711
f 3711 3770 3771
f 3711 3771 3712
f 3712 3771 3772
f 3712 3772 3713
f 3713 3772 3773
f 3713 3773 3714
f 3714 3773 3774
f 3714 3774 3715
f 3715 3774 3775
f 3715 3775 3716
f 3716 3775 3776
f 3716 3776 3717
f 3717 3776 3777
f 3717 3777 3718
f 3718 3777 3778
f 3718 3778 3719
f 3719 3778 3779
f 3719 3779 3720
f 3720 3779 3780
f 3720 3780 3721
f 3721 3780 3781
f 3721 3781 3722
f 3722 3781 3782
f 3722 3782 3723
f 3723 3782 3783
f 3723 3783 3724
f 3724 3783 3784
f 3724 3784 3725
f 3725 3784 3785
f 3725 3785 3726
f 3726 3785 3786
f 3726 3786 3727
f 3727 3786 3787
f 3727 3787 3728
f 3728 3787 3788
f 3728 3788 3729
f 3729 3788 3789
f 3729 3789 3730
f 3730 3789 3790
f 3730 3790 3731
f 3731 3790 3791
f 3731 3791 3732
f 3732 3791 3792
f 3732 3792 3733
f 3733 3792 3793
f 3733 3793 3734
f 3734 3793 3794
f 3734 3794 3735
f 3735 3794 3795
f 3735 3795 3736
f 3736 3795 3796
f 3736 3796 3737
f 3737 3796 3797
f 3737 3797 3738
f 3738 3797 3798
f 3738 3798 3739
f 3739 3798 3799
f 3739 3799 3740
f 3740 3799 3800
f 3740 3800 3741
f 3741 3800 3801
f 3741 3801 3742
f 3742 3801 3802
f 3742 3802 3743
f 3743 3802 3803
f 3743 3803 3744
f 3744 3803 3804
f 3744 3804 3745
f 3745 3804 3805
f 3745 3805 3746
f 3746 3805 3806
f 3746 3806 3747
f 3747 3806 3748
f 3747 3748 3689
f 3748 3807 3808
f 3748 3808 3749
f 3749 3808 3809
f 3749 3809 3750
f 3750 3809 3810
f 3750 3810 3751
f 3751 3810 3811
f 3751 3811 3752
f 3752 3811 3812
f 3752 3812 3753
f 3753 3812 3813
f 3753 3813 3754
f 3754 3813 3814
f 3754 3814 3755
f 3755 3814 3815
f 3755 3815 3756
f 3756 3815 3816
f 3756 3816 3757
f 3757 3816 3817
f 3757 3817 3758
f 3758 3817 3818
f 3758 3818 3759
f 3759 3818 3819
f 3759 3819 3760
f 3760 3819 3820
f 3760 3820 3761
f 3761 3820 3821
f 3761 3821 3762
f 3762 3821 3822
f 3762 3822 3763
f 3763 3822 3823
f 3763 3823 3764
f 3764 3823 3824
f 3764 3824 3765
f 3765 3824 3825
f 3765 3825 3766
f 3766 3825 3826
f 3766 3826 3767
f 3767 3826 3827
f 3767 3827 3768
f 3768 3827 3828
f 3768 3828 3769
f 3769 3828 3829
f 3769 3829 3770
f 3770 3829 3830
f 3770 3830 3771
f 3771 3830 3831
f 3771 3831 3772
f 3772 3831 3832
f 3772 3832 3773
f 3773 3832 3833
f 3773 3833 3774
f 3774 3833 3834
f 3774 3834 3775
f 3775 3834 3835
f 3775 3835 3776
f 3776 3835 3836
f 3776 3836 3777
f 3777 3836 3837
f 3777 3837 3778
f 3778 3837 3838
f 3778 3838 3779
f 3779 3838 3839
f 3779 3839 3780
f 3780 3839 3840
f 3780 3840 3781
f 3781 3840 3841
f 3781 3841 3782
f 3782 3841 3842
f 3782 3842 3783
f 3783 3842 3843
f 3783 3843 3784
f 3784 3843 3844
f 3784 3844 3785
f 3785 3844 3845
f 3785 3845 3786
f 3786 3845 3846
f 3786 3846 3787
f 3787 3846 3847
f 3787 3847 3788
f 3788 3847 3848
f 3788 3848 3789
f 3789 3848 3849
f 3789 3849 3790
f 3790 3849 3850
f 3790 3850 3791
f 3791 3850 3851
f 3791 3851 3792
f 3792 3851 3852
f 3792 3852 3793
f 3793 3852 3853
f 3793 3853 3794
f 3794 3853 3854
f 3794 3854 3795
f 3795 3854 3855
f 3795 3855 3796
f 3796 3855 3856
f 3796 3856 3797
f 3797 3856 3857
f 3797 3857 3798
f 3798 3857 3858
f 3798 3858 3799
f 3799 3858 3859
f 3799 3859 3800
f 3800 3859 3860
f 3800 3860 3801
f 3801 3860 3861
f 3801 3861 3802
f 3802 3861 3862
f 3802 3862 3803
f 3803 3862 3863
f 3803 3863 3804
f 3804 3863 3864
f 3804 3864 3805
f 3805 3864 3865
f 3805 3865 3806
f 3806 3865 3807
f 3806 3807 3748
f 3807 3866 3867
f 3807 3867 3808
f 3808 3867 3868
f 3808 3868 3809
f 3809 3868 3869
f 3809 3869 3810
f 3810 3869 3870
f 3810 3870 3811
f 3811 3870 3871
f 3811 3871 3812
f 3812 3871 3872
f 3812 3872 3813
f 3813 3872 3873
f 3813 3873 3814
f 3814 3873 3874
f 3814 3874 3815
f 3815 3874 3875
f 3815 3875 3816
f 3816 3875 3876
f 3816 3876 3817
f 3817 3876 3877
f 3817 3877 3818
f 3818 3877 3878
f 3818 3878 3819
f 3819 3878 3879
f 3819 3879 3820
f 3820 3879 3880
f 3820 3880 3821
f 3821 3880 3881
f 3821 3881 3822
f 3822 3881 3882
f 3822 3882 3823
f 3823 3882 3883
f 3823 3883 3824
f 3824 3883 3884
f 3824 3884 3825
f 3825 3884 3885
f 3825 3885 3826
f 3826 3885 3886
f 3826 3886 3827
f 3827 3886 3887
f 3827 3887 3828
f 3828 3887 3888
f 3828 3888 3829
f 3829 3888 3889
f 3829 3889 3830
f 3830 3889 3890
f 3830 3890 3831
f 3831 3890 3891
f 3831 3891 3832
f 3832 3891 3892
f 3832 3892 3833
f 3833 3892 3893
f 3833 3893 3834
f 3834 3893 3894
f 3834 3894 3835
f 3835 3894 3895
f 3835 3895 3836
f 3836 3895 3896
f 3836 3896 3837
f 3837 3896 3897
f 3837 3897 3838
f 3838 3897 3898
f 3838 3898 3839
f 3839 3898 3899
f 3839 3899 3840
f 3840 3899 3900
f 3840 3900 3841
f 3841 3900 3901
f 3841 3901 3842
f 3842 3901 3902
f 3842 3902 3843
f 3843 3902 3903
f 3843 3903 3844
f 3844 3903 3904
f 3844 3904 3845
f 3845 3904 3905
f 3845 3905 3846
f 3846 3905 3906
f 3846 3906 3847
f 3847 3906 3907
f 3847 3907 3848
f 3848 3907 3908
f 3848 3908 3849
f 3849 3908 3909
f 3849 3909 3850
f 3850 3909 3910
f 3850 3910 3851
f 3851 3910 3911
f 3851 3911 3852
f 3852 3911 3912
f 3852 3912 3853
f 3853 3912 3913
f 3853 3913 3854
f 3854 3913 3914
f 3854 3914 3855
f 3855 3914 3915
f 3855 3915 3856
f 3856 3915 3916
f 3856 3916 3857
f 3857 3916 3917
f 3857 3917 3858
f 3858 3917 3918
f 3858 3918 3859
f 3859 3918 3919
f 3859 3919 3860
f 3860 3919 3920
f 3860 3920 3861
f 3861 3920 3921
f 3861 3921 3862
f 3862 3921 3922
f 3862 3922 3863
f 3863 3922 3923
f 3863 3923 3864
f 3864 3923 3924
f 3864 3924 3865
f 3865 3924 3866
f 3865 3866 3807
f 3866 3925 3926
f 3866 3926 3867
f 3867 3926 3927
f 3867 3927 3868
f 3868 3927 3928
f 3868 3928 3869
f 3869 3928 3929
f 3869 3929 3870
f 3870 3929 3930
f 3870 3930 3871
f 3871 3930 3931
f 3871 3931 3872
f 3872 3931 3932
f 3872 3932 3873
f 3873 3932 3933
f 3873 3933 3874
f 3874 3933 3934
f 3874 3934 3875
f 3875 3934 3935
f 3875 3935 3876
f 3876 3935 3936
f 3876 3936 3877
f 3877 3936 3937
f 3877 3937 3878
f 3878 3937 3938
f 3878 3938 3879
f 3879 3938 3939
f 3879 3939 3880
f 3880 3939 3940
f 3880 3940 3881
f 3881 3940 3941
f 3881 3941 3882
f 3882 3941 3942
f 3882 3942 3883
f 3883 3942 3943
f 3883 3943 3884
f 3884 3943 3944
f 3884 3944 3885
f 3885 3944 3945
f 3885 3945 3886
f 3886 3945 3946
f 3886 3946 3887
f 3887 3946 3947
f 3887 3947 3888
f 3888 3947 3948
f 3888 3948 3889
f 3889 3948 3949
f 3889 3949 3890
f 3890 3949 3950
f 3890 3950 3891
f 3891 3950 3951
f 3891 3951 3892
f 3892 3951 3952
f 3892 3952 3893
f 3893 3952 3953
f 3893 3953 3894
f 3894 3953 3954
f 3894 3954 3895
f 3895 3954 3955
f 3895 3955 3896
f 3896 3955 3956
f 3896 3956 3897
f 3897 3956 3957
f 3897 3957 3898
f 3898 3957 3958
f 3898 3958 3899
f 3899 3958 3959
f 3899 3959 3900
f 3900 3959 3960
f 3900 3960 3901
f 3901 3960 3961
f 3901 3961 3902
f 3902 3961 3962
f 3902 3962 3903
f 3903 3962 3963
f 3903 3963 3904
f 3904 3963 3964
f 3904 3964 3905
f 3905 3964 3965
f 3905 3965 3906
f 3906 3965 3966
f 3906 3966 3907
f 3907 3966 3967
f 3907 3967 3908
f 3908 3967 3968
f 3908 3968 3909
f 3909 3968 3969
f 3909 3969 3910
f 3910 3969 3970
f 3910 3970 3911
f 3911 3970 3971
f 3911 3971 3912
f 3912 3971 3972
f 3912 3972 3913
f 3913 3972 3973
f 3913 3973 3914
f 3914 3973 3974
f 3914 3974 3915
f 3915 3974 3975
f 3915 3975 3916
f 3916 3975 3976
f 3916 3976 3917
f 3917 3976 3977
f 3917 3977 3918
f 3918 3977 3978
f 3918 3978 3919
f 3919 3978 3979
f 3919 3979 3920
f 3920 3979 3980
f 3920 3980 3921
f 3921 3980 3981
f 3921 3981 3922
f 3922 3981 3982
f 3922 3982 3923
f 3923 3982 3983
f 3923 3983 3924
f 3924 3983 3925
f 3924 3925 3866
f 3925 3984 3985
f 3925 3985 3926
f 3926 3985 3986
f 3926 3986 3927
f 3927 3986 3987
f 3927 3987 3928
f 3928 3987 3988
f 3928 3988 3929
f 3929 3988 3989
f 3929 3989 3930
f 3930 3989 3990
f 3930 3990 3931
f 3931 3990 3991
f 3931 3991 3932
f 3932 3991 3992
f 3932 3992 3933
f 3933 3992 3993
f 3933 3993 3934
f 3934 3993 3994
f 3934 3994 3935
f 3935 3994 3995
f 3935 3995 3936
f 3936 3995 3996
f 3936 3996 3937
f 3937 3996 3997
f 3937 3997 3938
f 3938 3997 3998
f 3938 3998 3939
f 3939 3998 3999
f 3939 3999 3940
f 3940 3999 4000
f 3940 4000 3941
f 3941 4000 4001
f 3941 4001 3942
f 3942 4001 4002
f 3942 4002 3943
f 3943 4002 4003
f 3943 4003 3944
f 3944 4003 4004
f 3944 4004 3945
f 3945 4004 4005
f 3945 4005 3946
f 3946 4005 4006
f 3946 4006 3947
f 3947 4006 4007
f 3947 4007 3948
f 3948 4007 4008
f 3948 4008 3949
f 3949 4008 4009
f 3949 4009 3950
f 3950 4009 4010
f 3950 4010 3951
f 3951 4010 4011
f 3951 4011 3952
f 3952 4011 4012
f 3952 4012 3953
f 3953 4012 4013
f 3953 4013 3954
f 3954 4013 4014
f 3954 4014 3955
f 3955 4014 4015
f 3955 4015 3956
f 3956 4015 4016
f 3956 4016 3957
f 3957 4016 4017
f 3957 4017 3958
f 3958 4017 4018
f 3958 4018 3959
f 3959 4018 4019
f 3959 4019 3960
f 3960 4019 4020
f 3960 4020 3961
f 3961 4020 4021
f 3961 4021 3962
f 3962 4021 4022
f 3962 4022 3963
f 3963 4022 4023
f 3963 4023 3964
f 3964 4023 4024
f 3964 4024 3965
f 3965 4024 4025
f 3965 4025 3966
f 3966 4025 4026
f 3966 4026 3967
f 3967 4026 4027
f 3967 4027 3968
f 3968 4027 4028
f 3968 4028 3969
f 3969 4028 4029
f 3969 4029 3970
f 3970 4029 4030
f 3970 4030 3971
f 3971 4030 4031
f 3971 4031 3972
f 3972 4031 4032
f 3972 4032 3973
f 3973 4032 4033
f 3973 4033 3974
f 3974 4033 4034
f 3974 4034 3975
f 3975 4034 4035
f 3975 4035 3976
f 3976 4035 4036
f 3976 4036 3977
f 3977 4036 4037
f 3977 4037 3978
f 3978 4037 4038
f 3978 4038 3979
f 3979 4038 4039
f 3979 4039 3980
f 3980 4039 4040
f 3980 4040 3981
f 3981 4040 4041
f 3981 4041 3982
f 3982 4041 4042
f 3982 4042 3983
f 3983 4042 3984
f 3983 3984 3925
f 3984 4043 4044
f 3984 4044 3985
f 3985 4044 4045
f 3985 4045 3986
f 3986 4045 4046
f 3986 4046 3987
f 3987 4046 4047
f 3987 4047 3988
f 3988 4047 4048
f 3988 4048 3989
f 3989 4048 4049
f 3989 4049 3990
f 3990 4049 4050
f 3990 4050 3991
f 3991 4050 4051
f 3991 4051 3992
f 3992 4051 4052
f 3992 4052 3993
f 3993 4052 4053
f 3993 4053 3994
f 3994 4053 4054
f 3994 4054 3995
f 3995 4054 4055
f 3995 4055 3996
f 3996 4055 4056
f 3996 4056 3997
f 3997 4056 4057
f 3997 4057 3998
f 3998 4057 4058
f 3998 4058 3999
f 3999 4058 4059
f 3999 4059 4000
f 4000 4059 4060
f 4000 4060 4001
f 4001 4060 4061
f 4001 4061 4002
f 4002 4061 4062
f 4002 4062 4003
f 4003 4062 4063
f 4003 4063 4004
f 4004 4063 4064
f 4004 4064 4005
f 4005 4064 4065
f 4005 4065 4006
f 4006 4065 4066
f 4006 4066 4007
f 4007 4066 4067
f 4007 4067 4008
f 4008 4067 4068
f 4008 4068 4009
f 4009 4068 4069
f 4009 4069 4010
f 4010 4069 4070
f 4010 4070 4011
f 4011 4070 4071
f 4011 4071 4012
f 4012 4071 4072
f 4012 4072 4013
f 4013 4072 4073
f 4013 4073 4014
f 4014 4073 4074
f 4014 4074 4015
f 4015 4074 4075
f 4015 4075 4016
f 4016 4075 4076
f 4016 4076 4017
f 4017 4076 4077
f 4017 4077 4018
f 4018 4077 4078
f 4018 4078 4019
f 4019 4078 4079
f 4019 4079 4020
f 4020 4079 4080
f 4020 4080 4021
f 4021 4080 4081
f 4021 4081 4022
f 4022 4081 4082
f 4022 4082 4023
f 4023 4082 4083
f 4023 4083 4024
f 4024 4083 4084
f 4024 4084 4025
f 4025 4084 4085
f 4025 4085 4026
f 4026 4085 4086
f 4026 4086 4027
f 4027 4086 4087
f 4027 4087 4028
f 4028 4087 4088
f 4028 4088 4029
f 4029 4088 4089
f 4029 4089 4030
f 4030 4089 4090
f 4030 4090 4031
f 4031 4090 4091
f 4031 4091 4032
f 4032 4091 4092
f 4032 4092 4033
f 4033 4092 4093
f 4033 4093 4034
f 4034 4093 4094
f 4034 4094 4035
f 4035 4094 4095
f 4035 4095 4036
f 4036 4095 4096
f 4036 4096 4037
f 4037 4096 4097
f 4037 4097 4038
f 4038 4097 4098
f 4038 4098 4039
f 4039 4098 4099
f 4039 4099 4040
f 4040 4099 4100
f 4040 4100 4041
f 4041 4100 4101
f 4041 4101 4042
f 4042 4101 4043
f 4042 4043 3984
f 4043 4102 4103
f 4043 4103 4044
f 4044 4103 4104
f 4044 4104 4045
f 4045 4104 4105
f 4045 4105 4046
f 4046 4105 4106
f 4046 4106 4047
f 4047 4106 4107
f 4047 4107 4048
f 4048 4107 4108
f 4048 4108 4049
f 4049 4108 4109
f 4049 4109 4050
f 4050 4109 4110
f 4050 4110 4051
f 4051 4110 4111
f 4051 4111 4052
f 4052 4111 4112
f 4052 4112 4053
f 4053 4112 4113
f 4053 4113 4054
f 4054 4113 4114
f 4054 4114 4055
f 4055 4114 4115
f 4055 4115 4056
f 4056 4115 4116
f 4056 4116 4057
f 4057 4116 4117
f 4057 4117 4058
f 4058 4117 4118
f 4058 4118 4059
f 4059 4118 4119
f 4059 4119 4060
f 4060 4119 4120
f 4060 4120 4061
f 4061 4120 4121
f 4061 4121 4062
f 4062 4121 4122
f 4062 4122 4063
f 4063 4122 4123
f 4063 4123 4064
f 4064 4123 4124
f 4064 4124 4065
f 4065 4124 4125
f 4065 4125 4066
f 4066 4125 4126
f 4066 4126 4067
f 4067 4126 4127
f 4067 4127 4068
f 4068 4127 4128
f 4068 4128 4069
f 4069 4128 4129
f 4069 4129 4070
f 4070 4129 4130
f 4070 4130 4071
f 4071 4130 4131
f 4071 4131 4072
f 4072 4131 4132
f 4072 4132 4073
f 4073 4132 4133
f 4073 4133 4074
f 4074 4133 4134
f 4074 4134 4075
f 4075 4134 4135
f 4075 4135 4076
f 4076 4135 4136
f 4076 4136 4077
f 4077 4136 4137
f 4077 4137 4078
f 4078 4137 4138
f 4078 4138 4079
f 4079 4138 4139
f 4079 4139 4080
f 4080 4139 4140
f 4080 4140 4081
f 4081 4140 4141
f 4081 4141 4082
f 4082 4141 4142
f 4082 4142 4083
f 4083 4142 4143
f 4083 4143 4084
f 4084 4143 4144
f 4084 4144 4085
f 4085 4144 4145
f 4085 4145 4086
f 4086 4145 4146
f 4086 4146 4087
f 4087 4146 4147
f 4087 4147 4088
f 4088 4147 4148
f 4088 4148 4089
f 4089 4148 4149
f 4089 4149 4090
f 4090 4149 4150
f 4090 4150 4091
f 4091 4150 4151
f 4091 4151 4092
f 4092 4151 4152
f 4092 4152 4093
f 4093 4152 4153
f 4093 4153 4094
f 4094 4153 4154
f 4094 4154 4095
f 4095 4154 4155
f 4095 4155 4096
f 4096 4155 4156
f 4096 4156 4097
f 4097 4156 4157
f 4097 4157 4098
f 4098 4157 4158
f 4098 4158 4099
f 4099 4158 4159
f 4099 4159 4100
f 4100 4159 4160
f 4100 4160 4101
f 4101 4160 4102
f 4101 4102 4043
f 4102 4161 4162
f 4102 4162 4103
f 4103 4162 4163
f 4103 4163 4104
f 4104 4163 4164
f 4104 4164 4105
f 4105 4164 4165
f 4105 4165 4106
f 4106 4165 4166
f 4106 4166 4107
f 4107 4166 4167
f 4107 4167 4108
f 4108 4167 4168
f 4108 4168 4109
f 4109 4168 4169
f 4109 4169 4110
f 4110 4169 4170
f 4110 4170 4111
f 4111 4170 4171
f 4111 4171 4112
f 4112 4171 4172
f 4112 4172 4113
f 4113 4172 4173
f 4113 4173 4114
f 4114 4173 4174
f 4114 4174 4115
f 4115 4174 4175
f 4115 4175 4116
f 4116 4175 4176
f 4116 4176 4117
f 4117 4176 4177
f 4117 4177 4118
f 4118 4177 4178
f 4118 4178 4119
f 4119 4178 4179
f 4119 4179 4120
f 4120 4179 4180
f 4120 4180 4121
f 4121 4180 4181
f 4121 4181 4122
f 4122 4181 4182
f 4122 4182 4123
f 4123 4182 4183
f 4123 4183 4124
f 4124 4183 4184
f 4124 4184 4125
f 4125 4184 4185
f 4125 4185 4126
f 4126 4185 4186
f 4126 4186 4127
f 4127 4186 4187
f 4127 4187 4128
f 4128 4187 4188
f 4128 4188 4129
f 4129 4188 4189
f 4129 4189 4130
f 4130 4189 4190
f 4130 4190 4131
f 4131 4190 4191
f 4131 4191 4132
f 4132 4191 4192
f 4132 4192 4133
f 4133 4192 4193
f 4133 4193 4134
f 4134 4193 4194
f 4134 4194 4135
f 4135 4194 4195
f 4135 4195 4136
f 4136 4195 4196
f 4136 4196 4137
f 4137 4196 4197
f 4137 4197 4138
f 4138 4197 4198
f 4138 4198 4139
f 4139 4198 4199
f 4139 4199 4140
f 4140 4199 4200
f 4140 4200 4141
f 4141 4200 4201
f 4141 4201 4142
f 4142 4201 4202
f 4142 4202 4143
f 4143 4202 4203
f 4143 4203 4144
f 4144 4203 4204
f 4144 4204 4145
f 4145 4204 4205
f 4145 4205 4146
f 4146 4205 4206
f 4146 4206 4147
f 4147 4206 4207
f 4147 4207 4148
f 4148 4207 4208
f 4148 4208 4149
f 4149 4208 4209
f 4149 4209 4150
f 4150 4209 4210
f 4150 4210 4151
f 4151 4210 4211
f 4151 4211 4152
f 4152 4211 4212
f 4152 4212 4153
f 4153 4212 4213
f 4153 4213 4154
f 4154 4213 4214
f 4154 4214 4155
f 4155 4214 4215
f 4155 4215 4156
f 4156 4215 4216
f 4156 4216 4157
f 4157 4216 4217
f 4157 4217 4158
f 4158 4217 4218
f 4158 4218 4159
f 4159 4218 4219
f 4159 4219 4160
f 4160 4219 4161
f 4160 4161 4102
f 4161 4220 4221
f 4161 4221 4162
f 4162 4221 4222
f 4162 4222 4163
f 4163 4222 4223
f 4163 4223 4164
f 4164 4223 4224
f 4164 4224 4165
f 4165 4224 4225
f 4165 4225 4166
f 4166 4225 4226
f 4166 4226 4167
f 4167 4226 4227
f 4167 4227 4168
f 4168 4227 4228
f 4168 4228 4169
f 4169 4228 4229
f 4169 4229 4170
f 4170 4229 4230
f 4170 4230 4171
f 4171 4230 4231
f 4171 4231 4172
f 4172 4231 4232
f 4172 4232 4173
f 4173 4232 4233
f 4173 4233 4174
f 4174 4233 4234
f 4174 4234 4175
f 4175 4234 4235
f 4175 4235 4176
f 4176 4235 4236
f 4176 4236 4177
f 4177 4236 4237
f 4177 4237 4178
f 4178 4237 4238
f 4178 4238 4179
f 4179 4238 4239
f 4179 4239 4180
f 4180 4239 4240
f 4180 4240 4181
f 4181 4240 4241
f 4181 4241 4182
f 4182 4241 4242
f 4182 4242 4183
f 4183 4242 4243
f 4183 4243 4184
f 4184 4243 4244
f 4184 4244 4185
f 4185 4244 4245
f 4185 4245 4186
f 4186 4245 4246
f 4186 4246 4187
f 4187 4246 4247
f 4187 4247 4188
f 4188 4247 4248
f 4188 4248 4189
f 4189 4248 4249
f 4189 4249 4190
f 4190 4249 4250
f 4190 4250 4191
f 4191 4250 4251
f 4191 4251 4192
f 4192 4251 4252
f 4192 4252 4193
f 4193 4252 4253
f 4193 4253 4194
f 4194 4253 4254
f 4194 4254 4195
f 4195 4254 4255
f 4195 4255 4196
f 4196 4255 4256
f 4196 4256 4197
f 4197 4256 4257
f 4197 4257 4198
f 4198 4257 4258
f 4198 4258 4199
f 4199 4258 4259
f 4199 4259 4200
f 4200 4259 4260
f 4200 4260 4201
f 4201 4260 4261
f 4201 4261 4202
f 4202 4261 4262
f 4202 4262 4203
f 4203 4262 4263
f 4203 4263 4204
f 4204 4263 4264
f 4204 4264 4205
f 4205 4264 4265
f 4205 4265 4206
f 4206 4265 4266
f 4206 4266 4207
f 4207 4266 4267
f 4207 4267 4208
f 4208 4267 4268
f 4208 4268 4209
f 4209 4268 4269
f 4209 4269 4210
f 4210 4269 4270
f 4210 4270 4211
f 4211 4270 4271
f 4211 4271 4212
f 4212 4271 4272
f 4212 4272 4213
f 4213 4272 4273
f 4213 4273 4214
f 4214 4273 4274
f 4214 4274 4215
f 4215 4274 4275
f 4215 4275 4216
f 4216 4275 4276
f 4216 4276 4217
f 4217 4276 4277
f 4217 4277 4218
f 4218 4277 4278
f 4218 4278 4219
f 4219 4278 4220
f 4219 4220 4161
f 5472 5539 5540
f 5472 5540 5473
f 5473 5540 5541
f 5473 5541 5474
f 5474 5541 5542
f 5474 5542 5475
f 5475 5542 5543
f 5475 5543 5476
f 5476 5543 5544
f 5476 5544 5477
f 5477 5544 5545
f 5477 5545 5478
f 5478 5545 5546
f 5478 5546 5479
f 5479 5546 5547
f 5479 5547 5480
f 5480 5547 5548
f 5480 5548 5481
f 5481 5548 5549
f 5481 5549 5482
f 5482 5549 5550
f 5482 5550 5483
f 5483 5550 5551
f 5483 5551 5484
f 5484 5551 5552
f 5484 5552 5485
f 5485 5552 5553
f 5485 5553 5486
f 5486 5553 5554
f 5486 5554 5487
f 5487 5554 5555
f 5487 5555 5488
f 5488 5555 5556
f 5488 5556 5489
f 5489 5556 5557
f 5489 5557 5490
f 5490 5557 5558
f 5490 5558 5491
f 5491 5558 5559
f 5491 5559 5492
f 5492 5559 5560
f 5492 5560 5493
f 5493 5560 5561
f 5493 5561 5494
f 5494 5561 5562
f 5494 5562 5495
f 5495 5562 5563
f 5495 5563 5496
f 5496 5563 5564
f 5496 5564 5497
f 5497 5564 5565
f 5497 5565 5498
f 5498 5565 5566
f 5498 5566 5499
f 5499 5566 5567
f 5499 5567 5500
f 5500 5567 5568
f 5500 5568 5501
f 5501 5568 5569
f 5501 5569 5502
f 5502 5569 5570
f 5502 5570 5503
f 5503 5570 5571
f 5503 5571 5504
f 5504 5571 5572
f 5504 5572 5505
f 5505 5572 5573
f 5505 5573 5506
f 5506 5573 5574
f 5506 5574 5507
f 5507 5574 5575
f 5507 5575 5508
f 5508 5575 5576
f 5508 5576 5509
f 5509 5576 5577
f 5509 5577 5510
f 5510 5577 5578
f 5510 5578 5511
f 5511 5578 5579
f 5511 5579 5512
f 5512 5579 5580
f 5512 5580 5513
f 5513 5580 5581
f 5513 5581 5514
f 5514 5581 5582
f 5514 5582 5515
f 5515 5582 5583
f 5515 5583 5516
f 5516 5583 5584
f 5516 5584 5517
f 5517 5584 5585
f 5517 5585 5518
f 5518 5585 5586
f 5518 5586 5519
f 5519 5586 5587
f 5519 5587 5520
f 5520 5587 5588
f 5520 5588 5521
f 5521 5588 5589
f 5521 5589 5522
f 5522 5589 5590
f 5522 5590 5523
f 5523 5590 5591
f 5523 5591 5524
f 5524 5591 5592
f 5524 5592 5525
f 5525 5592 5593
f 5525 5593 5526
f 5526 5593 5594
f 5526 5594 5527
f 5527 5594 5595
f 5527 5595 5528
f 5528 5595 5596
f 5528 5596 5529
f 5529 5596 5597
f 5529 5597 5530
f 5530 5597 5598
f 5530 5598 5531
f 5531 5598 5599
f 5531 5599 5532
f 5532 5599 5600
f 5532 5600 5533
f 5533 5600 5601
f 5533 5601 5534
f 5534 5601 5602
f 5534 5602 5535
f 5535 5602 5603
f 5535 5603 5536
f 5536 5603 5604
f 5536 5604 5537
f 5537 5604 5605
f 5537 5605 5538
f 5538 5605 5539
f 5538 5539 5472
f 5539 5606 5607
f 5539 5607 5540
f 5540 5607 5608
f 5540 5608 5541
f 5541 5608 5609
f 5541 5609 5542
f 5542 5609 5610
f 5542 5610 5543
f 5543 5610 5611
f 5543 5611 5544
f 5544 5611 5612
f 5544 5612 5545
f 5545 5612 5613
f 5545 5613 5546
f 5546 5613 5614
f 5546 5614 5547
f 5547 5614 5615
f 5547 5615 5548
f 5548 5615 5616
f 5548 5616 5549
f 5549 5616 5617
f 5549 5617 5550
f 5550 5617 5618
f 5550 5618 5551
f 5551 5618 5619
f 5551 5619 5552
f 5552 5619 5620
f 5552 5620 5553
f 5553 5620 5621
f 5553 5621 5554
f 5554 5621 5622
f 5554 5622 5555
f 5555 5622 5623
f 5555 5623 5556
f 5556 5623 5624
f 5556 5624 5557
f 5557 5624 5625
f 5557 5625 5558
f 5558 5625 5626
f 5558 5626 5559
f 5559 5626 5627
f 5559 5627 5560
f 5560 5627 5628
f 5560 5628 5561
f 5561 5628 5629
f 5561 5629 5562
f 5562 5629 5630
f 5562 5630 5563
f 5563 5630 5631
f 5563 5631 5564
f 5564 5631 5632
f 5564 5632 5565
f 5565 5632 5633
f 5565 5633 5566
f 5566 5633 5634
f 5566 5634 5567
f 5567 5634 5635
f 5567 5635 5568
f 5568 5635 5636
f 5568 5636 5569
f 5569 5636 5637
f 5569 5637 5570
f 5570 5637 5638
f 5570 5638 5571
f 5571 5638 5639
f 5571 5639 5572
f 5572 5639 5640
f 5572 5640 5573
f 5573 5640 5641
f 5573 5641 5574
f 5574 5641 5642
f 5574 5642 5575
f 5575 5642 5643
f 5575 5643 5576
f 5576 5643 5644
f 5576 5644 5577
f 5577 5644 5645
f 5577 5645 5578
f 5578 5645 5646
f 5578 5646 5579
f 5579 5646 5647
f 5579 5647 5580
f 5580 5647 5648
f 5580 5648 5581
f 5581 5648 5649
f 5581 5649 5582
f 5582 5649 5650
f 5582 5650 5583
f 5583 5650 5651
f 5583 5651 5584
f 5584 5651 5652
f 5584 5652 5585
f 5585 5652 5653
f 5585 5653 5586
f 5586 5653 5654
f 5586 5654 5587
f 5587 5654 5655
f 5587 5655 5588
f 5588 5655 5656
f 5588 5656 5589
f 5589 5656 5657
f 5589 5657 5590
f 5590 5657 5658
f 5590 5658 5591
f 5591 5658 5659
f 5591 5659 5592
f 5592 5659 5660
f 5592 5660 5593
f 5593 5660 5661
f 5593 5661 5594
f 5594 5661 5662
f 5594 5662 5595
f 5595 5662 5663
f 5595 5663 5596
f 5596 5663 5664
f 5596 5664 5597
f 5597 5664 5665
f 5597 5665 5598
f 5598 5665 5666
f 5598 5666 5599
f 5599 5666 5667
f 5599 5667 5600
f 5600 5667 5668
f 5600 5668 5601
f 5601 5668 5669
f 5601 5669 5602
f 5602 5669 5670
f 5602 5670 5603
f 5603 5670 5671
f 5603 5671 5604
f 5604 5671 5672
f 5604 5672 5605
f 5605 5672 5606
f 5605 5606 5539
f 5606 5673 5674
f 5606 5674 5607
f 5607 5674 5675
f 5607 5675 5608
f 5608 5675 5676
f 5608 5676 5609
f 5609 5676 5677
f 5609 5677 5610
f 5610 5677 5678
f 5610 5678 5611
f 5611 5678 5679
f 5611 5679 5612
f 5612 5679 5680
f 5612 5680 5613
f 5613 5680 5681
f 5613 5681 5614
f 5614 5681 5682
f 5614 5682 5615
f 5615 5682 5683
f 5615 5683 5616
f 5616 5683 5684
f 5616 5684 5617
f 5617 5684 5685
f 5617 5685 5618
f 5618 5685 5686
f 5618 5686 5619
f 5619 5686 5687
f 5619 5687 5620
f 5620 5687 5688
f 5620 5688 5621
f 5621 5688 5689
f 5621 5689 5622
f 5622 5689 5690
f 5622 5690 5623
f 5623 5690 5691
f 5623 5691 5624
f 5624 5691 5692
f 5624 5692 5625
f 5625 5692 5693
f 5625 5693 5626
f 5626 5693 5694
f 5626 5694 5627
f 5627 5694 5695
f 5627 5695 5628
f 5628 5695 5696
f 5628 5696 5629
f 5629 5696 5697
f 5629 5697 5630
f 5630 5697 5698
f 5630 5698 5631
f 5631 5698 5699
f 5631 5699 5632
f 5632 5699 5700
f 5632 5700 5633
f 5633 5700 5701
f 5633 5701 5634
f 5634 5701 5702
f 5634 5702 5635
f 5635 5702 5703
f 5635 5703 5636
f 5636 5703 5704
f 5636 5704 5637
f 5637 5704 5705
f 5637 5705 5638
f 5638 5705 5706
f 5638 5706 5639
f 5639 5706 5707
f 5639 5707 5640
f 5640 5707 5708
f 5640 5708 5641
f 5641 5708 5709
f 5641 5709 5642
f 5642 5709 5710
f 5642 5710 5643
f 5643 5710 5711
f 5643 5711 5644
f 5644 5711 5712
f 5644 5712 5645
f 5645 5712 5713
f 5645 5713 5646
f 5646 5713 5714
f 5646 5714 5647
f 5647 5714 5715
f 5647 5715 5648
f 5648 5715 5716
f 5648 5716 5649
f 5649 5716 5717
f 5649 5717 5650
f 5650 5717 5718
f 5650 5718 5651
f 5651 5718 5719
f 5651 5719 5652
f 5652 5719 5720
f 5652 5720 5653
f 5653 5720 5721
f 5653 5721 5654
f 5654 5721 5722
f 5654 5722 5655
f 5655 5722 5723
f 5655 5723 5656
f 5656 5723 5724
f 5656 5724 5657
f 5657 5724 5725
f 5657 5725 5658
f 5658 5725 5726
f 5658 5726 5659
f 5659 5726 5727
f 5659 5727 5660
f 5660 5727 5728
f 5660 5728 5661
f 5661 5728 5729
f 5661 5729 5662
f 5662 5729 5730
f 5662 5730 5663
f 5663 5730 5731
f 5663 5731 5664
f 5664 5731 5732
f 5664 5732 5665
f 5665 5732 5733
f 5665 5733 5666
f 5666 5733 5734
f 5666 5734 5667
f 5667 5734 5735
f 5667 5735 5668
f 5668 5735 5736
f 5668 5736 5669
f 5669 5736 5737
f 5669 5737 5670
f 5670 5737 5738
f 5670 5738 5671
f 5671 5738 5739
f 5671 5739 5672
f 5672 5739 5673
f 5672 5673 5606
f 5673 5740 5741
f 5673 5741 5674
f 5674 5741 5742
f 5674 5742 5675
f 5675 5742 5743
f 5675 5743 5676
f 5676 5743 5744
f 5676 5744 5677
f 5677 5744 5745
f 5677 5745 5678
f 5678 5745 5746
f 5678 5746 5679
f 5679 5746 5747
f 5679 5747 5680
f 5680 5747 5748
f 5680 5748 5681
f 5681 5748 5749
f 5681 5749 5682
f 5682 5749 5750
f 5682 5750 5683
f 5683 5750 5751
f 5683 5751 5684
f 5684 5751 5752
f 5684 5752 5685
f 5685 5752 5753
f 5685 5753 5686
f 5686 5753 5754
f 5686 5754 5687
f 5687 5754 5755
f 5687 5755 5688
f 5688 5755 5756
f 5688 5756 5689
f 5689 5756 5757
f 5689 5757 5690
f 5690 5757 5758
f 5690 5758 5691
f 5691 5758 5759
f 5691 5759 5692
f 5692 5759 5760
f 5692 5760 5693
f 5693 5760 5761
f 5693 5761 5694
f 5694 5761 5762
f 5694 5762 5695
f 5695 5762 5763
f 5695 5763 5696
f 5696 5763 5764
f 5696 5764 5697
f 5697 5764 5765
f 5697 5765 5698
f 5698 5765 5766
f 5698 5766 5699
f 5699 5766 5767
f 5699 5767 5700
f 5700 5767 5768
f 5700 5768 5701
f 5701 5768 5769
f 5701 5769 5702
f 5702 5769 5770
f 5702 5770 5703
f 5703 5770 5771
f 5703 5771 5704
f 5704 5771 5772
f 5704 5772 5705
f 5705 5772 5773
f 5705 5773 5706
f 5706 5773 5774
f 5706 5774 5707
f 5707 5774 5775
f 5707 5775 5708
f 5708 5775 5776
f 5708 5776 5709
f 5709 5776 5777
f 5709 5777 5710
f 5710 5777 5778
f 5710 5778 5711
f 5711 5778 5779
f 5711 5779 5712
f 5712 5779 5780
f 5712 5780 5713
f 5713 5780 5781
f 5713 5781 5714
f 5714 5781 5782
f 5714 5782 5715
f 5715 5782 5783
f 5715 5783 5716
f 5716 5783 5784
f 5716 5784 5717
f 5717 5784 5785
f 5717 5785 5718
f 5718 5785 5786
f 5718 5786 5719
f 5719 5786 5787
f 5719 5787 5720
f 5720 5787 5788
f 5720 5788 5721
f 5721 5788 5789
f 5721 5789 5722
f 5722 5789 5790
f 5722 5790 5723
f 5723 5790 5791
f 5723 5791 5724
f 5724 5791 5792
f 5724 5792 5725
f 5725 5792 5793
f 5725 5793 5726
f 5726 5793 5794
f 5726 5794 5727
f 5727 5794 5795
f 5727 5795 5728
f 5728 5795 5796
f 5728 5796 5729
f 5729 5796 5797
f 5729 5797 5730
f 5730 5797 5798
f 5730 5798 5731
f 5731 5798 5799
f 5731 5799 5732
f 5732 5799 5800
f 5732 5800 5733
f 5733 5800 5801
f 5733 5801 5734
f 5734 5801 5802
f 5734 5802 5735
f 5735 5802 5803
f 5735 5803 5736
f 5736 5803 5804
f 5736 5804 5737
f 5737 5804 5805
f 5737 5805 5738
f 5738 5805 5806
f 5738 5806 5739
f 5739 5806 5740
f 5739 5740 5673
f 5740 5807 5808
f 5740 5808 5741
f 5741 5808 5809
f 5741 5809 5742
f 5742 5809 5810
f 5742 5810 5743
f 5743 5810 5811
f 5743 5811 5744
f 5744 5811 5812
f 5744 5812 5745
f 5745 5812 5813
f 5745 5813 5746
f 5746 5813 5814
f 5746 5814 5747
f 5747 5814 5815
f 5747 5815 5748
f 5748 5815 5816
f 5748 5816 5749
f 5749 5816 5817
f 5749 5817 5750
f 5750 5817 5818
f 5750 5818 5751
f 5751 5818 5819
f 5751 5819 5752
f 5752 5819 5820
f 5752 5820 5753
f 5753 5820 5821
f 5753 5821 5754
f 5754 5821 5822
f 5754 5822 5755
f 5755 5822 5823
f 5755 5823 5756
f 5756 5823 5824
f 5756 5824 5757
f 5757 5824 5825
f 5757 5825 5758
f 5758 5825 5826
f 5758 5826 5759
f 5759 5826 5827
f 5759 5827 5760
f 5760 5827 5828
f 5760 5828 5761
f 5761 5828 5829
f 5761 5829 5762
f 5762 5829 5830
f 5762 5830 5763
f 5763 5830 5831
f 5763 5831 5764
f 5764 5831 5832
f 5764 5832 5765
f 5765 5832 5833
f 5765 5833 5766
f 5766 5833 5834
f 5766 5834 5767
f 5767 5834 5835
f 5767 5835 5768
f 5768 5835 5836
f 5768 5836 5769
f 5769 5836 5837
f 5769 5837 5770
f 5770 5837 5838
f 5770 5838 5771
f 5771 5838 5839
f 5771 5839 5772
f 5772 5839 5840
f 5772 5840 5773
f 5773 5840 5841
f 5773 5841 5774
f 5774 5841 5842
f 5774 5842 5775
f 5775 5842 5843
f 5775 5843 5776
f 5776 5843 5844
f 5776 5844 5777
f 5777 5844 5845
f 5777 5845 5778
f 5778 5845 5846
f 5778 5846 5779
f 5779 5846 5847
f 5779 5847 5780
f 5780 5847 5848
f 5780 5848 5781
f 5781 5848 5849
f 5781 5849 5782
f 5782 5849 5850
f 5782 5850 5783
f 5783 5850 5851
f 5783 5851 5784
f 5784 5851 5852
f 5784 5852 5785
f 5785 5852 5853
f 5785 5853 5786
f 5786 5853 5854
f 5786 5854 5787
f 5787 5854 5855
f 5787 5855 5788
f 5788 5855 5856
f 5788 5856 5789
f 5789 5856 5857
f 5789 5857 5790
f 5790 5857 5858
f 5790 5858 5791
f 5791 5858 5859
f 5791 5859 5792
f 5792 5859 5860
f 5792 5860 5793
f 5793 5860 5861
f 5793 5861 5794
f 5794 5861 5862
f 5794 5862 5795
f 5795 5862 5863
f 5795 5863 5796
f 5796 5863 5864
f 5796 5864 5797
f 5797 5864 5865
f 5797 5865 5798
f 5798 5865 5866
f 5798 5866 5799
f 5799 5866 5867
f 5799 5867 5800
f 5800 5867 5868
f 5800 5868 5801
f 5801 5868 5869
f 5801 5869 5802
f 5802 5869 5870
f 5802 5870 5803
f 5803 5870 5871
f 5803 5871 5804
f 5804 5871 5872
f 5804 5872 5805
f 5805 5872 5873
f 5805 5873 5806
f 5806 5873 5807
f 5806 5807 5740
f 5807 5874 5875
f 5807 5875 5808
f 5808 5875 5876
f 5808 5876 5809
f 5809 5876 5877
f 5809 5877 5810
f 5810 5877 5878
f 5810 5878 5811
f 5811 5878 5879
f 5811 5879 5812
f 5812 5879 5880
f 5812 5880 5813
f 5813 5880 5881
f 5813 5881 5814
f 5814 5881 5882
f 5814 5882 5815
f 5815 5882 5883
f 5815 5883 5816
f 5816 5883 5884
f 5816 5884 5817
f 5817 5884 5885
f 5817 5885 5818
f 5818 5885 5886
f 5818 5886 5819
f 5819 5886 5887
f 5819 5887 5820
f 5820 5887 5888
f 5820 5888 5821
f 5821 5888 5889
f 5821 5889 5822
f 5822 5889 5890
f 5822 5890 5823
f 5823 5890 5891
f 5823 5891 5824
f 5824 5891 5892
f 5824 5892 5825
f 5825 5892 5893
f 5825 5893 5826
f 5826 5893 5894
f 5826 5894 5827
f 5827 5894 5895
f 5827 5895 5828
f 5828 5895 5896
f 5828 5896 5829
f 5829 5896 5897
f 5829 5897 5830
f 5830 5897 5898
f 5830 5898 5831
f 5831 5898 5899
f 5831 5899 5832
f 5832 5899 5900
f 5832 5900 5833
f 5833 5900 5901
f 5833 5901 5834
f 5834 5901 5902
f 5834 5902 5835
f 5835 5902 5903
f 5835 5903 5836
f 5836 5903 5904
f 5836 5904 5837
f 5837 5904 5905
f 5837 5905 5838
f 5838 5905 5906
f 5838 5906 5839
f 5839 5906 5907
f 5839 5907 5840
f 5840 5907 5908
f 5840 5908 5841
f 5841 5908 5909
f 5841 5909 5842
f 5842 5909 5910
f 5842 5910 5843
f 5843 5910 5911
f 5843 5911 5844
f 5844 5911 5912
f 5844 5912 5845
f 5845 5912 5913
f 5845 5913 5846
f 5846 5913 5914
f 5846 5914 5847
f 5847 5914 5915
f 5847 5915 5848
f 5848 5915 5916
f 5848 5916 5849
f 5849 5916 5917
f 5849 5917 5850
f 5850 5917 5918
f 5850 5918 5851
f 5851 5918 5919
f 5851 5919 5852
f 5852 5919 5920
f 5852 5920 5853
f 5853 5920 5921
f 5853 5921 5854
f 5854 5921 5922
f 5854 5922 5855
f 5855 5922 5923
f 5855 5923 5856
f 5856 5923 5924
f 5856 5924 5857
f 5857 5924 5925
f 5857 5925 5858
f 5858 5925 5926
f 5858 5926 5859
f 5859 5926 5927
f 5859 5927 5860
f 5860 5927 5928
f 5860 5928 5861
f 5861 5928 5929
f 5861 5929 5862
f 5862 5929 5930
f 5862 5930 5863
f 5863 5930 5931
f 5863 5931 5864
f 5864 5931 5932
f 5864 5932 5865
f 5865 5932 5933
f 5865 5933 5866
f 5866 5933 5934
f 5866 5934 5867
f 5867 5934 5935
f 5867 5935 5868
f 5868 5935 5936
f 5868 5936 5869
f 5869 5936 5937
f 5869 5937 5870
f 5870 5937 5938
f 5870 5938 5871
f 5871 5938 5939
f 5871 5939 5872
f 5872 5939 5940
f 5872 5940 5873
f 5873 5940 5874
f 5873 5874 5807
f 5874 5941 5942
f 5874 5942 5875
f 5875 5942 5943
f 5875 5943 5876
f 5876 5943 5944
f 5876 5944 5877
f 5877 5944 5945
f 5877 5945 5878
f 5878 5945 5946
f 5878 5946 5879
f 5879 5946 5947
f 5879 5947 5880
f 5880 5947 5948
f 5880 5948 5881
f 5881 5948 5949
f 5881 5949 5882
f 5882 5949 5950
f 5882 5950 5883
f 5883 5950 5951
f 5883 5951 5884
f 5884 5951 5952
f 5884 5952 5885
f 5885 5952 5953
f 5885 5953 5886
f 5886 5953 5954
f 5886 5954 5887
f 5887 5954 5955
f 5887 5955 5888
f 5888 5955 5956
f 5888 5956 5889
f 5889 5956 5957
f 5889 5957 5890
f 5890 5957 5958
f 5890 5958 5891
f 5891 5958 5959
f 5891 5959 5892
f 5892 5959 5960
f 5892 5960 5893
f 5893 5960 5961
f 5893 5961 5894
f 5894 5961 5962
f 5894 5962 5895
f 5895 5962 5963
f 5895 5963 5896
f 5896 5963 5964
f 5896 5964 5897
f 5897 5964 5965
f 5897 5965 5898
f 5898 5965 5966
f 5898 5966 5899
f 5899 5966 5967
f 5899 5967 5900
f 5900 5967 5968
f 5900 5968 5901
f 5901 5968 5969
f 5901 5969 5902
f 5902 5969 5970
f 5902 5970 5903
f 5903 5970 5971
f 5903 5971 5904
f 5904 5971 5972
f 5904 5972 5905
f 5905 5972 5973
f 5905 5973 5906
f 5906 5973 5974
f 5906 5974 5907
f 5907 5974 5975
f 5907 5975 5908
f 5908 5975 5976
f 5908 5976 5909
f 5909 5976 5977
f 5909 5977 5910
f 5910 5977 5978
f 5910 5978 5911
f 5911 5978 5979
f 5911 5979 5912
f 5912 5979 5980
f 5912 5980 5913
f 5913 5980 5981
f 5913 5981 5914
f 5914 5981 5982
f 5914 5982 5915
f 5915 5982 5983
f 5915 5983 5916
f 5916 5983 5984
f 5916 5984 5917
f 5917 5984 5985
f 5917 5985 5918
f 5918 5985 5986
f 5918 5986 5919
f 5919 5986 5987
f 5919 5987 5920
f 5920 5987 5988
f 5920 5988 5921
f 5921 5988 5989
f 5921 5989 5922
f 5922 5989 5990
f 5922 5990 5923
f 5923 5990 5991
f 5923 5991 5924
f 5924 5991 5992
f 5924 5992 5925
f 5925 5992 5993
f 5925 5993 5926
f 5926 5993 5994
f 5926 5994 5927
f 5927 5994 5995
f 5927 5995 5928
f 5928 5995 5996
f 5928 5996 5929
f 5929 5996 5997
f 5929 5997 5930
f 5930 5997 5998
f 5930 5998 5931
f 5931 5998 5999
f 5931 5999 5932
f 5932 5999 6000
f 5932 6000 5933
f 5933 6000 6001
f 5933 6001 5934
f 5934 6001 6002
f 5934 6002 5935
f 5935 6002 6003
f 5935 6003 5936
f 5936 6003 6004
f 5936 6004 5937
f 5937 6004 6005
f 5937 6005 5938
f 5938 6005 6006
f 5938 6006 5939
f 5939 6006 6007
f 5939 6007 5940
f 5940 6007 5941
f 5940 5941 5874
f 4936 5003 5004
f 4936 5004 4937
f 4937 5004 5005
f 4937 5005 4938
f 4938 5005 5006
f 4938 5006 4939
f 4939 5006 5007
f 4939 5007 4940
f 4940 5007 5008
f 4940 5008 4941
f 4941 5008 5009
f 4941 5009 4942
f 4942 5009 5010
f 4942 5010 4943
f 4943 5010 5011
f 4943 5011 4944
f 4944 5011 5012
f 4944 5012 4945
f 4945 5012 5013
f 4945 5013 4946
f 4946 5013 5014
f 4946 5014 4947
f 4947 5014 5015
f 4947 5015 4948
f 4948 5015 5016
f 4948 5016 4949
f 4949 5016 5017
f 4949 5017 4950
f 4950 5017 5018
f 4950 5018 4951
f 4951 5018 5019
f 4951 5019 4952
f 4952 5019 5020
f 4952 5020 4953
f 4953 5020 5021
f 4953 5021 4954
f 4954 5021 5022
f 4954 5022 4955
f 4955 5022 5023
f 4955 5023 4956
f 4956 5023 5024
f 4956 5024 4957
f 4957 5024 5025
f 4957 5025 4958
f 4958 5025 5026
f 4958 5026 4959
f 4959 5026 5027
f 4959 5027 4960
f 4960 5027 5028
f 4960 5028 4961
f 4961 5028 5029
f 4961 5029 4962
f 4962 5029 5030
f 4962 5030 4963
f 4963 5030 5031
f 4963 5031 4964
f 4964 5031 5032
f 4964 5032 4965
f 4965 5032 5033
f 4965 5033 4966
f 4966 5033 5034
f 4966 5034 4967
f 4967 5034 5035
f 4967 5035 4968
f 4968 5035 5036
f 4968 5036 4969
f 4969 5036 5037
f 4969 5037 4970
f 4970 5037 5038
f 4970 5038 4971
f 4971 5038 5039
f 4971 5039 4972
f 4972 5039 5040
f 4972 5040 4973
f 4973 5040 5041
f 4973 5041 4974
f 4974 5041 5042
f 4974 5042 4975
f 4975 5042 5043
f 4975 5043 4976
f 4976 5043 5044
f 4976 5044 4977
f 4977 5044 5045
f 4977 5045 4978
f 4978 5045 5046
f 4978 5046 4979
f 4979 5046 5047
f 4979 5047 4980
f 4980 5047 5048
f 4980 5048 4981
f 4981 5048 5049
f 4981 5049 4982
f 4982 5049 5050
f 4982 5050 4983
f 4983 5050 5051
f 4983 5051 4984
f 4984 5051 5052
f 4984 5052 4985
f 4985 5052 5053
f 4985 5053 4986
f 4986 5053 5054
f 4986 5054 4987
f 4987 5054 5055
f 4987 5055 4988
f 4988 5055 5056
f 4988 5056 4989
f 4989 5056 5057
f 4989 5057 4990
f 4990 5057 5058
f 4990 5058 4991
f 4991 5058 5059
f 4991 5059 4992
f 4992 5059 5060
f 4992 5060 4993
f 4993 5060 5061
f 4993 5061 4994
f 4994 5061 5062
f 4994 5062 4995
f 4995 5062 5063
f 4995 5063 4996
f 4996 5063 5064
f 4996 5064 4997
f 4997 5064 5065
f 4997 5065 4998
f 4998 5065 5066
f 4998 5066 4999
f 4999 5066 5067
f 4999 5067 5000
f 5000 5067 5068
f 5000 5068 5001
f 5001 5068 5069
f 5001 5069 5002
f 5002 5069 5003
f 5002 5003 4936
f 5003 5070 5071
f 5003 5071 5004
f 5004 5071 5072
f 5004 5072 5005
f 5005 5072 5073
f 5005 5073 5006
f 5006 5073 5074
f 5006 5074 5007
f 5007 5074 5075
f 5007 5075 5008
f 5008 5075 5076
f 5008 5076 5009
f 5009 5076 5077
f 5009 5077 5010
f 5010 5077 5078
f 5010 5078 5011
f 5011 5078 5079
f 5011 5079 5012
f 5012 5079 5080
f 5012 5080 5013
f 5013 5080 5081
f 5013 5081 5014
f 5014 5081 5082
f 5014 5082 5015
f 5015 5082 5083
f 5015 5083 5016
f 5016 5083 5084
f 5016 5084 5017
f 5017 5084 5085
f 5017 5085 5018
f 5018 5085 5086
f 5018 5086 5019
f 5019 5086 5087
f 5019 5087 5020
f 5020 5087 5088
f 5020 5088 5021
f 5021 5088 5089
f 5021 5089 5022
f 5022 5089 5090
f 5022 5090 5023
f 5023 5090 5091
f 5023 5091 5024
f 5024 5091 5092
f 5024 5092 5025
f 5025 5092 5093
f 5025 5093 5026
f 5026 5093 5094
f 5026 5094 5027
f 5027 5094 5095
f 5027 5095 5028
f 5028 5095 5096
f 5028 5096 5029
f 5029 5096 5097
f 5029 5097 5030
f 5030 5097 5098
f 5030 5098 5031
f 5031 5098 5099
f 5031 5099 5032
f 5032 5099 5100
f 5032 5100 5033
f 5033 5100 5101
f 5033 5101 5034
f 5034 5101 5102
f 5034 5102 5035
f 5035 5102 5103
f 5035 5103 5036
f 5036 5103 5104
f 5036 5104 5037
f 5037 5104 5105
f 5037 5105 5038
f 5038 5105 5106
f 5038 5106 5039
f 5039 5106 5107
f 5039 5107 5040
f 5040 5107 5108
f 5040 5108 5041
f 5041 5108 5109
f 5041 5109 5042
f 5042 5109 5110
f 5042 5110 5043
f 5043 5110 5111
f 5043 5111 5044
f 5044 5111 5112
f 5044 5112 5045
f 5045 5112 5113
f 5045 5113 5046
f 5046 5113 5114
f 5046 5114 5047
f 5047 5114 5115
f 5047 5115 5048
f 5048 5115 5116
f 5048 5116 5049
f 5049 5116 5117
f 5049 5117 5050
f 5050 5117 5118
f 5050 5118 5051
f 5051 5118 5119
f 5051 5119 5052
f 5052 5119 5120
f 5052 5120 5053
f 5053 5120 5121
f 5053 5121 5054
f 5054 5121 5122
f 5054 5122 5055
f 5055 5122 5123
f 5055 5123 5056
f 5056 5123 5124
f 5056 5124 5057
f 5057 5124 5125
f 5057 5125 5058
f 5058 5125 5126
f 5058 5126 5059
f 5059 5126 5127
f 5059 5127 5060
f 5060 5127 5128
f 5060 5128 5061
f 5061 5128 5129
f 5061 5129 5062
f 5062 5129 5130
f 5062 5130 5063
f 5063 5130 5131
f 5063 5131 5064
f 5064 5131 5132
f 5064 5132 5065
f 5065 5132 5133
f 5065 5133 5066
f 5066 5133 5134
f 5066 5134 5067
f 5067 5134 5135
f 5067 5135 5068
f 5068 5135 5136
f 5068 5136 5069
f 5069 5136 5070
f 5069 5070 5003
f 5070 5137 5138
f 5070 5138 5071
f 5071 5138 5139
f 5071 5139 5072
f 5072 5139 5140
f 5072 5140 5073
f 5073 5140 5141
f 5073 5141 5074
f 5074 5141 5142
f 5074 5142 5075
f 5075 5142 5143
f 5075 5143 5076
f 5076 5143 5144
f 5076 5144 5077
f 5077 5144 5145
f 5077 5145 5078
f 5078 5145 5146
f 5078 5146 5079
f 5079 5146 5147
f 5079 5147 5080
f 5080 5147 5148
f 5080 5148 5081
f 5081 5148 5149
f 5081 5149 5082
f 5082 5149 5150
f 5082 5150 5083
f 5083 5150 5151
f 5083 5151 5084
f 5084 5151 5152
f 5084 5152 5085
f 5085 5152 5153
f 5085 5153 5086
f 5086 5153 5154
f 5086 5154 5087
f 5087 5154 5155
f 5087 5155 5088
f 5088 5155 5156
f 5088 5156 5089
f 5089 5156 5157
f 5089 5157 5090
f 5090 5157 5158
f 5090 5158 5091
f 5091 5158 5159
f 5091 5159 5092
f 5092 5159 5160
f 5092 5160 5093
f 5093 5160 5161
f 5093 5161 5094
f 5094 5161 5162
f 5094 5162 5095
f 5095 5162 5163
f 5095 5163 5096
f 5096 5163 5164
f 5096 5164 5097
f 5097 5164 5165
f 5097 5165 5098
f 5098 5165 5166
f 5098 5166 5099
f 5099 5166 5167
f 5099 5167 5100
f 5100 5167 5168
f 5100 5168 5101
f 5101 5168 5169
f 5101 5169 5102
f 5102 5169 5170
f 5102 5170 5103
f 5103 5170 5171
f 5103 5171 5104
f 5104 5171 5172
f 5104 5172 5105
f 5105 5172 5173
f 5105 5173 5106
f 5106 5173 5174
f 5106 5174 5107
f 5107 5174 5175
f 5107 5175 5108
f 5108 5175 5176
f 5108 5176 5109
f 5109 5176 5177
f 5109 5177 5110
f 5110 5177 5178
f 5110 5178 5111
f 5111 5178 5179
f 5111 5179 5112
f 5112 5179 5180
f 5112 5180 5113
f 5113 5180 5181
f 5113 5181 5114
f 5114 5181 5182
f 5114 5182 5115
f 5115 5182 5183
f 5115 5183 5116
f 5116 5183 5184
f 5116 5184 5117
f 5117 5184 5185
f 5117 5185 5118
f 5118 5185 5186
f 5118 5186 5119
f 5119 5186 5187
f 5119 5187 5120
f 5120 5187 5188
f 5120 5188 5121
f 5121 5188 5189
f 5121 5189 5122
f 5122 5189 5190
f 5122 5190 5123
f 5123 5190 5191
f 5123 5191 5124
f 5124 5191 5192
f 5124 5192 5125
f 5125 5192 5193
f 5125 5193 5126
f 5126 5193 5194
f 5126 5194 5127
f 5127 5194 5195
f 5127 5195 5128
f 5128 5195 5196
f 5128 5196 5129
f 5129 5196 5197
f 5129 5197 5130
f 5130 5197 5198
f 5130 5198 5131
f 5131 5198 5199
f 5131 5199 5132
f 5132 5199 5200
f 5132 5200 5133
f 5133 5200 5201
f 5133 5201 5134
f 5134 5201 5202
f 5134 5202 5135
f 5135 5202 5203
f 5135 5203 5136
f 5136 5203 5137
f 5136 5137 5070
f 5137 5204 5205
f 5137 5205 5138
f 5138 5205 5206
f 5138 5206 5139
f 5139 5206 5207
f 5139 5207 5140
f 5140 5207 5208
f 5140 5208 5141
f 5141 5208 5209
f 5141 5209 5142
f 5142 5209 5210
f 5142 5210 5143
f 5143 5210 5211
f 5143 5211 5144
f 5144 5211 5212
f 5144 5212 5145
f 5145 5212 5213
f 5145 5213 5146
f 5146 5213 5214
f 5146 5214 5147
f 5147 5214 5215
f 5147 5215 5148
f 5148 5215 5216
f 5148 5216 5149
f 5149 5216 5217
f 5149 5217 5150
f 5150 5217 5218
f 5150 5218 5151
f 5151 5218 5219
f 5151 5219 5152
f 5152 5219 5220
f 5152 5220 5153
f 5153 5220 5221
f 5153 5221 5154
f 5154 5221 5222
f 5154 5222 5155
f 5155 5222 5223
f 5155 5223 5156
f 5156 5223 5224
f 5156 5224 5157
f 5157 5224 5225
f 5157 5225 5158
f 5158 5225 5226
f 5158 5226 5159
f 5159 5226 5227
f 5159 5227 5160
f 5160 5227 5228
f 5160 5228 5161
f 5161 5228 5229
f 5161 5229 5162
f 5162 5229 5230
f 5162 5230 5163
f 5163 5230 5231
f 5163 5231 5164
f 5164 5231 5232
f 5164 5232 5165
f 5165 5232 5233
f 5165 5233 5166
f 5166 5233 5234
f 5166 5234 5167
f 5167 5234 5235
f 5167 5235 5168
f 5168 5235 5236
f 5168 5236 5169
f 5169 5236 5237
f 5169 5237 5170
f 5170 5237 5238
f 5170 5238 5171
f 5171 5238 5239
f 5171 5239 5172
f 5172 5239 5240
f 5172 5240 5173
f 5173 5240 5241
f 5173 5241 5174
f 5174 5241 5242
f 5174 5242 5175
f 5175 5242 5243
f 5175 5243 5176
f 5176 5243 5244
f 5176 5244 5177
f 5177 5244 5245
f 5177 5245 5178
f 5178 5245 5246
f 5178 5246 5179
f 5179 5246 5247
f 5179 5247 5180
f 5180 5247 5248
f 5180 5248 5181
f 5181 5248 5249
f 5181 5249 5182
f 5182 5249 5250
f 5182 5250 5183
f 5183 5250 5251
f 5183 5251 5184
f 5184 5251 5252
f 5184 5252 5185
f 5185 5252 5253
f 5185 5253 5186
f 5186 5253 5254
f 5186 5254 5187
f 5187 5254 5255
f 5187 5255 5188
f 5188 5255 5256
f 5188 5256 5189
f 5189 5256 5257
f 5189 5257 5190
f 5190 5257 5258
f 5190 5258 5191
f 5191 5258 5259
f 5191 5259 5192
f 5192 5259 5260
f 5192 5260 5193
f 5193 5260 5261
f 5193 5261 5194
f 5194 5261 5262
f 5194 5262 5195
f 5195 5262 5263
f 5195 5263 5196
f 5196 5263 5264
f 5196 5264 5197
f 5197 5264 5265
f 5197 5265 5198
f 5198 5265 5266
f 5198 5266 5199
f 5199 5266 5267
f 5199 5267 5200
f 5200 5267 5268
f 5200 5268 5201
f 5201 5268 5269
f 5201 5269 5202
f 5202 5269 5270
f 5202 5270 5203
f 5203 5270 5204
f 5203 5204 5137
f 5204 5271 5272
f 5204 5272 5205
f 5205 5272 5273
f 5205 5273 5206
f 5206 5273 5274
f 5206 5274 5207
f 5207 5274 5275
f 5207 5275 5208
f 5208 5275 5276
f 5208 5276 5209
f 5209 5276 5277
f 5209 5277 5210
f 5210 5277 5278
f 5210 5278 5211
f 5211 5278 5279
f 5211 5279 5212
f 5212 5279 5280
f 5212 5280 5213
f 5213 5280 5281
f 5213 5281 5214
f 5214 5281 5282
f 5214 5282 5215
f 5215 5282 5283
f 5215 5283 5216
f 5216 5283 5284
f 5216 5284 5217
f 5217 5284 5285
f 5217 5285 5218
f 5218 5285 5286
f 5218 5286 5219
f 5219 5286 5287
f 5219 5287 5220
f 5220 5287 5288
f 5220 5288 5221
f 5221 5288 5289
f 5221 5289 5222
f 5222 5289 5290
f 5222 5290 5223
f 5223 5290 5291
f 5223 5291 5224
f 5224 5291 5292
f 5224 5292 5225
f 5225 5292 5293
f 5225 5293 5226
f 5226 5293 5294
f 5226 5294 5227
f 5227 5294 5295
f 5227 5295 5228
f 5228 5295 5296
f 5228 5296 5229
f 5229 5296 5297
f 5229 5297 5230
f 5230 5297 5298
f 5230 5298 5231
f 5231 5298 5299
f 5231 5299 5232
f 5232 5299 5300
f 5232 5300 5233
f 5233 5300 5301
f 5233 5301 5234
f 5234 5301 5302
f 5234 5302 5235
f 5235 5302 5303
f 5235 5303 5236
f 5236 5303 5304
f 5236 5304 5237
f 5237 5304 5305
f 5237 5305 5238
f 5238 5305 5306
f 5238 5306 5239
f 5239 5306 5307
f 5239 5307 5240
f 5240 5307 5308
f 5240 5308 5241
f 5241 5308 5309
f 5241 5309 5242
f 5242 5309 5310
f 5242 5310 5243
f 5243 5310 5311
f 5243 5311 5244
f 5244 5311 5312
f 5244 5312 5245
f 5245 5312 5313
f 5245 5313 5246
f 5246 5313 5314
f 5246 5314 5247
f 5247 5314 5315
f 5247 5315 5248
f 5248 5315 5316
f 5248 5316 5249
f 5249 5316 5317
f 5249 5317 5250
f 5250 5317 5318
f 5250 5318 5251
f 5251 5318 5319
f 5251 5319 5252
f 5252 5319 5320
f 5252 5320 5253
f 5253 5320 5321
f 5253 5321 5254
f 5254 5321 5322
f 5254 5322 5255
f 5255 5322 5323
f 5255 5323 5256
f 5256 5323 5324
f 5256 5324 5257
f 5257 5324 5325
f 5257 5325 5258
f 5258 5325 5326
f 5258 5326 5259
f 5259 5326 5327
f 5259 5327 5260
f 5260 5327 5328
f 5260 5328 5261
f 5261 5328 5329
f 5261 5329 5262
f 5262 5329 5330
f 5262 5330 5263
f 5263 5330 5331
f 5263 5331 5264
f 5264 5331 5332
f 5264 5332 5265
f 5265 5332 5333
f 5265 5333 5266
f 5266 5333 5334
f 5266 5334 5267
f 5267 5334 5335
f 5267 5335 5268
f 5268 5335 5336
f 5268 5336 5269
f 5269 5336 5337
f 5269 5337 5270
f 5270 5337 5271
f 5270 5271 5204
f 5271 5338 5339
f 5271 5339 5272
f 5272 5339 5340
f 5272 5340 5273
f 5273 5340 5341
f 5273 5341 5274
f 5274 5341 5342
f 5274 5342 5275
f 5275 5342 5343
f 5275 5343 5276
f 5276 5343 5344
f 5276 5344 5277
f 5277 5344 5345
f 5277 5345 5278
f 5278 5345 5346
f 5278 5346 5279
f 5279 5346 5347
f 5279 5347 5280
f 5280 5347 5348
f 5280 5348 5281
f 5281 5348 5349
f 5281 5349 5282
f 5282 5349 5350
f 5282 5350 5283
f 5283 5350 5351
f 5283 5351 5284
f 5284 5351 5352
f 5284 5352 5285
f 5285 5352 5353
f 5285 5353 5286
f 5286 5353 5354
f 5286 5354 5287
f 5287 5354 5355
f 5287 5355 5288
f 5288 5355 5356
f 5288 5356 5289
f 5289 5356 5357
f 5289 5357 5290
f 5290 5357 5358
f 5290 5358 5291
f 5291 5358 5359
f 5291 5359 5292
f 5292 5359 5360
f 5292 5360 5293
f 5293 5360 5361
f 5293 5361 5294
f 5294 5361 5362
f 5294 5362 5295
f 5295 5362 5363
f 5295 5363 5296
f 5296 5363 5364
f 5296 5364 5297
f 5297 5364 5365
f 5297 5365 5298
f 5298 5365 5366
f 5298 5366 5299
f 5299 5366 5367
f 5299 5367 5300
f 5300 5367 5368
f 5300 5368 5301
f 5301 5368 5369
f 5301 5369 5302
f 5302 5369 5370
f 5302 5370 5303
f 5303 5370 5371
f 5303 5371 5304
f 5304 5371 5372
f 5304 5372 5305
f 5305 5372 5373
f 5305 5373 5306
f 5306 5373 5374
f 5306 5374 5307
f 5307 5374 5375
f 5307 5375 5308
f 5308 5375 5376
f 5308 5376 5309
f 5309 5376 5377
f 5309 5377 5310
f 5310 5377 5378
f 5310 5378 5311
f 5311 5378 5379
f 5311 5379 5312
f 5312 5379 5380
f 5312 5380 5313
f 5313 5380 5381
f 5313 5381 5314
f 5314 5381 5382
f 5314 5382 5315
f 5315 5382 5383
f 5315 5383 5316
f 5316 5383 5384
f 5316 5384 5317
f 5317 5384 5385
f 5317 5385 5318
f 5318 5385 5386
f 5318 5386 5319
f 5319 5386 5387
f 5319 5387 5320
f 5320 5387 5388
f 5320 5388 5321
f 5321 5388 5389
f 5321 5389 5322
f 5322 5389 5390
f 5322 5390 5323
f 5323 5390 5391
f 5323 5391 5324
f 5324 5391 5392
f 5324 5392 5325
f 5325 5392 5393
f 5325 5393 5326
f 5326 5393 5394
f 5326 5394 5327
f 5327 5394 5395
f 5327 5395 5328
f 5328 5395 5396
f 5328 5396 5329
f 5329 5396 5397
f 5329 5397 5330
f 5330 5397 5398
f 5330 5398 5331
f 5331 5398 5399
f 5331 5399 5332
f 5332 5399 5400
f 5332 5400 5333
f 5333 5400 5401
f 5333 5401 5334
f 5334 5401 5402
f 5334 5402 5335
f 5335 5402 5403
f 5335 5403 5336
f 5336 5403 5404
f 5336 5404 5337
f 5337 5404 5338
f 5337 5338 5271
f 5338 5405 5406
f 5338 5406 5339
f 5339 5406 5407
f 5339 5407 5340
f 5340 5407 5408
f 5340 5408 5341
f 5341 5408 5409
f 5341 5409 5342
f 5342 5409 5410
f 5342 5410 5343
f 5343 5410 5411
f 5343 5411 5344
f 5344 5411 5412
f 5344 5412 5345
f 5345 5412 5413
f 5345 5413 5346
f 5346 5413 5414
f 5346 5414 5347
f 5347 5414 5415
f 5347 5415 5348
f 5348 5415 5416
f 5348 5416 5349
f 5349 5416 5417
f 5349 5417 5350
f 5350 5417 5418
f 5350 5418 5351
f 5351 5418 5419
f 5351 5419 5352
f 5352 5419 5420
f 5352 5420 5353
f 5353 5420 5421
f 5353 5421 5354
f 5354 5421 5422
f 5354 5422 5355
f 5355 5422 5423
f 5355 5423 5356
f 5356 5423 5424
f 5356 5424 5357
f 5357 5424 5425
f 5357 5425 5358
f 5358 5425 5426
f 5358 5426 5359
f 5359 5426 5427
f 5359 5427 5360
f 5360 5427 5428
f 5360 5428 5361
f 5361 5428 5429
f 5361 5429 5362
f 5362 5429 5430
f 5362 5430 5363
f 5363 5430 5431
f 5363 5431 5364
f 5364 5431 5432
f 5364 5432 5365
f 5365 5432 5433
f 5365 5433 5366
f 5366 5433 5434
f 5366 5434 5367
f 5367 5434 5435
f 5367 5435 5368
f 5368 5435 5436
f 5368 5436 5369
f 5369 5436 5437
f 5369 5437 5370
f 5370 5437 5438
f 5370 5438 5371
f 5371 5438 5439
f 5371 5439 5372
f 5372 5439 5440
f 5372 5440 5373
f 5373 5440 5441
f 5373 5441 5374
f 5374 5441 5442
f 5374 5442 5375
f 5375 5442 5443
f 5375 5443 5376
f 5376 5443 5444
f 5376 5444 5377
f 5377 5444 5445
f 5377 5445 5378
f 5378 5445 5446
f 5378 5446 5379
f 5379 5446 5447
f 5379 5447 5380
f 5380 5447 5448
f 5380 5448 5381
f 5381 5448 5449
f 5381 5449 5382
f 5382 5449 5450
f 5382 5450 5383
f 5383 5450 5451
f 5383 5451 5384
f 5384 5451 5452
f 5384 5452 5385
f 5385 5452 5453
f 5385 5453 5386
f 5386 5453 5454
f 5386 5454 5387
f 5387 5454 5455
f 5387 5455 5388
f 5388 5455 5456
f 5388 5456 5389
f 5389 5456 5457
f 5389 5457 5390
f 5390 5457 5458
f 5390 5458 5391
f 5391 5458 5459
f 5391 5459 5392
f 5392 5459 5460
f 5392 5460 5393
f 5393 5460 5461
f 5393 5461 5394
f 5394 5461 5462
f 5394 5462 5395
f 5395 5462 5463
f 5395 5463 5396
f 5396 5463 5464
f 5396 5464 5397
f 5397 5464 5465
f 5397 5465 5398
f 5398 5465 5466
f 5398 5466 5399
f 5399 5466 5467
f 5399 5467 5400
f 5400 5467 5468
f 5400 5468 5401
f 5401 5468 5469
f 5401 5469 5402
f 5402 5469 5470
f 5402 5470 5403
f 5403 5470 5471
f 5403 5471 5404
f 5404 5471 5405
f 5404 5405 5338
f 6008 6079 6080
f 6008 6080 6009
f 6009 6080 6081
f 6009 6081 6010
f 6010 6081 6082
f 6010 6082 6011
f 6011 6082 6083
f 6011 6083 6012
f 6012 6083 6084
f 6012 6084 6013
f 6013 6084 6085
f 6013 6085 6014
f 6014 6085 6086
f 6014 6086 6015
f 6015 6086 6087
f 6015 6087 6016
f 6016 6087 6088
f 6016 6088 6017
f 6017 6088 6089
f 6017 6089 6018
f 6018 6089 6090
f 6018 6090 6019
f 6019 6090 6091
f 6019 6091 6020
f 6020 6091 6092
f 6020 6092 6021
f 6021 6092 6093
f 6021 6093 6022
f 6022 6093 6094
f 6022 6094 6023
f 6023 6094 6095
f 6023 6095 6024
f 6024 6095 6096
f 6024 6096 6025
f 6025 6096 6097
f 6025 6097 6026
f 6026 6097 6098
f 6026 6098 6027
f 6027 6098 6099
f 6027 6099 6028
f 6028 6099 6100
f 6028 6100 6029
f 6029 6100 6101
f 6029 6101 6030
f 6030 6101 6102
f 6030 6102 6031
f 6031 6102 6103
f 6031 6103 6032
f 6032 6103 6104
f 6032 6104 6033
f 6033 6104 6105
f 6033 6105 6034
f 6034 6105 6106
f 6034 6106 6035
f 6035 6106 6107
f 6035 6107 6036
f 6036 6107 6108
f 6036 6108 6037
f 6037 6108 6109
f 6037 6109 6038
f 6038 6109 6110
f 6038 6110 6039
f 6039 6110 6111
f 6039 6111 6040
f 6040 6111 6112
f 6040 6112 6041
f 6041 6112 6113
f 6041 6113 6042
f 6042 6113 6114
f 6042 6114 6043
f 6043 6114 6115
f 6043 6115 6044
f 6044 6115 6116
f 6044 6116 6045
f 6045 6116 6117
f 6045 6117 6046
f 6046 6117 6118
f 6046 6118 6047
f 6047 6118 6119
f 6047 6119 6048
f 6048 6119 6120
f 6048 6120 6049
f 6049 6120 6121
f 6049 6121 6050
f 6050 6121 6122
f 6050 6122 6051
f 6051 6122 6123
f 6051 6123 6052
f 6052 6123 6124
f 6052 6124 6053
f 6053 6124 6125
f 6053 6125 6054
f 6054 6125 6126
f 6054 6126 6055
f 6055 6126 6127
f 6055 6127 6056
f 6056 6127 6128
f 6056 6128 6057
f 6057 6128 6129
f 6057 6129 6058
f 6058 6129 6130
f 6058 6130 6059
f 6059 6130 6131
f 6059 6131 6060
f 6060 6131 6132
f 6060 6132 6061
f 6061 6132 6133
f 6061 6133 6062
f 6062 6133 6134
f 6062 6134 6063
f 6063 6134 6135
f 6063 6135 6064
f 6064 6135 6136
f 6064 6136 6065
f 6065 6136 6137
f 6065 6137 6066
f 6066 6137 6138
f 6066 6138 6067
f 6067 6138 6139
f 6067 6139 6068
f 6068 6139 6140
f 6068 6140 6069
f 6069 6140 6141
f 6069 6141 6070
f 6070 6141 6142
f 6070 6142 6071
f 6071 6142 6143
f 6071 6143 6072
f 6072 6143 6144
f 6072 6144 6073
f 6073 6144 6145
f 6073 6145 6074
f 6074 6145 6146
f 6074 6146 6075
f 6075 6146 6147
f 6075 6147 6076
f 6076 6147 6148
f 6076 6148 6077
f 6077 6148 6149
f 6077 6149 6078
f 6078 6149 6079
f 6078 6079 6008
f 6079 6150 6151
f 6079 6151 6080
f 6080 6151 6152
f 6080 6152 6081
f 6081 6152 6153
f 6081 6153 6082
f 6082 6153 6154
f 6082 6154 6083
f 6083 6154 6155
f 6083 6155 6084
f 6084 6155 6156
f 6084 6156 6085
f 6085 6156 6157
f 6085 6157 6086
f 6086 6157 6158
f 6086 6158 6087
f 6087 6158 6159
f 6087 6159 6088
f 6088 6159 6160
f 6088 6160 6089
f 6089 6160 6161
f 6089 6161 6090
f 6090 6161 6162
f 6090 6162 6091
f 6091 6162 6163
f 6091 6163 6092
f 6092 6163 6164
f 6092 6164 6093
f 6093 6164 6165
f 6093 6165 6094
f 6094 6165 6166
f 6094 6166 6095
f 6095 6166 6167
f 6095 6167 6096
f 6096 6167 6168
f 6096 6168 6097
f 6097 6168 6169
f 6097 6169 6098
f 6098 6169 6170
f 6098 6170 6099
f 6099 6170 6171
f 6099 6171 6100
f 6100 6171 6172
f 6100 6172 6101
f 6101 6172 6173
f 6101 6173 6102
f 6102 6173 6174
f 6102 6174 6103
f 6103 6174 6175
f 6103 6175 6104
f 6104 6175 6176
f 6104 6176 6105
f 6105 6176 6177
f 6105 6177 6106
f 6106 6177 6178
f 6106 6178 6107
f 6107 6178 6179
f 6107 6179 6108
f 6108 6179 6180
f 6108 6180 6109
f 6109 6180 6181
f 6109 6181 6110
f 6110 6181 6182
f 6110 6182 6111
f 6111 6182 6183
f 6111 6183 6112
f 6112 6183 6184
f 6112 6184 6113
f 6113 6184 6185
f 6113 6185 6114
f 6114 6185 6186
f 6114 6186 6115
f 6115 6186 6187
f 6115 6187 6116
f 6116 6187 6188
f 6116 6188 6117
f 6117 6188 6189
f 6117 6189 6118
f 6118 6189 6190
f 6118 6190 6119
f 6119 6190 6191
f 6119 6191 6120
f 6120 6191 6192
f 6120 6192 6121
f 6121 6192 6193
f 6121 6193 6122
f 6122 6193 6194
f 6122 6194 6123
f 6123 6194 6195
f 6123 6195 6124
f 6124 6195 6196
f 6124 6196 6125
f 6125 6196 6197
f 6125 6197 6126
f 6126 6197 6198
f 6126 6198 6127
f 6127 6198 6199
f 6127 6199 6128
f 6128 6199 6200
f 6128 6200 6129
f 6129 6200 6201
f 6129 6201 6130
f 6130 6201 6202
f 6130 6202 6131
f 6131 6202 6203
f 6131 6203 6132
f 6132 6203 6204
f 6132 6204 6133
f 6133 6204 6205
f 6133 6205 6134
f 6134 6205 6206
f 6134 6206 6135
f 6135 6206 6207
f 6135 6207 6136
f 6136 6207 6208
f 6136 6208 6137
f 6137 6208 6209
f 6137 6209 6138
f 6138 6209 6210
f 6138 6210 6139
f 6139 6210 6211
f 6139 6211 6140
f 6140 6211 6212
f 6140 6212 6141
f 6141 6212 6213
f 6141 6213 6142
f 6142 6213 6214
f 6142 6214 6143
f 6143 6214 6215
f 6143 6215 6144
f 6144 6215 6216
f 6144 6216 6145
f 6145 6216 6217
f 6145 6217 6146
f 6146 6217 6218
f 6146 6218 6147
f 6147 6218 6219
f 6147 6219 6148
f 6148 6219 6220
f 6148 6220 6149
f 6149 6220 6150
f 6149 6150 6079
f 6150 6221 6222
f 6150 6222 6151
f 6151 6222 6223
f 6151 6223 6152
f 6152 6223 6224
f 6152 6224 6153
f 6153 6224 6225
f 6153 6225 6154
f 6154 6225 6226
f 6154 6226 6155
f 6155 6226 6227
f 6155 6227 6156
f 6156 6227 6228
f 6156 6228 6157
f 6157 6228 6229
f 6157 6229 6158
f 6158 6229 6230
f 6158 6230 6159
f 6159 6230 6231
f 6159 6231 6160
f 6160 6231 6232
f 6160 6232 6161
f 6161 6232 6233
f 6161 6233 6162
f 6162 6233 6234
f 6162 6234 6163
f 6163 6234 6235
f 6163 6235 6164
f 6164 6235 6236
f 6164 6236 6165
f 6165 6236 6237
f 6165 6237 6166
f 6166 6237 6238
f 6166 6238 6167
f 6167 6238 6239
f 6167 6239 6168
f 6168 6239 6240
f 6168 6240 6169
f 6169 6240 6241
f 6169 6241 6170
f 6170 6241 6242
f 6170 6242 6171
f 6171 6242 6243
f 6171 6243 6172
f 6172 6243 6244
f 6172 6244 6173
f 6173 6244 6245
f 6173 6245 6174
f 6174 6245 6246
f 6174 6246 6175
f 6175 6246 6247
f 6175 6247 6176
f 6176 6247 6248
f 6176 6248 6177
f 6177 6248 6249
f 6177 6249 6178
f 6178 6249 6250
f 6178 6250 6179
f 6179 6250 6251
f 6179 6251 6180
f 6180 6251 6252
f 6180 6252 6181
f 6181 6252 6253
f 6181 6253 6182
f 6182 6253 6254
f 6182 6254 6183
f 6183 6254 6255
f 6183 6255 6184
f 6184 6255 6256
f 6184 6256 6185
f 6185 6256 6257
f 6185 6257 6186
f 6186 6257 6258
f 6186 6258 6187
f 6187 6258 6259
f 6187 6259 6188
f 6188 6259 6260
f 6188 6260 6189
f 6189 6260 6261
f 6189 6261 6190
f 6190 6261 6262
f 6190 6262 6191
f 6191 6262 6263
f 6191 6263 6192
f 6192 6263 6264
f 6192 6264 6193
f 6193 6264 6265
f 6193 6265 6194
f 6194 6265 6266
f 6194 6266 6195
f 6195 6266 6267
f 6195 6267 6196
f 6196 6267 6268
f 6196 6268 6197
f 6197 6268 6269
f 6197 6269 6198
f 6198 6269 6270
f 6198 6270 6199
f 6199 6270 6271
f 6199 6271 6200
f 6200 6271 6272
f 6200 6272 6201
f 6201 6272 6273
f 6201 6273 6202
f 6202 6273 6274
f 6202 6274 6203
f 6203 6274 6275
f 6203 6275 6204
f 6204 6275 6276
f 6204 6276 6205
f 6205 6276 6277
f 6205 6277 6206
f 6206 6277 6278
f 6206 6278 6207
f 6207 6278 6279
f 6207 6279 6208
f 6208 6279 6280
f 6208 6280 6209
f 6209 6280 6281
f 6209 6281 6210
f 6210 6281 6282
f 6210 6282 6211
f 6211 6282 6283
f 6211 6283 6212
f 6212 6283 6284
f 6212 6284 6213
f 6213 6284 6285
f 6213 6285 6214
f 6214 6285 6286
f 6214 6286 6215
f 6215 6286 6287
f 6215 6287 6216
f 6216 6287 6288
f 6216 6288 6217
f 6217 6288 6289
f 6217 6289 6218
f 6218 6289 6290
f 6218 6290 6219
f 6219 6290 6291
f 6219 6291 6220
f 6220 6291 6221
f 6220 6221 6150
f 6221 6292 6293
f 6221 6293 6222
f 6222 6293 6294
f 6222 6294 6223
f 6223 6294 6295
f 6223 6295 6224
f 6224 6295 6296
f 6224 6296 6225
f 6225 6296 6297
f 6225 6297 6226
f 6226 6297 6298
f 6226 6298 6227
f 6227 6298 6299
f 6227 6299 6228
f 6228 6299 6300
f 6228 6300 6229
f 6229 6300 6301
f 6229 6301 6230
f 6230 6301 6302
f 6230 6302 6231
f 6231 6302 6303
f 6231 6303 6232
f 6232 6303 6304
f 6232 6304 6233
f 6233 6304 6305
f 6233 6305 6234
f 6234 6305 6306
f 6234 6306 6235
f 6235 6306 6307
f 6235 6307 6236
f 6236 6307 6308
f 6236 6308 6237
f 6237 6308 6309
f 6237 6309 6238
f 6238 6309 6310
f 6238 6310 6239
f 6239 6310 6311
f 6239 6311 6240
f 6240 6311 6312
f 6240 6312 6241
f 6241 6312 6313
f 6241 6313 6242
f 6242 6313 6314
f 6242 6314 6243
f 6243 6314 6315
f 6243 6315 6244
f 6244 6315 6316
f 6244 6316 6245
f 6245 6316 6317
f 6245 6317 6246
f 6246 6317 6318
f 6246 6318 6247
f 6247 6318 6319
f 6247 6319 6248
f 6248 6319 6320
f 6248 6320 6249
f 6249 6320 6321
f 6249 6321 6250
f 6250 6321 6322
f 6250 6322 6251
f 6251 6322 6323
f 6251 6323 6252
f 6252 6323 6324
f 6252 6324 6253
f 6253 6324 6325
f 6253 6325 6254
f 6254 6325 6326
f 6254 6326 6255
f 6255 6326 6327
f 6255 6327 6256
f 6256 6327 6328
f 6256 6328 6257
f 6257 6328 6329
f 6257 6329 6258
f 6258 6329 6330
f 6258 6330 6259
f 6259 6330 6331
f 6259 6331 6260
f 6260 6331 6332
f 6260 6332 6261
f 6261 6332 6333
f 6261 6333 6262
f 6262 6333 6334
f 6262 6334 6263
f 6263 6334 6335
f 6263 6335 6264
f 6264 6335 6336
f 6264 6336 6265
f 6265 6336 6337
f 6265 6337 6266
f 6266 6337 6338
f 6266 6338 6267
f 6267 6338 6339
f 6267 6339 6268
f 6268 6339 6340
f 6268 6340 6269
f 6269 6340 6341
f 6269 6341 6270
f 6270 6341 6342
f 6270 6342 6271
f 6271 6342 6343
f 6271 6343 6272
f 6272 6343 6344
f 6272 6344 6273
f 6273 6344 6345
f 6273 6345 6274
f 6274 6345 6346
f 6274 6346 6275
f 6275 6346 6347
f 6275 6347 6276
f 6276 6347 6348
f 6276 6348 6277
f 6277 6348 6349
f 6277 6349 6278
f 6278 6349 6350
f 6278 6350 6279
f 6279 6350 6351
f 6279 6351 6280
f 6280 6351 6352
f 6280 6352 6281
f 6281 6352 6353
f 6281 6353 6282
f 6282 6353 6354
f 6282 6354 6283
f 6283 6354 6355
f 6283 6355 6284
f 6284 6355 6356
f 6284 6356 6285
f 6285 6356 6357
f 6285 6357 6286
f 6286 6357 6358
f 6286 6358 6287
f 6287 6358 6359
f 6287 6359 6288
f 6288 6359 6360
f 6288 6360 6289
f 6289 6360 6361
f 6289 6361 6290
f 6290 6361 6362
f 6290 6362 6291
f 6291 6362 6292
f 6291 6292 6221
f 6292 6363 6364
f 6292 6364 6293
f 6293 6364 6365
f 6293 6365 6294
f 6294 6365 6366
f 6294 6366 6295
f 6295 6366 6367
f 6295 6367 6296
f 6296 6367 6368
f 6296 6368 6297
f 6297 6368 6369
f 6297 6369 6298
f 6298 6369 6370
f 6298 6370 6299
f 6299 6370 6371
f 6299 6371 6300
f 6300 6371 6372
f 6300 6372 6301
f 6301 6372 6373
f 6301 6373 6302
f 6302 6373 6374
f 6302 6374 6303
f 6303 6374 6375
f 6303 6375 6304
f 6304 6375 6376
f 6304 6376 6305
f 6305 6376 6377
f 6305 6377 6306
f 6306 6377 6378
f 6306 6378 6307
f 6307 6378 6379
f 6307 6379 6308
f 6308 6379 6380
f 6308 6380 6309
f 6309 6380 6381
f 6309 6381 6310
f 6310 6381 6382
f 6310 6382 6311
f 6311 6382 6383
f 6311 6383 6312
f 6312 6383 6384
f 6312 6384 6313
f 6313 6384 6385
f 6313 6385 6314
f 6314 6385 6386
f 6314 6386 6315
f 6315 6386 6387
f 6315 6387 6316
f 6316 6387 6388
f 6316 6388 6317
f 6317 6388 6389
f 6317 6389 6318
f 6318 6389 6390
f 6318 6390 6319
f 6319 6390 6391
f 6319 6391 6320
f 6320 6391 6392
f 6320 6392 6321
f 6321 6392 6393
f 6321 6393 6322
f 6322 6393 6394
f 6322 6394 6323
f 6323 6394 6395
f 6323 6395 6324
f 6324 6395 6396
f 6324 6396 6325
f 6325 6396 6397
f 6325 6397 6326
f 6326 6397 6398
f 6326 6398 6327
f 6327 6398 6399
f 6327 6399 6328
f 6328 6399 6400
f 6328 6400 6329
f 6329 6400 6401
f 6329 6401 6330
f 6330 6401 6402
f 6330 6402 6331
f 6331 6402 6403
f 6331 6403 6332
f 6332 6403 6404
f 6332 6404 6333
f 6333 6404 6405
f 6333 6405 6334
f 6334 6405 6406
f 6334 6406 6335
f 6335 6406 6407
f 6335 6407 6336
f 6336 6407 6408
f 6336 6408 6337
f 6337 6408 6409
f 6337 6409 6338
f 6338 6409 6410
f 6338 6410 6339
f 6339 6410 6411
f 6339 6411 6340
f 6340 6411 6412
f 6340 6412 6341
f 6341 6412 6413
f 6341 6413 6342
f 6342 6413 6414
f 6342 6414 6343
f 6343 6414 6415
f 6343 6415 6344
f 6344 6415 6416
f 6344 6416 6345
f 6345 6416 6417
f 6345 6417 6346
f 6346 6417 6418
f 6346 6418 6347
f 6347 6418 6419
f 6347 6419 6348
f 6348 6419 6420
f 6348 6420 6349
f 6349 6420 6421
f 6349 6421 6350
f 6350 6421 6422
f 6350 6422 6351
f 6351 6422 6423
f 6351 6423 6352
f 6352 6423 6424
f 6352 6424 6353
f 6353 6424 6425
f 6353 6425 6354
f 6354 6425 6426
f 6354 6426 6355
f 6355 6426 6427
f 6355 6427 6356
f 6356 6427 6428
f 6356 6428 6357
f 6357 6428 6429
f 6357 6429 6358
f 6358 6429 6430
f 6358 6430 6359
f 6359 6430 6431
f 6359 6431 6360
f 6360 6431 6432
f 6360 6432 6361
f 6361 6432 6433
f 6361 6433 6362
f 6362 6433 6363
f 6362 6363 6292
f 6363 6434 6435
f 6363 6435 6364
f 6364 6435 6436
f 6364 6436 6365
f 6365 6436 6437
f 6365 6437 6366
f 6366 6437 6438
f 6366 6438 6367
f 6367 6438 6439
f 6367 6439 6368
f 6368 6439 6440
f 6368 6440 6369
f 6369 6440 6441
f 6369 6441 6370
f 6370 6441 6442
f 6370 6442 6371
f 6371 6442 6443
f 6371 6443 6372
f 6372 6443 6444
f 6372 6444 6373
f 6373 6444 6445
f 6373 6445 6374
f 6374 6445 6446
f 6374 6446 6375
f 6375 6446 6447
f 6375 6447 6376
f 6376 6447 6448
f 6376 6448 6377
f 6377 6448 6449
f 6377 6449 6378
f 6378 6449 6450
f 6378 6450 6379
f 6379 6450 6451
f 6379 6451 6380
f 6380 6451 6452
f 6380 6452 6381
f 6381 6452 6453
f 6381 6453 6382
f 6382 6453 6454
f 6382 6454 6383
f 6383 6454 6455
f 6383 6455 6384
f 6384 6455 6456
f 6384 6456 6385
f 6385 6456 6457
f 6385 6457 6386
f 6386 6457 6458
f 6386 6458 6387
f 6387 6458 6459
f 6387 6459 6388
f 6388 6459 6460
f 6388 6460 6389
f 6389 6460 6461
f 6389 6461 6390
f 6390 6461 6462
f 6390 6462 6391
f 6391 6462 6463
f 6391 6463 6392
f 6392 6463 6464
f 6392 6464 6393
f 6393 6464 6465
f 6393 6465 6394
f 6394 6465 6466
f 6394 6466 6395
f 6395 6466 6467
f 6395 6467 6396
f 6396 6467 6468
f 6396 6468 6397
f 6397 6468 6469
f 6397 6469 6398
f 6398 6469 6470
f 6398 6470 6399
f 6399 6470 6471
f 6399 6471 6400
f 6400 6471 6472
f 6400 6472 6401
f 6401 6472 6473
f 6401 6473 6402
f 6402 6473 6474
f 6402 6474 6403
f 6403 6474 6475
f 6403 6475 6404
f 6404 6475 6476
f 6404 6476 6405
f 6405 6476 6477
f 6405 6477 6406
f 6406 6477 6478
f 6406 6478 6407
f 6407 6478 6479
f 6407 6479 6408
f 6408 6479 6480
f 6408 6480 6409
f 6409 6480 6481
f 6409 6481 6410
f 6410 6481 6482
f 6410 6482 6411
f 6411 6482 6483
f 6411 6483 6412
f 6412 6483 6484
f 6412 6484 6413
f 6413 6484 6485
f 6413 6485 6414
f 6414 6485 6486
f 6414 6486 6415
f 6415 6486 6487
f 6415 6487 6416
f 6416 6487 6488
f 6416 6488 6417
f 6417 6488 6489
f 6417 6489 6418
f 6418 6489 6490
f 6418 6490 6419
f 6419 6490 6491
f 6419 6491 6420
f 6420 6491 6492
f 6420 6492 6421
f 6421 6492 6493
f 6421 6493 6422
f 6422 6493 6494
f 6422 6494 6423
f 6423 6494 6495
f 6423 6495 6424
f 6424 6495 6496
f 6424 6496 6425
f 6425 6496 6497
f 6425 6497 6426
f 6426 6497 6498
f 6426 6498 6427
f 6427 6498 6499
f 6427 6499 6428
f 6428 6499 6500
f 6428 6500 6429
f 6429 6500 6501
f 6429 6501 6430
f 6430 6501 6502
f 6430 6502 6431
f 6431 6502 6503
f 6431 6503 6432
f 6432 6503 6504
f 6432 6504 6433
f 6433 6504 6434
f 6433 6434 6363
f 6434 6505 6506
f 6434 6506 6435
f 6435 6506 6507
f 6435 6507 6436
f 6436 6507 6508
f 6436 6508 6437
f 6437 6508 6509
f 6437 6509 6438
f 6438 6509 6510
f 6438 6510 6439
f 6439 6510 6511
f 6439 6511 6440
f 6440 6511 6512
f 6440 6512 6441
f 6441 6512 6513
f 6441 6513 6442
f 6442 6513 6514
f 6442 6514 6443
f 6443 6514 6515
f 6443 6515 6444
f 6444 6515 6516
f 6444 6516 6445
f 6445 6516 6517
f 6445 6517 6446
f 6446 6517 6518
f 6446 6518 6447
f 6447 6518 6519
f 6447 6519 6448
f 6448 6519 6520
f 6448 6520 6449
f 6449 6520 6521
f 6449 6521 6450
f 6450 6521 6522
f 6450 6522 6451
f 6451 6522 6523
f 6451 6523 6452
f 6452 6523 6524
f 6452 6524 6453
f 6453 6524 6525
f 6453 6525 6454
f 6454 6525 6526
f 6454 6526 6455
f 6455 6526 6527
f 6455 6527 6456
f 6456 6527 6528
f 6456 6528 6457
f 6457 6528 6529
f 6457 6529 6458
f 6458 6529 6530
f 6458 6530 6459
f 6459 6530 6531
f 6459 6531 6460
f 6460 6531 6532
f 6460 6532 6461
f 6461 6532 6533
f 6461 6533 6462
f 6462 6533 6534
f 6462 6534 6463
f 6463 6534 6535
f 6463 6535 6464
f 6464 6535 6536
f 6464 6536 6465
f 6465 6536 6537
f 6465 6537 6466
f 6466 6537 6538
f 6466 6538 6467
f 6467 6538 6539
f 6467 6539 6468
f 6468 6539 6540
f 6468 6540 6469
f 6469 6540 6541
f 6469 6541 6470
f 6470 6541 6542
f 6470 6542 6471
f 6471 6542 6543
f 6471 6543 6472
f 6472 6543 6544
f 6472 6544 6473
f 6473 6544 6545
f 6473 6545 6474
f 6474 6545 6546
f 6474 6546 6475
f 6475 6546 6547
f 6475 6547 6476
f 6476 6547 6548
f 6476 6548 6477
f 6477 6548 6549
f 6477 6549 6478
f 6478 6549 6550
f 6478 6550 6479
f 6479 6550 6551
f 6479 6551 6480
f 6480 6551 6552
f 6480 6552 6481
f 6481 6552 6553
f 6481 6553 6482
f 6482 6553 6554
f 6482 6554 6483
f 6483 6554 6555
f 6483 6555 6484
f 6484 6555 6556
f 6484 6556 6485
f 6485 6556 6557
f 6485 6557 6486
f 6486 6557 6558
f 6486 6558 6487
f 6487 6558 6559
f 6487 6559 6488
f 6488 6559 6560
f 6488 6560 6489
f 6489 6560 6561
f 6489 6561 6490
f 6490 6561 6562
f 6490 6562 6491
f 6491 6562 6563
f 6491 6563 6492
f 6492 6563 6564
f 6492 6564 6493
f 6493 6564 6565
f 6493 6565 6494
f 6494 6565 6566
f 6494 6566 6495
f 6495 6566 6567
f 6495 6567 6496
f 6496 6567 6568
f 6496 6568 6497
f 6497 6568 6569
f 6497 6569 6498
f 6498 6569 6570
f 6498 6570 6499
f 6499 6570 6571
f 6499 6571 6500
f 6500 6571 6572
f 6500 6572 6501
f 6501 6572 6573
f 6501 6573 6502
f 6502 6573 6574
f 6502 6574 6503
f 6503 6574 6575
f 6503 6575 6504
f 6504 6575 6505
f 6504 6505 6434
f 6505 6576 6577
f 6505 6577 6506
f 6506 6577 6578
f 6506 6578 6507
f 6507 6578 6579
f 6507 6579 6508
f 6508 6579 6580
f 6508 6580 6509
f 6509 6580 6581
f 6509 6581 6510
f 6510 6581 6582
f 6510 6582 6511
f 6511 6582 6583
f 6511 6583 6512
f 6512 6583 6584
f 6512 6584 6513
f 6513 6584 6585
f 6513 6585 6514
f 6514 6585 6586
f 6514 6586 6515
f 6515 6586 6587
f 6515 6587 6516
f 6516 6587 6588
f 6516 6588 6517
f 6517 6588 6589
f 6517 6589 6518
f 6518 6589 6590
f 6518 6590 6519
f 6519 6590 6591
f 6519 6591 6520
f 6520 6591 6592
f 6520 6592 6521
f 6521 6592 6593
f 6521 6593 6522
f 6522 6593 6594
f 6522 6594 6523
f 6523 6594 6595
f 6523 6595 6524
f 6524 6595 6596
f 6524 6596 6525
f 6525 6596 6597
f 6525 6597 6526
f 6526 6597 6598
f 6526 6598 6527
f 6527 6598 6599
f 6527 6599 6528
f 6528 6599 6600
f 6528 6600 6529
f 6529 6600 6601
f 6529 6601 6530
f 6530 6601 6602
f 6530 6602 6531
f 6531 6602 6603
f 6531 6603 6532
f 6532 6603 6604
f 6532 6604 6533
f 6533 6604 6605
f 6533 6605 6534
f 6534 6605 6606
f 6534 6606 6535
f 6535 6606 6607
f 6535 6607 6536
f 6536 6607 6608
f 6536 6608 6537
f 6537 6608 6609
f 6537 6609 6538
f 6538 6609 6610
f 6538 6610 6539
f 6539 6610 6611
f 6539 6611 6540
f 6540 6611 6612
f 6540 6612 6541
f 6541 6612 6613
f 6541 6613 6542
f 6542 6613 6614
f 6542 6614 6543
f 6543 6614 6615
f 6543 6615 6544
f 6544 6615 6616
f 6544 6616 6545
f 6545 6616 6617
f 6545 6617 6546
f 6546 6617 6618
f 6546 6618 6547
f 6547 6618 6619
f 6547 6619 6548
f 6548 6619 6620
f 6548 6620 6549
f 6549 6620 6621
f 6549 6621 6550
f 6550 6621 6622
f 6550 6622 6551
f 6551 6622 6623
f 6551 6623 6552
f 6552 6623 6624
f 6552 6624 6553
f 6553 6624 6625
f 6553 6625 6554
f 6554 6625 6626
f 6554 6626 6555
f 6555 6626 6627
f 6555 6627 6556
f 6556 6627 6628
f 6556 6628 6557
f 6557 6628 6629
f 6557 6629 6558
f 6558 6629 6630
f 6558 6630 6559
f 6559 6630 6631
f 6559 6631 6560
f 6560 6631 6632
f 6560 6632 6561
f 6561 6632 6633
f 6561 6633 6562
f 6562 6633 6634
f 6562 6634 6563
f 6563 6634 6635
f 6563 6635 6564
f 6564 6635 6636
f 6564 6636 6565
f 6565 6636 6637
f 6565 6637 6566
f 6566 6637 6638
f 6566 6638 6567
f 6567 6638 6639
f 6567 6639 6568
f 6568 6639 6640
f 6568 6640 6569
f 6569 6640 6641
f 6569 6641 6570
f 6570 6641 6642
f 6570 6642 6571
f 6571 6642 6643
f 6571 6643 6572
f 6572 6643 6644
f 6572 6644 6573
f 6573 6644 6645
f 6573 6645 6574
f 6574 6645 6646
f 6574 6646 6575
f 6575 6646 6576
f 6575 6576 6505
f 6576 6647 6648
f 6576 6648 6577
f 6577 6648 6649
f 6577 6649 6578
f 6578 6649 6650
f 6578 6650 6579
f 6579 6650 6651
f 6579 6651 6580
f 6580 6651 6652
f 6580 6652 6581
f 6581 6652 6653
f 6581 6653 6582
f 6582 6653 6654
f 6582 6654 6583
f 6583 6654 6655
f 6583 6655 6584
f 6584 6655 6656
f 6584 6656 6585
f 6585 6656 6657
f 6585 6657 6586
f 6586 6657 6658
f 6586 6658 6587
f 6587 6658 6659
f 6587 6659 6588
f 6588 6659 6660
f 6588 6660 6589
f 6589 6660 6661
f 6589 6661 6590
f 6590 6661 6662
f 6590 6662 6591
f 6591 6662 6663
f 6591 6663 6592
f 6592 6663 6664
f 6592 6664 6593
f 6593 6664 6665
f 6593 6665 6594
f 6594 6665 6666
f 6594 6666 6595
f 6595 6666 6667
f 6595 6667 6596
f 6596 6667 6668
f 6596 6668 6597
f 6597 6668 6669
f 6597 6669 6598
f 6598 6669 6670
f 6598 6670 6599
f 6599 6670 6671
f 6599 6671 6600
f 6600 6671 6672
f 6600 6672 6601
f 6601 6672 6673
f 6601 6673 6602
f 6602 6673 6674
f 6602 6674 6603
f 6603 6674 6675
f 6603 6675 6604
f 6604 6675 6676
f 6604 6676 6605
f 6605 6676 6677
f 6605 6677 6606
f 6606 6677 6678
f 6606 6678 6607
f 6607 6678 6679
f 6607 6679 6608
f 6608 6679 6680
f 6608 6680 6609
f 6609 6680 6681
f 6609 6681 6610
f 6610 6681 6682
f 6610 6682 6611
f 6611 6682 6683
f 6611 6683 6612
f 6612 6683 6684
f 6612 6684 6613
f 6613 6684 6685
f 6613 6685 6614
f 6614 6685 6686
f 6614 6686 6615
f 6615 6686 6687
f 6615 6687 6616
f 6616 6687 6688
f 6616 6688 6617
f 6617 6688 6689
f 6617 6689 6618
f 6618 6689 6690
f 6618 6690 6619
f 6619 6690 6691
f 6619 6691 6620
f 6620 6691 6692
f 6620 6692 6621
f 6621 6692 6693
f 6621 6693 6622
f 6622 6693 6694
f 6622 6694 6623
f 6623 6694 6695
f 6623 6695 6624
f 6624 6695 6696
f 6624 6696 6625
f 6625 6696 6697
f 6625 6697 6626
f 6626 6697 6698
f 6626 6698 6627
f 6627 6698 6699
f 6627 6699 6628
f 6628 6699 6700
f 6628 6700 6629
f 6629 6700 6701
f 6629 6701 6630
f 6630 6701 6702
f 6630 6702 6631
f 6631 6702 6703
f 6631 6703 6632
f 6632 6703 6704
f 6632 6704 6633
f 6633 6704 6705
f 6633 6705 6634
f 6634 6705 6706
f 6634 6706 6635
f 6635 6706 6707
f 6635 6707 6636
f 6636 6707 6708
f 6636 6708 6637
f 6637 6708 6709
f 6637 6709 6638
f 6638 6709 6710
f 6638 6710 6639
f 6639 6710 6711
f 6639 6711 6640
f 6640 6711 6712
f 6640 6712 6641
f 6641 6712 6713
f 6641 6713 6642
f 6642 6713 6714
f 6642 6714 6643
f 6643 6714 6715
f 6643 6715 6644
f 6644 6715 6716
f 6644 6716 6645
f 6645 6716 6717
f 6645 6717 6646
f 6646 6717 6647
f 6646 6647 6576
f 7198 7222 7223
f 7198 7223 7199
f 7199 7223 7224
f 7199 7224 7200
f 7200 7224 7225
f 7200 7225 7201
f 7201 7225 7226
f 7201 7226 7202
f 7202 7226 7227
f 7202 7227 7203
f 7203 7227 7228
f 7203 7228 7204
f 7204 7228 7229
f 7204 7229 7205
f 7205 7229 7230
f 7205 7230 7206
f 7206 7230 7231
f 7206 7231 7207
f 7207 7231 7232
f 7207 7232 7208
f 7208 7232 7233
f 7208 7233 7209
f 7209 7233 7234
f 7209 7234 7210
f 7210 7234 7235
f 7210 7235 7211
f 7211 7235 7236
f 7211 7236 7212
f 7212 7236 7237
f 7212 7237 7213
f 7213 7237 7238
f 7213 7238 7214
f 7214 7238 7239
f 7214 7239 7215
f 7215 7239 7240
f 7215 7240 7216
f 7216 7240 7241
f 7216 7241 7217
f 7217 7241 7242
f 7217 7242 7218
f 7218 7242 7243
f 7218 7243 7219
f 7219 7243 7244
f 7219 7244 7220
f 7220 7244 7245
f 7220 7245 7221
f 7221 7245 7222
f 7221 7222 7198
f 7222 7246 7247
f 7222 7247 7223
f 7223 7247 7248
f 7223 7248 7224
f 7224 7248 7249
f 7224 7249 7225
f 7225 7249 7250
f 7225 7250 7226
f 7226 7250 7251
f 7226 7251 7227
f 7227 7251 7252
f 7227 7252 7228
f 7228 7252 7253
f 7228 7253 7229
f 7229 7253 7254
f 7229 7254 7230
f 7230 7254 7255
f 7230 7255 7231
f 7231 7255 7256
f 7231 7256 7232
f 7232 7256 7257
f 7232 7257 7233
f 7233 7257 7258
f 7233 7258 7234
f 7234 7258 7259
f 7234 7259 7235
f 7235 7259 7260
f 7235 7260 7236
f 7236 7260 7261
f 7236 7261 7237
f 7237 7261 7262
f 7237 7262 7238
f 7238 7262 7263
f 7238 7263 7239
f 7239 7263 7264
f 7239 7264 7240
f 7240 7264 7265
f 7240 7265 7241
f 7241 7265 7266
f 7241 7266 7242
f 7242 7266 7267
f 7242 7267 7243
f 7243 7267 7268
f 7243 7268 7244
f 7244 7268 7269
f 7244 7269 7245
f 7245 7269 7246
f 7245 7246 7222
f 7246 7270 7271
f 7246 7271 7247
f 7247 7271 7272
f 7247 7272 7248
f 7248 7272 7273
f 7248 7273 7249
f 7249 7273 7274
f 7249 7274 7250
f 7250 7274 7275
f 7250 7275 7251
f 7251 7275 7276
f 7251 7276 7252
f 7252 7276 7277
f 7252 7277 7253
f 7253 7277 7278
f 7253 7278 7254
f 7254 7278 7279
f 7254 7279 7255
f 7255 7279 7280
f 7255 7280 7256
f 7256 7280 7281
f 7256 7281 7257
f 7257 7281 7282
f 7257 7282 7258
f 7258 7282 7283
f 7258 7283 7259
f 7259 7283 7284
f 7259 7284 7260
f 7260 7284 7285
f 7260 7285 7261
f 7261 7285 7286
f 7261 7286 7262
f 7262 7286 7287
f 7262 7287 7263
f 7263 7287 7288
f 7263 7288 7264
f 7264 7288 7289
f 7264 7289 7265
f 7265 7289 7290
f 7265 7290 7266
f 7266 7290 7291
f 7266 7291 7267
f 7267 7291 7292
f 7267 7292 7268
f 7268 7292 7293
f 7268 7293 7269
f 7269 7293 7270
f 7269 7270 7246
f 7270 7294 7295
f 7270 7295 7271
f 7271 7295 7296
f 7271 7296 7272
f 7272 7296 7297
f 7272 7297 7273
f 7273 7297 7298
f 7273 7298 7274
f 7274 7298 7299
f 7274 7299 7275
f 7275 7299 7300
f 7275 7300 7276
f 7276 7300 7301
f 7276 7301 7277
f 7277 7301 7302
f 7277 7302 7278
f 7278 7302 7303
f 7278 7303 7279
f 7279 7303 7304
f 7279 7304 7280
f 7280 7304 7305
f 7280 7305 7281
f 7281 7305 7306
f 7281 7306 7282
f 7282 7306 7307
f 7282 7307 7283
f 7283 7307 7308
f 7283 7308 7284
f 7284 7308 7309
f 7284 7309 7285
f 7285 7309 7310
f 7285 7310 7286
f 7286 7310 7311
f 7286 7311 7287
f 7287 7311 7312
f 7287 7312 7288
f 7288 7312 7313
f 7288 7313 7289
f 7289 7313 7314
f 7289 7314 7290
f 7290 7314 7315
f 7290 7315 7291
f 7291 7315 7316
f 7291 7316 7292
f 7292 7316 7317
f 7292 7317 7293
f 7293 7317 7294
f 7293 7294 7270
f 7294 7318 7319
f 7294 7319 7295
f 7295 7319 7320
f 7295 7320 7296
f 7296 7320 7321
f 7296 7321 7297
f 7297 7321 7322
f 7297 7322 7298
f 7298 7322 7323
f 7298 7323 7299
f 7299 7323 7324
f 7299 7324 7300
f 7300 7324 7325
f 7300 7325 7301
f 7301 7325 7326
f 7301 7326 7302
f 7302 7326 7327
f 7302 7327 7303
f 7303 7327 7328
f 7303 7328 7304
f 7304 7328 7329
f 7304 7329 7305
f 7305 7329 7330
f 7305 7330 7306
f 7306 7330 7331
f 7306 7331 7307
f 7307 7331 7332
f 7307 7332 7308
f 7308 7332 7333
f 7308 7333 7309
f 7309 7333 7334
f 7309 7334 7310
f 7310 7334 7335
f 7310 7335 7311
f 7311 7335 7336
f 7311 7336 7312
f 7312 7336 7337
f 7312 7337 7313
f 7313 7337 7338
f 7313 7338 7314
f 7314 7338 7339
f 7314 7339 7315
f 7315 7339 7340
f 7315 7340 7316
f 7316 7340 7341
f 7316 7341 7317
f 7317 7341 7318
f 7317 7318 7294
f 7318 7342 7343
f 7318 7343 7319
f 7319 7343 7344
f 7319 7344 7320
f 7320 7344 7345
f 7320 7345 7321
f 7321 7345 7346
f 7321 7346 7322
f 7322 7346 7347
f 7322 7347 7323
f 7323 7347 7348
f 7323 7348 7324
f 7324 7348 7349
f 7324 7349 7325
f 7325 7349 7350
f 7325 7350 7326
f 7326 7350 7351
f 7326 7351 7327
f 7327 7351 7352
f 7327 7352 7328
f 7328 7352 7353
f 7328 7353 7329
f 7329 7353 7354
f 7329 7354 7330
f 7330 7354 7355
f 7330 7355 7331
f 7331 7355 7356
f 7331 7356 7332
f 7332 7356 7357
f 7332 7357 7333
f 7333 7357 7358
f 7333 7358 7334
f 7334 7358 7359
f 7334 7359 7335
f 7335 7359 7360
f 7335 7360 7336
f 7336 7360 7361
f 7336 7361 7337
f 7337 7361 7362
f 7337 7362 7338
f 7338 7362 7363
f 7338 7363 7339
f 7339 7363 7364
f 7339 7364 7340
f 7340 7364 7365
f 7340 7365 7341
f 7341 7365 7342
f 7341 7342 7318
f 7342 7366 7367
f 7342 7367 7343
f 7343 7367 7368
f 7343 7368 7344
f 7344 7368 7369
f 7344 7369 7345
f 7345 7369 7370
f 7345 7370 7346
f 7346 7370 7371
f 7346 7371 7347
f 7347 7371 7372
f 7347 7372 7348
f 7348 7372 7373
f 7348 7373 7349
f 7349 7373 7374
f 7349 7374 7350
f 7350 7374 7375
f 7350 7375 7351
f 7351 7375 7376
f 7351 7376 7352
f 7352 7376 7377
f 7352 7377 7353
f 7353 7377 7378
f 7353 7378 7354
f 7354 7378 7379
f 7354 7379 7355
f 7355 7379 7380
f 7355 7380 7356
f 7356 7380 7381
f 7356 7381 7357
f 7357 7381 7382
f 7357 7382 7358
f 7358 7382 7383
f 7358 7383 7359
f 7359 7383 7384
f 7359 7384 7360
f 7360 7384 7385
f 7360 7385 7361
f 7361 7385 7386
f 7361 7386 7362
f 7362 7386 7387
f 7362 7387 7363
f 7363 7387 7388
f 7363 7388 7364
f 7364 7388 7389
f 7364 7389 7365
f 7365 7389 7366
f 7365 7366 7342
f 7366 7390 7391
f 7366 7391 7367
f 7367 7391 7392
f 7367 7392 7368
f 7368 7392 7393
f 7368 7393 7369
f 7369 7393 7394
f 7369 7394 7370
f 7370 7394 7395
f 7370 7395 7371
f 7371 7395 7396
f 7371 7396 7372
f 7372 7396 7397
f 7372 7397 7373
f 7373 7397 7398
f 7373 7398 7374
f 7374 7398 7399
f 7374 7399 7375
f 7375 7399 7400
f 7375 7400 7376
f 7376 7400 7401
f 7376 7401 7377
f 7377 7401 7402
f 7377 7402 7378
f 7378 7402 7403
f 7378 7403 7379
f 7379 7403 7404
f 7379 7404 7380
f 7380 7404 7405
f 7380 7405 7381
f 7381 7405 7406
f 7381 7406 7382
f 7382 7406 7407
f 7382 7407 7383
f 7383 7407 7408
f 7383 7408 7384
f 7384 7408 7409
f 7384 7409 7385
f 7385 7409 7410
f 7385 7410 7386
f 7386 7410 7411
f 7386 7411 7387
f 7387 7411 7412
f 7387 7412 7388
f 7388 7412 7413
f 7388 7413 7389
f 7389 7413 7390
f 7389 7390 7366
f 7390 7414 7415
f 7390 7415 7391
f 7391 7415 7416
f 7391 7416 7392
f 7392 7416 7417
f 7392 7417 7393
f 7393 7417 7418
f 7393 7418 7394
f 7394 7418 7419
f 7394 7419 7395
f 7395 7419 7420
f 7395 7420 7396
f 7396 7420 7421
f 7396 7421 7397
f 7397 7421 7422
f 7397 7422 7398
f 7398 7422 7423
f 7398 7423 7399
f 7399 7423 7424
f 7399 7424 7400
f 7400 7424 7425
f 7400 7425 7401
f 7401 7425 7426
f 7401 7426 7402
f 7402 7426 7427
f 7402 7427 7403
f 7403 7427 7428
f 7403 7428 7404
f 7404 7428 7429
f 7404 7429 7405
f 7405 7429 7430
f 7405 7430 7406
f 7406 7430 7431
f 7406 7431 7407
f 7407 7431 7432
f 7407 7432 7408
f 7408 7432 7433
f 7408 7433 7409
f 7409 7433 7434
f 7409 7434 7410
f 7410 7434 7435
f 7410 7435 7411
f 7411 7435 7436
f 7411 7436 7412
f 7412 7436 7437
f 7412 7437 7413
f 7413 7437 7414
f 7413 7414 7390
f 7414 7438 7439
f 7414 7439 7415
f 7415 7439 7440
f 7415 7440 7416
f 7416 7440 7441
f 7416 7441 7417
f 7417 7441 7442
f 7417 7442 7418
f 7418 7442 7443
f 7418 7443 7419
f 7419 7443 7444
f 7419 7444 7420
f 7420 7444 7445
f 7420 7445 7421
f 7421 7445 7446
f 7421 7446 7422
f 7422 7446 7447
f 7422 7447 7423
f 7423 7447 7448
f 7423 7448 7424
f 7424 7448 7449
f 7424 7449 7425
f 7425 7449 7450
f 7425 7450 7426
f 7426 7450 7451
f 7426 7451 7427
f 7427 7451 7452
f 7427 7452 7428
f 7428 7452 7453
f 7428 7453 7429
f 7429 7453 7454
f 7429 7454 7430
f 7430 7454 7455
f 7430 7455 7431
f 7431 7455 7456
f 7431 7456 7432
f 7432 7456 7457
f 7432 7457 7433
f 7433 7457 7458
f 7433 7458 7434
f 7434 7458 7459
f 7434 7459 7435
f 7435 7459 7460
f 7435 7460 7436
f 7436 7460 7461
f 7436 7461 7437
f 7437 7461 7438
f 7437 7438 7414
f 7438 7462 7463
f 7438 7463 7439
f 7439 7463 7464
f 7439 7464 7440
f 7440 7464 7465
f 7440 7465 7441
f 7441 7465 7466
f 7441 7466 7442
f 7442 7466 7467
f 7442 7467 7443
f 7443 7467 7468
f 7443 7468 7444
f 7444 7468 7469
f 7444 7469 7445
f 7445 7469 7470
f 7445 7470 7446
f 7446 7470 7471
f 7446 7471 7447
f 7447 7471 7472
f 7447 7472 7448
f 7448 7472 7473
f 7448 7473 7449
f 7449 7473 7474
f 7449 7474 7450
f 7450 7474 7475
f 7450 7475 7451
f 7451 7475 7476
f 7451 7476 7452
f 7452 7476 7477
f 7452 7477 7453
f 7453 7477 7478
f 7453 7478 7454
f 7454 7478 7479
f 7454 7479 7455
f 7455 7479 7480
f 7455 7480 7456
f 7456 7480 7481
f 7456 7481 7457
f 7457 7481 7482
f 7457 7482 7458
f 7458 7482 7483
f 7458 7483 7459
f 7459 7483 7484
f 7459 7484 7460
f 7460 7484 7485
f 7460 7485 7461
f 7461 7485 7462
f 7461 7462 7438
f 7462 7486 7487
f 7462 7487 7463
f 7463 7487 7488
f 7463 7488 7464
f 7464 7488 7489
f 7464 7489 7465
f 7465 7489 7490
f 7465 7490 7466
f 7466 7490 7491
f 7466 7491 7467
f 7467 7491 7492
f 7467 7492 7468
f 7468 7492 7493
f 7468 7493 7469
f 7469 7493 7494
f 7469 7494 7470
f 7470 7494 7495
f 7470 7495 7471
f 7471 7495 7496
f 7471 7496 7472
f 7472 7496 7497
f 7472 7497 7473
f 7473 7497 7498
f 7473 7498 7474
f 7474 7498 7499
f 7474 7499 7475
f 7475 7499 7500
f 7475 7500 7476
f 7476 7500 7501
f 7476 7501 7477
f 7477 7501 7502
f 7477 7502 7478
f 7478 7502 7503
f 7478 7503 7479
f 7479 7503 7504
f 7479 7504 7480
f 7480 7504 7505
f 7480 7505 7481
f 7481 7505 7506
f 7481 7506 7482
f 7482 7506 7507
f 7482 7507 7483
f 7483 7507 7508
f 7483 7508 7484
f 7484 7508 7509
f 7484 7509 7485
f 7485 7509 7486
f 7485 7486 7462
f 7486 7510 7511
f 7486 7511 7487
f 7487 7511 7512
f 7487 7512 7488
f 7488 7512 7513
f 7488 7513 7489
f 7489 7513 7514
f 7489 7514 7490
f 7490 7514 7515
f 7490 7515 7491
f 7491 7515 7516
f 7491 7516 7492
f 7492 7516 7517
f 7492 7517 7493
f 7493 7517 7518
f 7493 7518 7494
f 7494 7518 7519
f 7494 7519 7495
f 7495 7519 7520
f 7495 7520 7496
f 7496 7520 7521
f 7496 7521 7497
f 7497 7521 7522
f 7497 7522 7498
f 7498 7522 7523
f 7498 7523 7499
f 7499 7523 7524
f 7499 7524 7500
f 7500 7524 7525
f 7500 7525 7501
f 7501 7525 7526
f 7501 7526 7502
f 7502 7526 7527
f 7502 7527 7503
f 7503 7527 7528
f 7503 7528 7504
f 7504 7528 7529
f 7504 7529 7505
f 7505 7529 7530
f 7505 7530 7506
f 7506 7530 7531
f 7506 7531 7507
f 7507 7531 7532
f 7507 7532 7508
f 7508 7532 7533
f 7508 7533 7509
f 7509 7533 7510
f 7509 7510 7486
f 7510 7534 7535
f 7510 7535 7511
f 7511 7535 7536
f 7511 7536 7512
f 7512 7536 7537
f 7512 7537 7513
f 7513 7537 7538
f 7513 7538 7514
f 7514 7538 7539
f 7514 7539 7515
f 7515 7539 7540
f 7515 7540 7516
f 7516 7540 7541
f 7516 7541 7517
f 7517 7541 7542
f 7517 7542 7518
f 7518 7542 7543
f 7518 7543 7519
f 7519 7543 7544
f 7519 7544 7520
f 7520 7544 7545
f 7520 7545 7521
f 7521 7545 7546
f 7521 7546 7522
f 7522 7546 7547
f 7522 7547 7523
f 7523 7547 7548
f 7523 7548 7524
f 7524 7548 7549
f 7524 7549 7525
f 7525 7549 7550
f 7525 7550 7526
f 7526 7550 7551
f 7526 7551 7527
f 7527 7551 7552
f 7527 7552 7528
f 7528 7552 7553
f 7528 7553 7529
f 7529 7553 7554
f 7529 7554 7530
f 7530 7554 7555
f 7530 7555 7531
f 7531 7555 7556
f 7531 7556 7532
f 7532 7556 7557
f 7532 7557 7533
f 7533 7557 7534
f 7533 7534 7510
f 7534 7558 7559
f 7534 7559 7535
f 7535 7559 7560
f 7535 7560 7536
f 7536 7560 7561
f 7536 7561 7537
f 7537 7561 7562
f 7537 7562 7538
f 7538 7562 7563
f 7538 7563 7539
f 7539 7563 7564
f 7539 7564 7540
f 7540 7564 7565
f 7540 7565 7541
f 7541 7565 7566
f 7541 7566 7542
f 7542 7566 7567
f 7542 7567 7543
f 7543 7567 7568
f 7543 7568 7544
f 7544 7568 7569
f 7544 7569 7545
f 7545 7569 7570
f 7545 7570 7546
f 7546 7570 7571
f 7546 7571 7547
f 7547 7571 7572
f 7547 7572 7548
f 7548 7572 7573
f 7548 7573 7549
f 7549 7573 7574
f 7549 7574 7550
f 7550 7574 7575
f 7550 7575 7551
f 7551 7575 7576
f 7551 7576 7552
f 7552 7576 7577
f 7552 7577 7553
f 7553 7577 7578
f 7553 7578 7554
f 7554 7578 7579
f 7554 7579 7555
f 7555 7579 7580
f 7555 7580 7556
f 7556 7580 7581
f 7556 7581 7557
f 7557 7581 7558
f 7557 7558 7534
f 7558 7582 7583
f 7558 7583 7559
f 7559 7583 7584
f 7559 7584 7560
f 7560 7584 7585
f 7560 7585 7561
f 7561 7585 7586
f 7561 7586 7562
f 7562 7586 7587
f 7562 7587 7563
f 7563 7587 7588
f 7563 7588 7564
f 7564 7588 7589
f 7564 7589 7565
f 7565 7589 7590
f 7565 7590 7566
f 7566 7590 7591
f 7566 7591 7567
f 7567 7591 7592
f 7567 7592 7568
f 7568 7592 7593
f 7568 7593 7569
f 7569 7593 7594
f 7569 7594 7570
f 7570 7594 7595
f 7570 7595 7571
f 7571 7595 7596
f 7571 7596 7572
f 7572 7596 7597
f 7572 7597 7573
f 7573 7597 7598
f 7573 7598 7574
f 7574 7598 7599
f 7574 7599 7575
f 7575 7599 7600
f 7575 7600 7576
f 7576 7600 7601
f 7576 7601 7577
f 7577 7601 7602
f 7577 7602 7578
f 7578 7602 7603
f 7578 7603 7579
f 7579 7603 7604
f 7579 7604 7580
f 7580 7604 7605
f 7580 7605 7581
f 7581 7605 7582
f 7581 7582 7558
f 7582 7606 7607
f 7582 7607 7583
f 7583 7607 7608
f 7583 7608 7584
f 7584 7608 7609
f 7584 7609 7585
f 7585 7609 7610
f 7585 7610 7586
f 7586 7610 7611
f 7586 7611 7587
f 7587 7611 7612
f 7587 7612 7588
f 7588 7612 7613
f 7588 7613 7589
f 7589 7613 7614
f 7589 7614 7590
f 7590 7614 7615
f 7590 7615 7591
f 7591 7615 7616
f 7591 7616 7592
f 7592 7616 7617
f 7592 7617 7593
f 7593 7617 7618
f 7593 7618 7594
f 7594 7618 7619
f 7594 7619 7595
f 7595 7619 7620
f 7595 7620 7596
f 7596 7620 7621
f 7596 7621 7597
f 7597 7621 7622
f 7597 7622 7598
f 7598 7622 7623
f 7598 7623 7599
f 7599 7623 7624
f 7599 7624 7600
f 7600 7624 7625
f 7600 7625 7601
f 7601 7625 7626
f 7601 7626 7602
f 7602 7626 7627
f 7602 7627 7603
f 7603 7627 7628
f 7603 7628 7604
f 7604 7628 7629
f 7604 7629 7605
f 7605 7629 7606
f 7605 7606 7582
f 7606 7630 7631
f 7606 7631 7607
f 7607 7631 7632
f 7607 7632 7608
f 7608 7632 7633
f 7608 7633 7609
f 7609 7633 7634
f 7609 7634 7610
f 7610 7634 7635
f 7610 7635 7611
f 7611 7635 7636
f 7611 7636 7612
f 7612 7636 7637
f 7612 7637 7613
f 7613 7637 7638
f 7613 7638 7614
f 7614 7638 7639
f 7614 7639 7615
f 7615 7639 7640
f 7615 7640 7616
f 7616 7640 7641
f 7616 7641 7617
f 7617 7641 7642
f 7617 7642 7618
f 7618 7642 7643
f 7618 7643 7619
f 7619 7643 7644
f 7619 7644 7620
f 7620 7644 7645
f 7620 7645 7621
f 7621 7645 7646
f 7621 7646 7622
f 7622 7646 7647
f 7622 7647 7623
f 7623 7647 7648
f 7623 7648 7624
f 7624 7648 7649
f 7624 7649 7625
f 7625 7649 7650
f 7625 7650 7626
f 7626 7650 7651
f 7626 7651 7627
f 7627 7651 7652
f 7627 7652 7628
f 7628 7652 7653
f 7628 7653 7629
f 7629 7653 7630
f 7629 7630 7606
f 7630 7654 7655
f 7630 7655 7631
f 7631 7655 7656
f 7631 7656 7632
f 7632 7656 7657
f 7632 7657 7633
f 7633 7657 7658
f 7633 7658 7634
f 7634 7658 7659
f 7634 7659 7635
f 7635 7659 7660
f 7635 7660 7636
f 7636 7660 7661
f 7636 7661 7637
f 7637 7661 7662
f 7637 7662 7638
f 7638 7662 7663
f 7638 7663 7639
f 7639 7663 7664
f 7639 7664 7640
f 7640 7664 7665
f 7640 7665 7641
f 7641 7665 7666
f 7641 7666 7642
f 7642 7666 7667
f 7642 7667 7643
f 7643 7667 7668
f 7643 7668 7644
f 7644 7668 7669
f 7644 7669 7645
f 7645 7669 7670
f 7645 7670 7646
f 7646 7670 7671
f 7646 7671 7647
f 7647 7671 7672
f 7647 7672 7648
f 7648 7672 7673
f 7648 7673 7649
f 7649 7673 7674
f 7649 7674 7650
f 7650 7674 7675
f 7650 7675 7651
f 7651 7675 7676
f 7651 7676 7652
f 7652 7676 7677
f 7652 7677 7653
f 7653 7677 7654
f 7653 7654 7630
f 6718 6742 6743
f 6718 6743 6719
f 6719 6743 6744
f 6719 6744 6720
f 6720 6744 6745
f 6720 6745 6721
f 6721 6745 6746
f 6721 6746 6722
f 6722 6746 6747
f 6722 6747 6723
f 6723 6747 6748
f 6723 6748 6724
f 6724 6748 6749
f 6724 6749 6725
f 6725 6749 6750
f 6725 6750 6726
f 6726 6750 6751
f 6726 6751 6727
f 6727 6751 6752
f 6727 6752 6728
f 6728 6752 6753
f 6728 6753 6729
f 6729 6753 6754
f 6729 6754 6730
f 6730 6754 6755
f 6730 6755 6731
f 6731 6755 6756
f 6731 6756 6732
f 6732 6756 6757
f 6732 6757 6733
f 6733 6757 6758
f 6733 6758 6734
f 6734 6758 6759
f 6734 6759 6735
f 6735 6759 6760
f 6735 6760 6736
f 6736 6760 6761
f 6736 6761 6737
f 6737 6761 6762
f 6737 6762 6738
f 6738 6762 6763
f 6738 6763 6739
f 6739 6763 6764
f 6739 6764 6740
f 6740 6764 6765
f 6740 6765 6741
f 6741 6765 6742
f 6741 6742 6718
f 6742 6766 6767
f 6742 6767 6743
f 6743 6767 6768
f 6743 6768 6744
f 6744 6768 6769
f 6744 6769 6745
f 6745 6769 6770
f 6745 6770 6746
f 6746 6770 6771
f 6746 6771 6747
f 6747 6771 6772
f 6747 6772 6748
f 6748 6772 6773
f 6748 6773 6749
f 6749 6773 6774
f 6749 6774 6750
f 6750 6774 6775
f 6750 6775 6751
f 6751 6775 6776
f 6751 6776 6752
f 6752 6776 6777
f 6752 6777 6753
f 6753 6777 6778
f 6753 6778 6754
f 6754 6778 6779
f 6754 6779 6755
f 6755 6779 6780
f 6755 6780 6756
f 6756 6780 6781
f 6756 6781 6757
f 6757 6781 6782
f 6757 6782 6758
f 6758 6782 6783
f 6758 6783 6759
f 6759 6783 6784
f 6759 6784 6760
f 6760 6784 6785
f 6760 6785 6761
f 6761 6785 6786
f 6761 6786 6762
f 6762 6786 6787
f 6762 6787 6763
f 6763 6787 6788
f 6763 6788 6764
f 6764 6788 6789
f 6764 6789 6765
f 6765 6789 6766
f 6765 6766 6742
f 6766 6790 6791
f 6766 6791 6767
f 6767 6791 6792
f 6767 6792 6768
f 6768 6792 6793
f 6768 6793 6769
f 6769 6793 6794
f 6769 6794 6770
f 6770 6794 6795
f 6770 6795 6771
f 6771 6795 6796
f 6771 6796 6772
f 6772 6796 6797
f 6772 6797 6773
f 6773 6797 6798
f 6773 6798 6774
f 6774 6798 6799
f 6774 6799 6775
f 6775 6799 6800
f 6775 6800 6776
f 6776 6800 6801
f 6776 6801 6777
f 6777 6801 6802
f 6777 6802 6778
f 6778 6802 6803
f 6778 6803 6779
f 6779 6803 6804
f 6779 6804 6780
f 6780 6804 6805
f 6780 6805 6781
f 6781 6805 6806
f 6781 6806 6782
f 6782 6806 6807
f 6782 6807 6783
f 6783 6807 6808
f 6783 6808 6784
f 6784 6808 6809
f 6784 6809 6785
f 6785 6809 6810
f 6785 6810 6786
f 6786 6810 6811
f 6786 6811 6787
f 6787 6811 6812
f 6787 6812 6788
f 6788 6812 6813
f 6788 6813 6789
f 6789 6813 6790
f 6789 6790 6766
f 6790 6814 6815
f 6790 6815 6791
f 6791 6815 6816
f 6791 6816 6792
f 6792 6816 6817
f 6792 6817 6793
f 6793 6817 6818
f 6793 6818 6794
f 6794 6818 6819
f 6794 6819 6795
f 6795 6819 6820
f 6795 6820 6796
f 6796 6820 6821
f 6796 6821 6797
f 6797 6821 6822
f 6797 6822 6798
f 6798 6822 6823
f 6798 6823 6799
f 6799 6823 6824
f 6799 6824 6800
f 6800 6824 6825
f 6800 6825 6801
f 6801 6825 6826
f 6801 6826 6802
f 6802 6826 6827
f 6802 6827 6803
f 6803 6827 6828
f 6803 6828 6804
f 6804 6828 6829
f 6804 6829 6805
f 6805 6829 6830
f 6805 6830 6806
f 6806 6830 6831
f 6806 6831 6807
f 6807 6831 6832
f 6807 6832 6808
f 6808 6832 6833
f 6808 6833 6809
f 6809 6833 6834
f 6809 6834 6810
f 6810 6834 6835
f 6810 6835 6811
f 6811 6835 6836
f 6811 6836 6812
f 6812 6836 6837
f 6812 6837 6813
f 6813 6837 6814
f 6813 6814 6790
f 6814 6838 6839
f 6814 6839 6815
f 6815 6839 6840
f 6815 6840 6816
f 6816 6840 6841
f 6816 6841 6817
f 6817 6841 6842
f 6817 6842 6818
f 6818 6842 6843
f 6818 6843 6819
f 6819 6843 6844
f 6819 6844 6820
f 6820 6844 6845
f 6820 6845 6821
f 6821 6845 6846
f 6821 6846 6822
f 6822 6846 6847
f 6822 6847 6823
f 6823 6847 6848
f 6823 6848 6824
f 6824 6848 6849
f 6824 6849 6825
f 6825 6849 6850
f 6825 6850 6826
f 6826 6850 6851
f 6826 6851 6827
f 6827 6851 6852
f 6827 6852 6828
f 6828 6852 6853
f 6828 6853 6829
f 6829 6853 6854
f 6829 6854 6830
f 6830 6854 6855
f 6830 6855 6831
f 6831 6855 6856
f 6831 6856 6832
f 6832 6856 6857
f 6832 6857 6833
f 6833 6857 6858
f 6833 6858 6834
f 6834 6858 6859
f 6834 6859 6835
f 6835 6859 6860
f 6835 6860 6836
f 6836 6860 6861
f 6836 6861 6837
f 6837 6861 6838
f 6837 6838 6814
f 6838 6862 6863
f 6838 6863 6839
f 6839 6863 6864
f 6839 6864 6840
f 6840 6864 6865
f 6840 6865 6841
f 6841 6865 6866
f 6841 6866 6842
f 6842 6866 6867
f 6842 6867 6843
f 6843 6867 6868
f 6843 6868 6844
f 6844 6868 6869
f 6844 6869 6845
f 6845 6869 6870
f 6845 6870 6846
f 6846 6870 6871
f 6846 6871 6847
f 6847 6871 6872
f 6847 6872 6848
f 6848 6872 6873
f 6848 6873 6849
f 6849 6873 6874
f 6849 6874 6850
f 6850 6874 6875
f 6850 6875 6851
f 6851 6875 6876
f 6851 6876 6852
f 6852 6876 6877
f 6852 6877 6853
f 6853 6877 6878
f 6853 6878 6854
f 6854 6878 6879
f 6854 6879 6855
f 6855 6879 6880
f 6855 6880 6856
f 6856 6880 6881
f 6856 6881 6857
f 6857 6881 6882
f 6857 6882 6858
f 6858 6882 6883
f 6858 6883 6859
f 6859 6883 6884
f 6859 6884 6860
f 6860 6884 6885
f 6860 6885 6861
f 6861 6885 6862
f 6861 6862 6838
f 6862 6886 6887
f 6862 6887 6863
f 6863 6887 6888
f 6863 6888 6864
f 6864 6888 6889
f 6864 6889 6865
f 6865 6889 6890
f 6865 6890 6866
f 6866 6890 6891
f 6866 6891 6867
f 6867 6891 6892
f 6867 6892 6868
f 6868 6892 6893
f 6868 6893 6869
f 6869 6893 6894
f 6869 6894 6870
f 6870 6894 6895
f 6870 6895 6871
f 6871 6895 6896
f 6871 6896 6872
f 6872 6896 6897
f 6872 6897 6873
f 6873 6897 6898
f 6873 6898 6874
f 6874 6898 6899
f 6874 6899 6875
f 6875 6899 6900
f 6875 6900 6876
f 6876 6900 6901
f 6876 6901 6877
f 6877 6901 6902
f 6877 6902 6878
f 6878 6902 6903
f 6878 6903 6879
f 6879 6903 6904
f 6879 6904 6880
f 6880 6904 6905
f 6880 6905 6881
f 6881 6905 6906
f 6881 6906 6882
f 6882 6906 6907
f 6882 6907 6883
f 6883 6907 6908
f 6883 6908 6884
f 6884 6908 6909
f 6884 6909 6885
f 6885 6909 6886
f 6885 6886 6862
f 6886 6910 6911
f 6886 6911 6887
f 6887 6911 6912
f 6887 6912 6888
f 6888 6912 6913
f 6888 6913 6889
f 6889 6913 6914
f 6889 6914 6890
f 6890 6914 6915
f 6890 6915 6891
f 6891 6915 6916
f 6891 6916 6892
f 6892 6916 6917
f 6892 6917 6893
f 6893 6917 6918
f 6893 6918 6894
f 6894 6918 6919
f 6894 6919 6895
f 6895 6919 6920
f 6895 6920 6896
f 6896 6920 6921
f 6896 6921 6897
f 6897 6921 6922
f 6897 6922 6898
f 6898 6922 6923
f 6898 6923 6899
f 6899 6923 6924
f 6899 6924 6900
f 6900 6924 6925
f 6900 6925 6901
f 6901 6925 6926
f 6901 6926 6902
f 6902 6926 6927
f 6902 6927 6903
f 6903 6927 6928
f 6903 6928 6904
f 6904 6928 6929
f 6904 6929 6905
f 6905 6929 6930
f 6905 6930 6906
f 6906 6930 6931
f 6906 6931 6907
f 6907 6931 6932
f 6907 6932 6908
f 6908 6932 6933
f 6908 6933 6909
f 6909 6933 6910
f 6909 6910 6886
f 6910 6934 6935
f 6910 6935 6911
f 6911 6935 6936
f 6911 6936 6912
f 6912 6936 6937
f 6912 6937 6913
f 6913 6937 6938
f 6913 6938 6914
f 6914 6938 6939
f 6914 6939 6915
f 6915 6939 6940
f 6915 6940 6916
f 6916 6940 6941
f 6916 6941 6917
f 6917 6941 6942
f 6917 6942 6918
f 6918 6942 6943
f 6918 6943 6919
f 6919 6943 6944
f 6919 6944 6920
f 6920 6944 6945
f 6920 6945 6921
f 6921 6945 6946
f 6921 6946 6922
f 6922 6946 6947
f 6922 6947 6923
f 6923 6947 6948
f 6923 6948 6924
f 6924 6948 6949
f 6924 6949 6925
f 6925 6949 6950
f 6925 6950 6926
f 6926 6950 6951
f 6926 6951 6927
f 6927 6951 6952
f 6927 6952 6928
f 6928 6952 6953
f 6928 6953 6929
f 6929 6953 6954
f 6929 6954 6930
f 6930 6954 6955
f 6930 6955 6931
f 6931 6955 6956
f 6931 6956 6932
f 6932 6956 6957
f 6932 6957 6933
f 6933 6957 6934
f 6933 6934 6910
f 6934 6958 6959
f 6934 6959 6935
f 6935 6959 6960
f 6935 6960 6936
f 6936 6960 6961
f 6936 6961 6937
f 6937 6961 6962
f 6937 6962 6938
f 6938 6962 6963
f 6938 6963 6939
f 6939 6963 6964
f 6939 6964 6940
f 6940 6964 6965
f 6940 6965 6941
f 6941 6965 6966
f 6941 6966 6942
f 6942 6966 6967
f 6942 6967 6943
f 6943 6967 6968
f 6943 6968 6944
f 6944 6968 6969
f 6944 6969 6945
f 6945 6969 6970
f 6945 6970 6946
f 6946 6970 6971
f 6946 6971 6947
f 6947 6971 6972
f 6947 6972 6948
f 6948 6972 6973
f 6948 6973 6949
f 6949 6973 6974
f 6949 6974 6950
f 6950 6974 6975
f 6950 6975 6951
f 6951 6975 6976
f 6951 6976 6952
f 6952 6976 6977
f 6952 6977 6953
f 6953 6977 6978
f 6953 6978 6954
f 6954 6978 6979
f 6954 6979 6955
f 6955 6979 6980
f 6955 6980 6956
f 6956 6980 6981
f 6956 6981 6957
f 6957 6981 6958
f 6957 6958 6934
f 6958 6982 6983
f 6958 6983 6959
f 6959 6983 6984
f 6959 6984 6960
f 6960 6984 6985
f 6960 6985 6961
f 6961 6985 6986
f 6961 6986 6962
f 6962 6986 6987
f 6962 6987 6963
f 6963 6987 6988
f 6963 6988 6964
f 6964 6988 6989
f 6964 6989 6965
f 6965 6989 6990
f 6965 6990 6966
f 6966 6990 6991
f 6966 6991 6967
f 6967 6991 6992
f 6967 6992 6968
f 6968 6992 6993
f 6968 6993 6969
f 6969 6993 6994
f 6969 6994 6970
f 6970 6994 6995
f 6970 6995 6971
f 6971 6995 6996
f 6971 6996 6972
f 6972 6996 6997
f 6972 6997 6973
f 6973 6997 6998
f 6973 6998 6974
f 6974 6998 6999
f 6974 6999 6975
f 6975 6999 7000
f 6975 7000 6976
f 6976 7000 7001
f 6976 7001 6977
f 6977 7001 7002
f 6977 7002 6978
f 6978 7002 7003
f 6978 7003 6979
f 6979 7003 7004
f 6979 7004 6980
f 6980 7004 7005
f 6980 7005 6981
f 6981 7005 6982
f 6981 6982 6958
f 6982 7006 7007
f 6982 7007 6983
f 6983 7007 7008
f 6983 7008 6984
f 6984 7008 7009
f 6984 7009 6985
f 6985 7009 7010
f 6985 7010 6986
f 6986 7010 7011
f 6986 7011 6987
f 6987 7011 7012
f 6987 7012 6988
f 6988 7012 7013
f 6988 7013 6989
f 6989 7013 7014
f 6989 7014 6990
f 6990 7014 7015
f 6990 7015 6991
f 6991 7015 7016
f 6991 7016 6992
f 6992 7016 7017
f 6992 7017 6993
f 6993 7017 7018
f 6993 7018 6994
f 6994 7018 7019
f 6994 7019 6995
f 6995 7019 7020
f 6995 7020 6996
f 6996 7020 7021
f 6996 7021 6997
f 6997 7021 7022
f 6997 7022 6998
f 6998 7022 7023
f 6998 7023 6999
f 6999 7023 7024
f 6999 7024 7000
f 7000 7024 7025
f 7000 7025 7001
f 7001 7025 7026
f 7001 7026 7002
f 7002 7026 7027
f 7002 7027 7003
f 7003 7027 7028
f 7003 7028 7004
f 7004 7028 7029
f 7004 7029 7005
f 7005 7029 7006
f 7005 7006 6982
f 7006 7030 7031
f 7006 7031 7007
f 7007 7031 7032
f 7007 7032 7008
f 7008 7032 7033
f 7008 7033 7009
f 7009 7033 7034
f 7009 7034 7010
f 7010 7034 7035
f 7010 7035 7011
f 7011 7035 7036
f 7011 7036 7012
f 7012 7036 7037
f 7012 7037 7013
f 7013 7037 7038
f 7013 7038 7014
f 7014 7038 7039
f 7014 7039 7015
f 7015 7039 7040
f 7015 7040 7016
f 7016 7040 7041
f 7016 7041 7017
f 7017 7041 7042
f 7017 7042 7018
f 7018 7042 7043
f 7018 7043 7019
f 7019 7043 7044
f 7019 7044 7020
f 7020 7044 7045
f 7020 7045 7021
f 7021 7045 7046
f 7021 7046 7022
f 7022 7046 7047
f 7022 7047 7023
f 7023 7047 7048
f 7023 7048 7024
f 7024 7048 7049
f 7024 7049 7025
f 7025 7049 7050
f 7025 7050 7026
f 7026 7050 7051
f 7026 7051 7027
f 7027 7051 7052
f 7027 7052 7028
f 7028 7052 7053
f 7028 7053 7029
f 7029 7053 7030
f 7029 7030 7006
f 7030 7054 7055
f 7030 7055 7031
f 7031 7055 7056
f 7031 7056 7032
f 7032 7056 7057
f 7032 7057 7033
f 7033 7057 7058
f 7033 7058 7034
f 7034 7058 7059
f 7034 7059 7035
f 7035 7059 7060
f 7035 7060 7036
f 7036 7060 7061
f 7036 7061 7037
f 7037 7061 7062
f 7037 7062 7038
f 7038 7062 7063
f 7038 7063 7039
f 7039 7063 7064
f 7039 7064 7040
f 7040 7064 7065
f 7040 7065 7041
f 7041 7065 7066
f 7041 7066 7042
f 7042 7066 7067
f 7042 7067 7043
f 7043 7067 7068
f 7043 7068 7044
f 7044 7068 7069
f 7044 7069 7045
f 7045 7069 7070
f 7045 7070 7046
f 7046 7070 7071
f 7046 7071 7047
f 7047 7071 7072
f 7047 7072 7048
f 7048 7072 7073
f 7048 7073 7049
f 7049 7073 7074
f 7049 7074 7050
f 7050 7074 7075
f 7050 7075 7051
f 7051 7075 7076
f 7051 7076 7052
f 7052 7076 7077
f 7052 7077 7053
f 7053 7077 7054
f 7053 7054 7030
f 7054 7078 7079
f 7054 7079 7055
f 7055 7079 7080
f 7055 7080 7056
f 7056 7080 7081
f 7056 7081 7057
f 7057 7081 7082
f 7057 7082 7058
f 7058 7082 7083
f 7058 7083 7059
f 7059 7083 7084
f 7059 7084 7060
f 7060 7084 7085
f 7060 7085 7061
f 7061 7085 7086
f 7061 7086 7062
f 7062 7086 7087
f 7062 7087 7063
f 7063 7087 7088
f 7063 7088 7064
f 7064 7088 7089
f 7064 7089 7065
f 7065 7089 7090
f 7065 7090 7066
f 7066 7090 7091
f 7066 7091 7067
f 7067 7091 7092
f 7067 7092 7068
f 7068 7092 7093
f 7068 7093 7069
f 7069 7093 7094
f 7069 7094 7070
f 7070 7094 7095
f 7070 7095 7071
f 7071 7095 7096
f 7071 7096 7072
f 7072 7096 7097
f 7072 7097 7073
f 7073 7097 7098
f 7073 7098 7074
f 7074 7098 7099
f 7074 7099 7075
f 7075 7099 7100
f 7075 7100 7076
f 7076 7100 7101
f 7076 7101 7077
f 7077 7101 7078
f 7077 7078 7054
f 7078 7102 7103
f 7078 7103 7079
f 7079 7103 7104
f 7079 7104 7080
f 7080 7104 7105
f 7080 7105 7081
f 7081 7105 7106
f 7081 7106 7082
f 7082 7106 7107
f 7082 7107 7083
f 7083 7107 7108
f 7083 7108 7084
f 7084 7108 7109
f 7084 7109 7085
f 7085 7109 7110
f 7085 7110 7086
f 7086 7110 7111
f 7086 7111 7087
f 7087 7111 7112
f 7087 7112 7088
f 7088 7112 7113
f 7088 7113 7089
f 7089 7113 7114
f 7089 7114 7090
f 7090 7114 7115
f 7090 7115 7091
f 7091 7115 7116
f 7091 7116 7092
f 7092 7116 7117
f 7092 7117 7093
f 7093 7117 7118
f 7093 7118 7094
f 7094 7118 7119
f 7094 7119 7095
f 7095 7119 7120
f 7095 7120 7096
f 7096 7120 7121
f 7096 7121 7097
f 7097 7121 7122
f 7097 7122 7098
f 7098 7122 7123
f 7098 7123 7099
f 7099 7123 7124
f 7099 7124 7100
f 7100 7124 7125
f 7100 7125 7101
f 7101 7125 7102
f 7101 7102 7078
f 7102 7126 7127
f 7102 7127 7103
f 7103 7127 7128
f 7103 7128 7104
f 7104 7128 7129
f 7104 7129 7105
f 7105 7129 7130
f 7105 7130 7106
f 7106 7130 7131
f 7106 7131 7107
f 7107 7131 7132
f 7107 7132 7108
f 7108 7132 7133
f 7108 7133 7109
f 7109 7133 7134
f 7109 7134 7110
f 7110 7134 7135
f 7110 7135 7111
f 7111 7135 7136
f 7111 7136 7112
f 7112 7136 7137
f 7112 7137 7113
f 7113 7137 7138
f 7113 7138 7114
f 7114 7138 7139
f 7114 7139 7115
f 7115 7139 7140
f 7115 7140 7116
f 7116 7140 7141
f 7116 7141 7117
f 7117 7141 7142
f 7117 7142 7118
f 7118 7142 7143
f 7118 7143 7119
f 7119 7143 7144
f 7119 7144 7120
f 7120 7144 7145
f 7120 7145 7121
f 7121 7145 7146
f 7121 7146 7122
f 7122 7146 7147
f 7122 7147 7123
f 7123 7147 7148
f 7123 7148 7124
f 7124 7148 7149
f 7124 7149 7125
f 7125 7149 7126
f 7125 7126 7102
f 7126 7150 7151
f 7126 7151 7127
f 7127 7151 7152
f 7127 7152 7128
f 7128 7152 7153
f 7128 7153 7129
f 7129 7153 7154
f 7129 7154 7130
f 7130 7154 7155
f 7130 7155 7131
f 7131 7155 7156
f 7131 7156 7132
f 7132 7156 7157
f 7132 7157 7133
f 7133 7157 7158
f 7133 7158 7134
f 7134 7158 7159
f 7134 7159 7135
f 7135 7159 7160
f 7135 7160 7136
f 7136 7160 7161
f 7136 7161 7137
f 7137 7161 7162
f 7137 7162 7138
f 7138 7162 7163
f 7138 7163 7139
f 7139 7163 7164
f 7139 7164 7140
f 7140 7164 7165
f 7140 7165 7141
f 7141 7165 7166
f 7141 7166 7142
f 7142 7166 7167
f 7142 7167 7143
f 7143 7167 7168
f 7143 7168 7144
f 7144 7168 7169
f 7144 7169 7145
f 7145 7169 7170
f 7145 7170 7146
f 7146 7170 7171
f 7146 7171 7147
f 7147 7171 7172
f 7147 7172 7148
f 7148 7172 7173
f 7148 7173 7149
f 7149 7173 7150
f 7149 7150 7126
f 7150 7174 7175
f 7150 7175 7151
f 7151 7175 7176
f 7151 7176 7152
f 7152 7176 7177
f 7152 7177 7153
f 7153 7177 7178
f 7153 7178 7154
f 7154 7178 7179
f 7154 7179 7155
f 7155 7179 7180
f 7155 7180 7156
f 7156 7180 7181
f 7156 7181 7157
f 7157 7181 7182
f 7157 7182 7158
f 7158 7182 7183
f 7158 7183 7159
f 7159 7183 7184
f 7159 7184 7160
f 7160 7184 7185
f 7160 7185 7161
f 7161 7185 7186
f 7161 7186 7162
f 7162 7186 7187
f 7162 7187 7163
f 7163 7187 7188
f 7163 7188 7164
f 7164 7188 7189
f 7164 7189 7165
f 7165 7189 7190
f 7165 7190 7166
f 7166 7190 7191
f 7166 7191 7167
f 7167 7191 7192
f 7167 7192 7168
f 7168 7192 7193
f 7168 7193 7169
f 7169 7193 7194
f 7169 7194 7170
f 7170 7194 7195
f 7170 7195 7171
f 7171 7195 7196
f 7171 7196 7172
f 7172 7196 7197
f 7172 7197 7173
f 7173 7197 7174
f 7173 7174 7150
